img_name,pose_name,class,nose_x,nose_y,left_eye_x,left_eye_y,right_eye_x,right_eye_y,left_shoulder_x,left_shoulder_y,right_shoulder_x,right_shoulder_y,left_elbow_x,left_elbow_y,right_elbow_x,right_elbow_y,left_wrist_x,left_wrist_y,right_wrist_x,right_wrist_y,left_index_x,left_index_y,right_index_x,right_index_y,left_thumb_x,left_thumb_y,right_thumb_x,right_thumb_y,left_hip_x,left_hip_y,right_hip_x,right_hip_y,left_knee_x,left_knee_y,right_knee_x,right_knee_y,left_ankle_x,left_ankle_y,right_ankle_x,right_ankle_y,left_heel_x,left_heel_y,right_heel_x,right_heel_y,left_foot_index_x,left_foot_index_y,right_foot_index_x,right_foot_index_y
Bound_Angle_Pose (10),Bound_Angle,0,0.575,0.21314741035856574,0.5847222222222223,0.16733067729083664,0.6027777777777777,0.1752988047808765,0.6902777777777778,0.39243027888446214,0.6208333333333333,0.34860557768924305,0.6722222222222223,0.6274900398406374,0.6083333333333333,0.6115537848605578,0.5565952062606812,0.7549357414245605,0.47412121295928955,0.7709226012229919,0.5280507802963257,0.8101044297218323,0.49943310022354126,0.8109908699989319,0.5412904024124146,0.812211275100708,0.48462891578674316,0.8191542625427246,0.7,0.7350597609561753,0.6722222222222223,0.7171314741035857,0.7271472215652466,0.6320188045501709,0.5847222222222223,0.6792828685258964,0.555587112903595,0.7673842310905457,0.4624135494232178,0.7754146456718445,0.5314288139343262,0.7692150473594666,0.4812604486942291,0.7773069143295288,0.5282254219055176,0.8238530158996582,0.5002753734588623,0.8372792601585388
Bound_Angle_Pose (114),Bound_Angle,0,0.5209886431694031,0.3476674556732178,0.5151621103286743,0.2843710780143738,0.5375146269798279,0.2900103032588959,0.43304604291915894,0.2966175675392151,0.6030312776565552,0.35346055030822754,0.3333333333333333,0.59375,0.68144291639328,0.6082066297531128,0.29444444444444445,0.7725694444444444,0.7625,0.7395833333333334,0.2722222222222222,0.8559027777777778,0.7736111111111111,0.8263888888888888,0.20555555555555555,0.7847222222222222,0.8361111111111111,0.7638888888888888,0.4388888888888889,0.5555555555555556,0.5694444444444444,0.5295138888888888,0.19583333333333333,0.484375,0.7944444444444444,0.4722222222222222,0.42916666666666664,0.7447916666666666,0.6263888888888889,0.7065972222222222,0.5083333333333333,0.7222222222222222,0.5694444444444444,0.7135416666666666,0.5263888888888889,0.7795138888888888,0.5611111111111111,0.7777777777777778
Bound_Angle_Pose (116),Bound_Angle,0,0.5781198143959045,0.7956808805465698,0.5936167240142822,0.803112268447876,0.569459855556488,0.7915118336677551,0.6749798655509949,0.7545397281646729,0.5064014792442322,0.7268624901771545,0.6821830868721008,0.7510273456573486,0.39861111111111114,0.5104166666666666,0.6144742369651794,0.8376763463020325,0.600387454032898,0.676153838634491,0.5887491106987,0.8608831167221069,0.6309046745300293,0.6728830337524414,0.6080010533332825,0.8658390045166016,0.608238697052002,0.6876811981201172,0.6166666666666667,0.5208333333333334,0.49027777777777776,0.525,0.9125,0.5979166666666667,0.23472222222222222,0.6375,0.6611111111111111,0.7291666666666666,0.5055555555555555,0.7104166666666667,0.5361111111111111,0.6916666666666667,0.525,0.71875,0.6138888888888889,0.73125,0.5611111111111111,0.7333333333333333
Bound_Angle_Pose (118),Bound_Angle,0,0.5282559990882874,0.3284933865070343,0.5322575569152832,0.30941686034202576,0.5032775402069092,0.3075198829174042,0.5286054611206055,0.4269450306892395,0.33089742064476013,0.43232443928718567,0.601871907711029,0.5901487469673157,0.4443928003311157,0.6112154722213745,0.7634615898132324,0.6916351914405823,0.667938232421875,0.705775797367096,0.8220140933990479,0.7102166414260864,0.7933194154488518,0.7513888888888889,0.837160751565762,0.6888888888888889,0.7215385437011719,0.7331721186637878,0.4968684759916493,0.6458333333333334,0.4112734864300626,0.6652777777777777,0.7640918580375783,0.5847222222222223,0.3444676409185804,0.7291666666666666,0.6784968684759917,0.7138888888888889,0.6221294363256785,0.7694444444444445,0.7745302713987474,0.7430555555555556,0.6576200417536534,0.7597222222222222,0.4769420027732849,0.7474076747894287,0.6924751400947571,0.6979497671127319
Bound_Angle_Pose (123),Bound_Angle,0,0.45551571249961853,0.31469106674194336,0.48875313997268677,0.260370135307312,0.41898873448371887,0.26324784755706787,0.6403777003288269,0.3972115218639374,0.315206915140152,0.42340800166130066,0.7971051931381226,0.763694167137146,0.14027777777777778,0.7799607072691552,0.5777777777777777,0.8369351669941061,0.3416666666666667,0.8683693516699411,0.48055555555555557,0.925343811394892,0.43194444444444446,0.8801571709233792,0.5152777777777777,0.8271119842829077,0.41805555555555557,0.8290766208251473,0.6035155057907104,0.71979820728302,0.4064890146255493,0.7312518954277039,0.9429989457130432,0.7135072350502014,0.04394051432609558,0.7185825109481812,0.5916666666666667,0.9076620825147348,0.3766098618507385,0.9001899361610413,0.5444444444444444,0.8742632612966601,0.4178852140903473,0.8813269138336182,0.5053392052650452,0.9615651369094849,0.4388888888888889,0.931237721021611
Bound_Angle_Pose (129),Bound_Angle,0,0.6669224500656128,0.482767254114151,0.6917421817779541,0.44920602440834045,0.6408573985099792,0.4407298266887665,0.7486532330513,0.5723881721496582,0.5263888888888889,0.58125,0.7402777777777778,0.6645833333333333,0.4722222222222222,0.6270833333333333,0.6769418716430664,0.8654865026473999,0.5267616510391235,0.8322316408157349,0.6453205943107605,0.8812658786773682,0.5537233352661133,0.8694995045661926,0.6720966100692749,0.9098525047302246,0.5350167155265808,0.8876398205757141,0.6801617741584778,0.7459989786148071,0.5565459132194519,0.7370429635047913,0.9055555555555556,0.7166666666666667,0.28194444444444444,0.79375,0.6643580794334412,0.8427644968032837,0.5318111777305603,0.8725731372833252,0.6298121213912964,0.8350428342819214,0.5630155205726624,0.8645193576812744,0.6264104247093201,0.8842645287513733,0.5691301822662354,0.9096792936325073
Bound_Angle_Pose (131),Bound_Angle,0,0.542477548122406,0.24042531847953796,0.5572608709335327,0.20980742573738098,0.5303252339363098,0.2135690450668335,0.68233722448349,0.32563385367393494,0.5180556774139404,0.3315872550010681,0.682085394859314,0.5630811452865601,0.47519224882125854,0.5231279134750366,0.5704184770584106,0.701903760433197,0.4845963418483734,0.6889989376068115,0.5286343097686768,0.7129327058792114,0.5015125274658203,0.7229050993919373,0.5406545400619507,0.7368872165679932,0.48864322900772095,0.7374996542930603,0.6651249527931213,0.6194824576377869,0.5600187182426453,0.6123197078704834,0.8277906775474548,0.7135348320007324,0.36453402042388916,0.6180302500724792,0.5894963145256042,0.7359009981155396,0.5657778382301331,0.7191078662872314,0.5787615180015564,0.7132039070129395,0.5969366431236267,0.6965760588645935,0.5022555589675903,0.7701756954193115,0.6215283274650574,0.7452532649040222
Bound_Angle_Pose (133),Bound_Angle,0,0.5034893751144409,0.2389494776725769,0.5158058404922485,0.21013414859771729,0.4864766001701355,0.21331584453582764,0.5751122832298279,0.40563157200813293,0.4233415424823761,0.41386207938194275,0.585206925868988,0.6365388631820679,0.4183301627635956,0.6466761827468872,0.5541666666666667,0.775,0.45,0.775,0.5236111111111111,0.8583333333333333,0.48194444444444445,0.8694444444444445,0.5152777777777777,0.7888888888888889,0.4847222222222222,0.7861111111111111,0.5431450605392456,0.7274134159088135,0.46010345220565796,0.7341845035552979,0.6724220514297485,0.6314491033554077,0.32987791299819946,0.6419340968132019,0.5430555555555555,0.8138888888888889,0.4625,0.8305555555555556,0.5097222222222222,0.8055555555555556,0.49166666666666664,0.8055555555555556,0.5055555555555555,0.8527777777777777,0.49583333333333335,0.8583333333333333
Bound_Angle_Pose (135),Bound_Angle,0,0.5,0.6583333333333333,0.5242718446601942,0.6430555555555556,0.47572815533980584,0.6402777777777777,0.6158667206764221,0.6103795170783997,0.38185036182403564,0.6162720322608948,0.7206734418869019,0.7095537185668945,0.26814955472946167,0.7180509567260742,0.8303744792938232,0.7990822792053223,0.15195855498313904,0.8056612014770508,0.8964401294498382,0.8111111111111111,0.04692556634304207,0.825,0.86084142394822,0.8208333333333333,0.11356490850448608,0.814102292060852,0.5473268628120422,0.7252064943313599,0.41844648122787476,0.7262557148933411,0.7051959037780762,0.7889459133148193,0.2673088014125824,0.7632049322128296,0.46763754045307443,0.8041666666666667,0.5235875844955444,0.7701672315597534,0.43851132686084143,0.7861111111111111,0.5355987055016181,0.7388888888888889,0.3365695792880259,0.8180555555555555,0.6317451000213623,0.7708503603935242
Bound_Angle_Pose (142),Bound_Angle,0,0.5019442439079285,0.24211478233337402,0.5272403359413147,0.21036791801452637,0.4769050180912018,0.20987331867218018,0.5981934666633606,0.43788963556289673,0.3806195557117462,0.4282495677471161,0.5768705606460571,0.6845294237136841,0.4065527319908142,0.6868301033973694,0.5625,0.8808193668528864,0.43472222222222223,0.8677839851024208,0.5097222222222222,0.9702048417132216,0.48194444444444445,0.9664804469273743,0.5363837480545044,0.9342527389526367,0.4544345736503601,0.9293683767318726,0.5425496697425842,0.8017926216125488,0.41574177145957947,0.804062008857727,0.7707797288894653,0.7511271834373474,0.2056121826171875,0.7475676536560059,0.5708333333333333,0.9162011173184358,0.4316278398036957,0.9298108816146851,0.5218285918235779,0.9093813300132751,0.45685577392578125,0.9251101016998291,0.5097222222222222,0.9180633147113594,0.49047788977622986,0.9314855933189392
Bound_Angle_Pose (152),Bound_Angle,0,0.3956145942211151,0.423604279756546,0.40485963225364685,0.4060502350330353,0.3829358220100403,0.4055217206478119,0.45111268758773804,0.5591161847114563,0.33232611417770386,0.5684364438056946,0.45181453227996826,0.7346794605255127,0.3389110267162323,0.7399290204048157,0.4305555555555556,0.8716049382716049,0.3627103865146637,0.880608320236206,0.40555555555555556,0.9407407407407408,0.38472222222222224,0.9382716049382716,0.4083333333333333,0.8839506172839506,0.38472222222222224,0.8814814814814815,0.4304540455341339,0.8385116457939148,0.35638582706451416,0.8423999547958374,0.5613521337509155,0.8364671468734741,0.2307758331298828,0.8339024782180786,0.42916666666666664,0.9135802469135802,0.35833333333333334,0.9111111111111111,0.4027777777777778,0.8814814814814815,0.3888888888888889,0.891358024691358,0.39444444444444443,0.9111111111111111,0.4013888888888889,0.9111111111111111
Bound_Angle_Pose (156),Bound_Angle,0,0.5247659087181091,0.2379172444343567,0.5414955019950867,0.2081996202468872,0.505394458770752,0.2068784236907959,0.6025176048278809,0.4012666940689087,0.43979117274284363,0.4026855528354645,0.5784775614738464,0.6203338503837585,0.47069287300109863,0.6286057233810425,0.5623992681503296,0.8179094195365906,0.5022508502006531,0.8208746314048767,0.5453826785087585,0.8737549781799316,0.5216348171234131,0.8733843564987183,0.5593031048774719,0.8745694160461426,0.5263888888888889,0.8687782805429864,0.5672703385353088,0.7190296053886414,0.47727730870246887,0.7253345847129822,0.7348308563232422,0.6610205173492432,0.2965505123138428,0.7004314064979553,0.5736214518547058,0.8700894117355347,0.47927433252334595,0.8588074445724487,0.55,0.8755656108597285,0.49816176295280457,0.8516150712966919,0.5486111111111112,0.9592760180995475,0.5277777777777778,0.9547511312217195
Bound_Angle_Pose (157),Bound_Angle,0,0.4950305223464966,0.48176687955856323,0.5144485831260681,0.46037909388542175,0.47768327593803406,0.4567860960960388,0.5728403329849243,0.595344066619873,0.4115796983242035,0.5900687575340271,0.5650475025177002,0.7635733485221863,0.4160517752170563,0.7586994171142578,0.5406316518783569,0.9110232591629028,0.44732964038848877,0.9019759893417358,0.5109822154045105,0.9380218386650085,0.4861111111111111,0.9387755102040817,0.5276104807853699,0.9501814842224121,0.4875,0.9332096474953617,0.5451453328132629,0.8465371131896973,0.450368195772171,0.8542304635047913,0.7156106233596802,0.8842998743057251,0.2638888888888889,0.8812615955473099,0.5472222222222223,0.9424860853432282,0.4444444444444444,0.9554730983302412,0.5228202939033508,0.9399350881576538,0.4861111111111111,0.9406307977736549,0.5103639364242554,0.9600595831871033,0.5113120675086975,0.971718430519104
Bound_Angle_Pose (159),Bound_Angle,0,0.4717322289943695,0.2191573977470398,0.4952522814273834,0.18327081203460693,0.4416186213493347,0.19367757439613342,0.6027184724807739,0.3558702766895294,0.36944580078125,0.3793783485889435,0.5826311111450195,0.6094564199447632,0.39328473806381226,0.6207971572875977,0.5380271077156067,0.8383235931396484,0.4035950005054474,0.8505367040634155,0.4979846477508545,0.8955427408218384,0.45416666666666666,0.9632867132867133,0.4888888888888889,0.8758741258741258,0.4169021546840668,0.914448618888855,0.5707439184188843,0.6489643454551697,0.44903871417045593,0.6636846661567688,0.7761925458908081,0.6286665797233582,0.23463225364685059,0.640785813331604,0.5795544385910034,0.8529905080795288,0.3972222222222222,0.8811188811188811,0.5041666666666667,0.8758741258741258,0.4584372341632843,0.8896004557609558,0.4777777777777778,0.9178321678321678,0.46111111111111114,0.9143356643356644
Bound_Angle_Pose (16),Bound_Angle,0,0.5,0.3203125,0.525,0.298828125,0.4791666666666667,0.296875,0.6333304047584534,0.46052876114845276,0.4065989851951599,0.4612514078617096,0.6194444444444445,0.634765625,0.4111649990081787,0.6446187496185303,0.5763888888888888,0.78125,0.4638888888888889,0.791015625,0.5417723059654236,0.8562681674957275,0.47921615839004517,0.8557993769645691,0.5486111111111112,0.810546875,0.4875,0.82421875,0.5874136686325073,0.7574425339698792,0.4560736119747162,0.7652957439422607,0.7875,0.755859375,0.23472222222222222,0.744140625,0.6043546199798584,0.8647823929786682,0.44583333333333336,0.853515625,0.571584165096283,0.8490707874298096,0.46318817138671875,0.8493528962135315,0.5441556572914124,0.8810095191001892,0.5039266347885132,0.8883461952209473
Bound_Angle_Pose (162),Bound_Angle,0,0.5358902215957642,0.1811199188232422,0.5700269937515259,0.14523881673812866,0.4973594844341278,0.14652210474014282,0.7167482376098633,0.35639694333076477,0.3834049105644226,0.37153682112693787,0.7156219482421875,0.6193403005599976,0.3724732995033264,0.6407065391540527,0.7339532971382141,0.8654378652572632,0.3377850353717804,0.8757429718971252,0.7468706536856745,0.9304589707927677,0.3045897079276773,0.9318497913769124,0.6564673157162726,0.913769123783032,0.39777468706536856,0.9221140472878998,0.645208477973938,0.7080079317092896,0.45591938495635986,0.7030148506164551,0.9584152698516846,0.6744602918624878,0.10677078366279602,0.6640826463699341,0.4575799721835883,0.7899860917941586,0.6383866481223922,0.7872044506258693,0.5062586926286509,0.7844228094575799,0.5716272600834492,0.7705146036161336,0.381030797958374,0.8399520516395569,0.5966620305980529,0.8191933240611962
Bound_Angle_Pose (167),Bound_Angle,0,0.5475229024887085,0.5820938348770142,0.5605921149253845,0.562959611415863,0.5355129837989807,0.5667628645896912,0.6068887114524841,0.4905409812927246,0.4839429557323456,0.4894922375679016,0.6465893983840942,0.6165316104888916,0.4434502124786377,0.6040107011795044,0.6069444444444444,0.7089397089397089,0.49722222222222223,0.7068607068607069,0.5758795142173767,0.7268316745758057,0.5138888888888888,0.7318087318087318,0.590032696723938,0.7424195408821106,0.5333333333333333,0.7130977130977131,0.5875,0.6528066528066528,0.5125,0.6694386694386695,0.7375,0.6611226611226612,0.3541666666666667,0.6257796257796258,0.6027777777777777,0.7505197505197505,0.475,0.7463617463617463,0.5527777777777778,0.7338877338877339,0.5347222222222222,0.7442827442827443,0.5666666666666667,0.735966735966736,0.5472222222222223,0.7484407484407485
Bound_Angle_Pose (170),Bound_Angle,0,0.6119409203529358,0.2990313768386841,0.6353216171264648,0.2529405951499939,0.5826197266578674,0.24818599224090576,0.6517367362976074,0.44340962171554565,0.41187623143196106,0.40197625756263733,0.7548692226409912,0.7059624791145325,0.30162113904953003,0.6988707184791565,0.6652777777777777,0.7886792452830189,0.4375,0.8169811320754717,0.5986111111111111,0.809433962264151,0.527177631855011,0.7931645512580872,0.593695878982544,0.8492298722267151,0.5291666666666667,0.7735849056603774,0.5325512290000916,0.7092647552490234,0.38843244314193726,0.6999717354774475,0.7805555555555556,0.6566037735849056,0.16033318638801575,0.6687098741531372,0.4930555555555556,0.7943396226415095,0.44799119234085083,0.7981082797050476,0.46528422832489014,0.7975461483001709,0.4861111111111111,0.779245283018868,0.43333333333333335,0.8264150943396227,0.5380759835243225,0.858221173286438
Bound_Angle_Pose (172),Bound_Angle,0,0.4846350848674774,0.16600191593170166,0.5205785632133484,0.14474767446517944,0.47921469807624817,0.1373336911201477,0.6104199290275574,0.38411301374435425,0.4322720766067505,0.3615109622478485,0.5713883638381958,0.6433448791503906,0.38894402980804443,0.6022089123725891,0.4580991566181183,0.839537501335144,0.3579957187175751,0.79127037525177,0.4033654034137726,0.8641744256019592,0.36303022503852844,0.8517118692398071,0.3963838664812239,0.8813229571984436,0.3574408901251738,0.8696498054474708,0.5702415108680725,0.7552468776702881,0.4558916687965393,0.7334024310112,0.7498679161071777,0.7816736102104187,0.24159744381904602,0.6477060914039612,0.49872341752052307,0.8819448947906494,0.41744017601013184,0.8456836938858032,0.4781476557254791,0.8698304891586304,0.46870653685674546,0.8501945525291829,0.39711570739746094,0.8725153207778931,0.39968496561050415,0.8662309646606445
Bound_Angle_Pose (174),Bound_Angle,0,0.5406233072280884,0.3797495365142822,0.5658199191093445,0.3635929524898529,0.5222241282463074,0.3585866093635559,0.6321908831596375,0.502221941947937,0.45366454124450684,0.4918826222419739,0.6399695873260498,0.6358810067176819,0.43562084436416626,0.6340814232826233,0.5992848873138428,0.7335383892059326,0.47221818566322327,0.7220386862754822,0.5649681091308594,0.7540309429168701,0.5041666666666667,0.7611111111111111,0.5458333333333333,0.7347222222222223,0.5013888888888889,0.7222222222222222,0.5915452241897583,0.712786078453064,0.4797089695930481,0.7094957232475281,0.778721034526825,0.7043389081954956,0.29082584381103516,0.6957232356071472,0.5837255716323853,0.7654135227203369,0.4919540286064148,0.7722259163856506,0.5592767596244812,0.7659329175949097,0.5152931213378906,0.7712814807891846,0.5429356694221497,0.7744554877281189,0.5345263481140137,0.7741809487342834
Bound_Angle_Pose (2),Bound_Angle,0,0.5930555555555556,0.33958333333333335,0.6,0.3125,0.5708333333333333,0.3104166666666667,0.5986111111111111,0.47708333333333336,0.5027777777777778,0.48333333333333334,0.6361111111111111,0.6291666666666667,0.5680555555555555,0.66875,0.6902777777777778,0.74375,0.6625,0.7854166666666667,0.6911562085151672,0.8290066719055176,0.7444444444444445,0.8416666666666667,0.7049962878227234,0.8356043696403503,0.7041666666666667,0.8145833333333333,0.55,0.6854166666666667,0.49583333333333335,0.69375,0.6986111111111111,0.6520833333333333,0.48567312955856323,0.7142882347106934,0.7027818560600281,0.8319527506828308,0.6319444444444444,0.8291666666666667,0.6862430572509766,0.8327710032463074,0.6625,0.8208333333333333,0.6684838533401489,0.8355919718742371,0.7555555555555555,0.84375
Bound_Angle_Pose (34),Bound_Angle,0,0.8423520922660828,0.6911705732345581,0.8493468761444092,0.6704137325286865,0.8428695797920227,0.6692029237747192,0.7485966086387634,0.687654972076416,0.6686000823974609,0.7107908725738525,0.7164531946182251,0.8098243474960327,0.6286080479621887,0.872225821018219,0.783143162727356,0.8996898531913757,0.7607324719429016,0.9427847266197205,0.8174720406532288,0.9095577001571655,0.8034632205963135,0.9386138916015625,0.8113256096839905,0.9154031872749329,0.7942126989364624,0.9570078253746033,0.6126070022583008,0.8281012177467346,0.5339124202728271,0.8467976450920105,0.7388888888888889,0.7722222222222223,0.5052308440208435,0.8655892014503479,0.7430555555555556,0.9097222222222222,0.7130867838859558,0.9277098178863525,0.6982990503311157,0.9291673898696899,0.7228301167488098,0.9583042860031128,0.7752163410186768,0.882455050945282,0.8347080945968628,0.9044103026390076
Bound_Angle_Pose (36),Bound_Angle,0,0.4425925925925926,0.1625,0.4648148148148148,0.12222222222222222,0.45,0.13055555555555556,0.6560413837432861,0.3597645163536072,0.5455530285835266,0.3447059392929077,0.6657571792602539,0.642245352268219,0.5308889150619507,0.5792121887207031,0.4203703703703704,0.7791666666666667,0.403291791677475,0.702483057975769,0.3591437041759491,0.8057391047477722,0.32407407407407407,0.7763888888888889,0.37222222222222223,0.8013888888888889,0.3962962962962963,0.7444444444444445,0.6444444444444445,0.7513888888888889,0.6037037037037037,0.7013888888888888,0.45959144830703735,0.942762017250061,0.42592592592592593,0.6236111111111111,0.3537037037037037,0.8472222222222222,0.37777777777777777,0.7541666666666667,0.3537037037037037,0.7958333333333333,0.34629629629629627,0.8319444444444445,0.17037037037037037,0.8291666666666667,0.3062828779220581,0.8023150563240051
Bound_Angle_Pose (37),Bound_Angle,0,0.391568660736084,0.3609282076358795,0.3914845287799835,0.34255218505859375,0.3775882124900818,0.3408504128456116,0.38822492957115173,0.4643101096153259,0.2703390419483185,0.4691545367240906,0.400798499584198,0.6204112768173218,0.31418001651763916,0.6394864916801453,0.4388187527656555,0.7428812980651855,0.3819444444444444,0.7657342657342657,0.44767165184020996,0.7745518684387207,0.40674254298210144,0.7824264764785767,0.4493352174758911,0.7759619355201721,0.3928418755531311,0.793039858341217,0.3610219657421112,0.7241008281707764,0.2776950001716614,0.7264504432678223,0.5332945585250854,0.7249141931533813,0.2182214856147766,0.7460033893585205,0.39225926995277405,0.7880993485450745,0.35833333333333334,0.7902097902097902,0.3958333333333333,0.7797202797202797,0.4041666666666667,0.7797202797202797,0.42777777777777776,0.7762237762237763,0.4515174627304077,0.7771488428115845
Bound_Angle_Pose (4),Bound_Angle,0,0.6876355748373102,0.4125,0.7093275488069414,0.38472222222222224,0.6702819956616052,0.3861111111111111,0.6552330255508423,0.4702509641647339,0.403470715835141,0.48055555555555557,0.5336225596529284,0.7055555555555556,0.3297180043383948,0.7013888888888888,0.6365005970001221,0.7865949869155884,0.5140997830802603,0.8208333333333333,0.6963123644251626,0.8152777777777778,0.6268980477223427,0.8180555555555555,0.6323370337486267,0.8489815592765808,0.6507592190889371,0.8083333333333333,0.44685466377440347,0.7444444444444445,0.38611713665943603,0.7486111111111111,0.6225596529284165,0.7055555555555556,0.29519009590148926,0.772187352180481,0.5287593007087708,0.7800504565238953,0.4685466377440347,0.8444444444444444,0.5813449023861171,0.8166666666666667,0.5294869542121887,0.7879670262336731,0.6854663774403471,0.8333333333333334,0.5853235125541687,0.8680415153503418
Bound_Angle_Pose (43),Bound_Angle,0,0.6086441278457642,0.360939621925354,0.6203722953796387,0.34183594584465027,0.6064084768295288,0.34172287583351135,0.7217368483543396,0.4648411273956299,0.6099557280540466,0.46039777994155884,0.6824902296066284,0.6406853199005127,0.5946452617645264,0.625592827796936,0.6130026578903198,0.7683852910995483,0.5606549382209778,0.7452160716056824,0.5824145078659058,0.7839868068695068,0.5567185878753662,0.7731584310531616,0.5950208902359009,0.7922478914260864,0.5505314469337463,0.7751144170761108,0.7144918441772461,0.7164309620857239,0.6320255398750305,0.7145124077796936,0.7857094407081604,0.7399143576622009,0.46111111111111114,0.7202797202797203,0.6527777777777778,0.7884615384615384,0.5430555555555555,0.7727272727272727,0.6138888888888889,0.7709790209790209,0.6259931921958923,0.7714598178863525,0.5626651644706726,0.7821389436721802,0.5541666666666667,0.7884615384615384
Bound_Angle_Pose (49),Bound_Angle,0,0.5018211007118225,0.37846851348876953,0.517859160900116,0.3620941936969757,0.48859116435050964,0.3629836142063141,0.572156548500061,0.48897647857666016,0.43658268451690674,0.47877103090286255,0.5665114521980286,0.6326303482055664,0.4319252669811249,0.6246898770332336,0.5374765396118164,0.7479972243309021,0.46341168880462646,0.7415793538093567,0.5220019221305847,0.7795656323432922,0.4736111111111111,0.8157894736842105,0.5166666666666667,0.757085020242915,0.49166666666666664,0.7692307692307693,0.536914587020874,0.7036211490631104,0.4632367193698883,0.7025901079177856,0.6563923954963684,0.6778041124343872,0.34289851784706116,0.6761518716812134,0.5458333333333333,0.8178137651821862,0.4527777777777778,0.8097165991902834,0.5013888888888889,0.805668016194332,0.49027777777777776,0.8097165991902834,0.5069444444444444,0.8461538461538461,0.49027777777777776,0.8441295546558705
Bound_Angle_Pose (54),Bound_Angle,0,0.6645131707191467,0.4653890132904053,0.67664635181427,0.43218955397605896,0.6473228335380554,0.42862775921821594,0.6355125904083252,0.5522384643554688,0.45305564999580383,0.517269492149353,0.6104286909103394,0.7361438870429993,0.32105857133865356,0.7465259432792664,0.5731885433197021,0.8239318132400513,0.44583333333333336,0.8625498007968128,0.5638888888888889,0.8665338645418327,0.5142845511436462,0.8459120392799377,0.5642074942588806,0.8667261004447937,0.5007331371307373,0.8935117721557617,0.5155121684074402,0.7847509384155273,0.4040523171424866,0.7748910188674927,0.6958333333333333,0.7410358565737052,0.19166666666666668,0.8346613545816733,0.575,0.8685258964143426,0.43472222222222223,0.900398406374502,0.46944444444444444,0.9103585657370518,0.48749902844429016,0.8551648259162903,0.5333333333333333,0.8824701195219123,0.5615744590759277,0.8994628190994263
Bound_Angle_Pose (55),Bound_Angle,0,0.46886032819747925,0.6468433737754822,0.4776323139667511,0.6347525119781494,0.45920878648757935,0.6373904943466187,0.5154908299446106,0.6104467511177063,0.41385912895202637,0.615222692489624,0.5548144578933716,0.7110280990600586,0.37426048517227173,0.7308120131492615,0.5138888888888888,0.7698744769874477,0.4263888888888889,0.7740585774058577,0.4875,0.8221757322175732,0.45555555555555555,0.8117154811715481,0.4888888888888889,0.7803347280334728,0.45416666666666666,0.7782426778242678,0.4937329590320587,0.7192489504814148,0.43644189834594727,0.7249724864959717,0.5830672979354858,0.712080180644989,0.3537255525588989,0.7345834970474243,0.5069444444444444,0.8138075313807531,0.43472222222222223,0.8221757322175732,0.4800722002983093,0.8021968603134155,0.4517604410648346,0.8099297285079956,0.4708333333333333,0.8347280334728033,0.46111111111111114,0.8410041841004184
Bound_Angle_Pose (59),Bound_Angle,0,0.5208470225334167,0.31507351994514465,0.5606496334075928,0.2891156077384949,0.5141987204551697,0.29108351469039917,0.7256783246994019,0.44706106185913086,0.5058450102806091,0.44212770462036133,0.5872637033462524,0.6523881554603577,0.38177874186550975,0.6222222222222222,0.4229934924078091,0.8083333333333333,0.29040074348449707,0.7698566317558289,0.29067245119305857,0.8708333333333333,0.25162689804772237,0.8583333333333333,0.3232104121475054,0.8236111111111111,0.28199566160520606,0.8138888888888889,0.6750144362449646,0.7695808410644531,0.4962620139122009,0.7450563311576843,0.8457091450691223,0.8307908773422241,0.09877187013626099,0.6927973031997681,0.49891540130151846,0.8666666666666667,0.31670281995661603,0.8138888888888889,0.42733188720173537,0.8416666666666667,0.40130151843817785,0.8347222222222223,0.30151843817787416,0.8291666666666667,0.28199566160520606,0.8208333333333333
Bound_Angle_Pose (60),Bound_Angle,0,0.5794415473937988,0.3392205834388733,0.6265619397163391,0.30299168825149536,0.5457687973976135,0.30904000997543335,0.8402988314628601,0.3959788680076599,0.44730889797210693,0.39267489314079285,0.8439375162124634,0.6113659143447876,0.46553438901901245,0.5943887829780579,0.7251082251082251,0.7347222222222223,0.525974025974026,0.7402777777777778,0.7012987012987013,0.8125,0.48917748917748916,0.8097222222222222,0.6558441558441559,0.7638888888888888,0.5238095238095238,0.8013888888888889,0.7362164855003357,0.6801502108573914,0.5278009176254272,0.6662570834159851,nan,nan,0.11633521318435669,0.6785613298416138,0.7380952380952381,0.7888888888888889,0.5151515151515151,0.7763888888888889,0.645021645021645,0.7638888888888888,0.6103896103896104,0.7666666666666667,0.645021645021645,0.8277777777777777,0.5844155844155844,0.8236111111111111
Bound_Angle_Pose (63),Bound_Angle,0,0.4728015661239624,0.25180289149284363,0.4624274671077728,0.23336517810821533,0.4574081599712372,0.2354048490524292,0.45038285851478577,0.38120073080062866,0.4012896716594696,0.38989606499671936,0.5208333333333334,0.5370370370370371,0.4807918071746826,0.5633920431137085,0.5786608457565308,0.6296969652175903,0.5791666666666667,0.6796296296296296,0.5979712009429932,0.6589516997337341,0.6011624336242676,0.6916917562484741,0.5963280200958252,0.656234860420227,0.589773416519165,0.7092317342758179,0.4545603394508362,0.646425187587738,0.4023504853248596,0.6765170693397522,0.5639055967330933,0.5948176383972168,0.4888888888888889,0.7722222222222223,0.5513888888888889,0.7314814814814815,0.5569444444444445,0.687037037037037,0.5708333333333333,0.7222222222222222,0.5541666666666667,0.7148148148148148,0.6180555555555556,0.7111111111111111,0.6041306257247925,0.6802616715431213
Bound_Angle_Pose (65),Bound_Angle,0,0.4989642798900604,0.41180863976478577,0.5104402899742126,0.39663997292518616,0.4879714846611023,0.3982033133506775,0.5535434484481812,0.5059775114059448,0.44713398814201355,0.5001096725463867,0.5648185610771179,0.6285944581031799,0.4345630705356598,0.6228994131088257,0.5697723031044006,0.732907772064209,0.42738452553749084,0.7252722382545471,0.5666744112968445,0.7571008801460266,0.4309919476509094,0.7404310703277588,0.5702862739562988,0.7566067576408386,0.4230089783668518,0.7497478723526001,0.5325251817703247,0.7247105240821838,0.4643339514732361,0.7240590453147888,0.6470695734024048,0.7173396944999695,0.350017249584198,0.7080466151237488,0.5296233296394348,0.8105798959732056,0.46293190121650696,0.8090242743492126,0.5055555555555555,0.8,0.4861111111111111,0.8020833333333334,0.5083333333333333,0.8416666666666667,0.4930555555555556,0.8395833333333333
Bound_Angle_Pose (66),Bound_Angle,0,0.49447599053382874,0.22257322072982788,0.5161504745483398,0.1922277808189392,0.4714237451553345,0.19559329748153687,0.5911911725997925,0.3853415250778198,0.41487160325050354,0.40106746554374695,0.5870777368545532,0.6266450881958008,0.42716121673583984,0.6357189416885376,0.5722222222222222,0.8127962085308057,0.45416666666666666,0.8151658767772512,0.5424198508262634,0.8847541809082031,0.4877881407737732,0.8789151310920715,0.5593130588531494,0.8959914445877075,0.4707922041416168,0.8902420401573181,0.5636792778968811,0.7839051485061646,0.4525884985923767,0.7948870062828064,0.7489446401596069,0.7925364971160889,0.2727440595626831,0.8190304040908813,0.5597222222222222,0.9028436018957346,0.4666666666666667,0.9004739336492891,0.5186023712158203,0.8700908422470093,0.5150907039642334,0.8646187782287598,0.5138888888888888,0.9146919431279621,0.5208333333333334,0.9265402843601895
Bound_Angle_Pose (69),Bound_Angle,0,0.5038467645645142,0.18469375371932983,0.5250223875045776,0.1607080101966858,0.48268112540245056,0.16401761770248413,0.5901140570640564,0.3354220688343048,0.40862900018692017,0.3214564919471741,0.6138283014297485,0.5457610487937927,0.36758434772491455,0.5313844084739685,0.7067223787307739,0.6498348712921143,0.2729758620262146,0.6579660773277283,0.7465850114822388,0.6585955619812012,0.23243820667266846,0.6617150902748108,0.7375,0.6320754716981132,0.24583333333333332,0.6320754716981132,0.5522927045822144,0.6926820278167725,0.43172818422317505,0.6923709511756897,0.7545573711395264,0.7437944412231445,0.23464690148830414,0.7449264526367188,0.5481348037719727,0.8794935345649719,0.44587594270706177,0.8840475082397461,0.5175297260284424,0.8652985692024231,0.47653651237487793,0.8727686405181885,0.5119233727455139,0.9330013394355774,0.4942324757575989,0.937024712562561
Bound_Angle_Pose (71),Bound_Angle,0,0.579505205154419,0.31907394528388977,0.5987111330032349,0.2899939715862274,0.5579323768615723,0.28789350390434265,0.6724711656570435,0.4242517650127411,0.48772183060646057,0.428440660238266,0.6717305779457092,0.633901834487915,0.4809466004371643,0.6342831254005432,0.6416666666666667,0.7709163346613546,0.5263888888888889,0.7808764940239044,0.6430555555555556,0.8207171314741036,0.5472222222222223,0.8446215139442231,0.6180555555555556,0.7828685258964143,0.5638888888888889,0.7868525896414342,0.6265636682510376,0.7035692930221558,0.526296079158783,0.7085827589035034,0.769711971282959,0.6808621883392334,0.3279723823070526,0.7159267067909241,0.6638888888888889,0.8247011952191236,0.5083333333333333,0.8247011952191236,0.6069444444444444,0.8227091633466136,0.5847222222222223,0.8306772908366534,0.6032012104988098,0.8328755497932434,0.5694444444444444,0.8266932270916335
Bound_Angle_Pose (72),Bound_Angle,0,0.6264888644218445,0.20960232615470886,0.6594707369804382,0.18410584330558777,0.5887511372566223,0.1867290437221527,0.8040686249732971,0.33644041419029236,0.46158140897750854,0.33566099405288696,0.7860381007194519,0.5459555983543396,0.4581209123134613,0.5424164533615112,0.7056672760511883,0.6944444444444444,0.5228519195612431,0.7027777777777777,0.6489945155393053,0.7708333333333334,0.5886654478976234,0.7694444444444445,0.6581352833638026,0.7055555555555556,0.5868372943327239,0.7083333333333334,0.7188096642494202,0.6502166390419006,0.5279341340065002,0.6478621363639832,1.0347187519073486,0.6270835399627686,0.21349266171455383,0.5591680407524109,0.7056672760511883,0.7375,0.5319926873857403,0.7458333333333333,0.6325411334552102,0.7347222222222223,0.5904936014625228,0.7319444444444444,0.6129387021064758,0.7413949966430664,0.623400365630713,0.7638888888888888
Bound_Angle_Pose (75),Bound_Angle,0,0.5347222222222222,0.4246913580246914,0.5535069704055786,0.40662485361099243,0.5208333333333334,0.4024691358024691,0.6064341068267822,0.5092920064926147,0.48229947686195374,0.5088343024253845,0.6186555027961731,0.6593514084815979,0.46436721086502075,0.6680750846862793,0.6208333333333333,0.7604938271604939,0.44696393609046936,0.7827125787734985,0.6226163506507874,0.8078300952911377,0.43194444444444446,0.8320987654320988,0.6097222222222223,0.7876543209876543,0.42777777777777776,0.8024691358024691,0.5783349275588989,0.7353358864784241,0.5094005465507507,0.7412123680114746,0.6962689161300659,0.767366349697113,0.3861111111111111,0.762962962962963,0.5902777777777778,0.8518518518518519,0.5097222222222222,0.8567901234567902,0.5527777777777778,0.8419753086419753,0.5361111111111111,0.8419753086419753,0.5694444444444444,0.8790123456790123,0.5486111111111112,0.8790123456790123
Bound_Angle_Pose (76),Bound_Angle,0,0.6259598135948181,0.48405230045318604,0.6335107088088989,0.4521987736225128,0.6165958046913147,0.45996028184890747,0.7388921976089478,0.5465595722198486,0.6270156502723694,0.554519772529602,0.7871502637863159,0.7439086437225342,0.6088162660598755,0.7195373773574829,0.7111111111111111,0.8814814814814815,0.6181795001029968,0.8546358346939087,0.6785487532615662,0.901339054107666,0.6111111111111112,0.9135802469135802,0.6694444444444444,0.9037037037037037,0.6055555555555555,0.8790123456790123,0.758338212966919,0.7892427444458008,0.6922206878662109,0.7817593812942505,0.8443415760993958,0.7797479629516602,0.5605132579803467,0.7599678039550781,0.7031753063201904,0.8867437839508057,0.6333333333333333,0.8691358024691358,0.6937820911407471,0.8675909042358398,0.6567667126655579,0.8795186281204224,0.6350725889205933,0.9074096083641052,0.5986111111111111,0.9259259259259259
Bound_Angle_Pose (79),Bound_Angle,0,0.45613566040992737,0.4103598892688751,0.4795260727405548,0.3879956603050232,0.43715599179267883,0.3938809633255005,0.6010813117027283,0.2886580228805542,0.34224504232406616,0.3411063253879547,0.7290304899215698,0.5078773498535156,0.22628295421600342,0.4785558581352234,0.8514180779457092,0.7048753499984741,0.1527777777777778,0.7171314741035857,0.8194444444444444,0.8346613545816733,0.19305555555555556,0.8266932270916335,0.7833333333333333,0.7529880478087649,0.21944444444444444,0.7270916334661355,0.5791666666666667,0.7290836653386454,0.44166666666666665,0.7111553784860558,0.8833333333333333,0.8087649402390438,0.12222222222222222,0.8247011952191236,0.5722222222222222,0.852589641434263,0.3972222222222222,0.8585657370517928,0.5208333333333334,0.798804780876494,0.48333333333333334,0.798804780876494,0.5083333333333333,0.8944223107569721,0.45694444444444443,0.898406374501992
Bound_Angle_Pose (8),Bound_Angle,0,0.5777777777777777,0.19092627599243855,0.5916666666666667,0.16068052930056712,0.5527777777777778,0.14555765595463138,0.6194444444444445,0.3270321361058601,0.4444444444444444,0.30623818525519847,0.6305555555555555,0.497164461247637,0.5305555555555556,0.5217391304347826,0.6035827994346619,0.7460674047470093,0.6152777777777778,0.6691871455576559,0.7055555555555556,0.782608695652174,0.6847222222222222,0.7637051039697542,0.6077117919921875,0.7997148036956787,0.6847222222222222,0.6805293005671077,0.5444444444444444,0.6502835538752363,0.4625,0.6446124763705104,0.8111111111111111,0.5746691871455577,0.30694444444444446,0.4896030245746692,0.7194444444444444,0.720226843100189,0.5138888888888888,0.7485822306238186,0.6152777777777778,0.8147448015122873,0.6,0.8128544423440454,0.7097222222222223,0.7391304347826086,0.6944444444444444,0.7466918714555766
Bound_Angle_Pose (80),Bound_Angle,0,0.4802720546722412,0.10593491792678833,0.491143137216568,0.07264548540115356,0.46031609177589417,0.06652671098709106,0.5057651996612549,0.1839355230331421,0.3396555483341217,0.23305809497833252,0.4521175026893616,0.40659475326538086,0.2602449357509613,0.45385605096817017,0.4481307864189148,0.5731318593025208,0.1794767677783966,0.6654182076454163,0.45374369621276855,0.6235535144805908,0.11265646731571627,0.7286012526096033,0.45858070254325867,0.6224226355552673,0.1905424200278164,0.7306889352818372,0.5175963044166565,0.6209507584571838,0.40700554847717285,0.6465843915939331,0.731048047542572,0.538424015045166,0.3004298210144043,0.7698363065719604,0.6286509040333796,0.7536534446764092,0.5479833101529903,0.8204592901878914,0.5841446453407511,0.7682672233820459,0.6008344923504868,0.7620041753653445,0.6620305980528511,0.8392484342379958,0.6954102920723226,0.7995824634655533
Bound_Angle_Pose (86),Bound_Angle,0,0.5008836984634399,0.34454837441444397,0.522288978099823,0.31953948736190796,0.48254823684692383,0.3216288685798645,0.6281237602233887,0.4767811596393585,0.39658111333847046,0.4793630838394165,0.7410351634025574,0.6285574436187744,0.2769204080104828,0.6244139671325684,0.8765954375267029,0.7555771470069885,0.13296031951904297,0.7541754841804504,0.9458333333333333,0.8513888888888889,0.07361111111111111,0.8388888888888889,0.9430555555555555,0.7861111111111111,0.06388888888888888,0.7958333333333333,0.5747697949409485,0.7890616655349731,0.4407998025417328,0.7902808785438538,0.7814830541610718,0.748293936252594,0.22135639190673828,0.7403463125228882,0.5763888888888888,0.8930555555555556,0.41388888888888886,0.8847222222222222,0.5027777777777778,0.8763888888888889,0.4861111111111111,0.8722222222222222,0.5125,0.9347222222222222,0.475,0.9208333333333333
Bound_Angle_Pose (89),Bound_Angle,0,0.5291757583618164,0.3959423303604126,0.540851891040802,0.375752717256546,0.5169972777366638,0.3775351941585541,0.587282657623291,0.5342675447463989,0.4770806133747101,0.5277996063232422,0.6408841609954834,0.6759657263755798,0.41616809368133545,0.6630640029907227,0.698728084564209,0.7809025049209595,0.37445855140686035,0.7738160490989685,0.7222222222222222,0.8533724340175953,0.33611111111111114,0.873900293255132,0.7,0.8240469208211144,0.36527777777777776,0.8211143695014663,0.5623067617416382,0.8195074200630188,0.48814791440963745,0.8217269778251648,0.689511775970459,0.8445445895195007,0.36734145879745483,0.8703592419624329,0.5577206611633301,0.9467684626579285,0.49487677216529846,0.9394062757492065,0.5416666666666666,0.9178885630498533,0.5291666666666667,0.9149560117302052,0.5378967523574829,0.9643263816833496,0.5351383686065674,0.9654595851898193
Bound_Angle_Pose (9),Bound_Angle,0,0.47844228094575797,0.26653696498054474,0.4937413073713491,0.23540856031128404,0.44367176634214184,0.23735408560311283,0.5618915159944368,0.3638132295719844,0.36300417246175243,0.4027237354085603,0.5980528511821975,0.5583657587548638,0.4686183035373688,0.6691848635673523,0.5520256757736206,0.7888692617416382,0.5076495132127955,0.7684824902723736,0.6606397774687065,0.8093385214007782,0.5938803894297635,0.8424124513618677,0.6328233657858137,0.754863813229572,0.588317107093185,0.7859922178988327,0.5577190542420027,0.6848249027237354,0.4506258692628651,0.7062256809338522,0.7204450625869263,0.5894941634241245,0.2795549374130737,0.708171206225681,0.6592489568845619,0.7859922178988327,0.4993045897079277,0.867704280155642,0.6091794158553546,0.8910505836575876,0.5813630041724618,0.9046692607003891,0.5869262865090403,0.7412451361867705,0.6022253129346314,0.7315175097276264
Bound_Angle_Pose (94),Bound_Angle,0,0.499345064163208,0.4099680483341217,0.5160029530525208,0.38877519965171814,0.4819123446941376,0.3849157989025116,0.5759604573249817,0.4930291175842285,0.415303498506546,0.4967121481895447,0.5722174048423767,0.6576128005981445,0.4220048189163208,0.6610621213912964,0.5537253618240356,0.8088511228561401,0.4515813887119293,0.8024098873138428,0.5361111111111111,0.8628472222222222,0.4513888888888889,0.8611111111111112,0.5291666666666667,0.828125,0.4777777777777778,0.8368055555555556,0.5374826788902283,0.6970642805099487,0.4523855149745941,0.7018959522247314,0.6385960578918457,0.7283837199211121,0.30539247393608093,0.7560446262359619,0.44027777777777777,0.8489583333333334,0.45694444444444443,0.8368055555555556,0.5072195529937744,0.8288202285766602,0.49722222222222223,0.8246527777777778,0.507479190826416,0.8873474597930908,0.4854636788368225,0.8929165005683899
Cat_Cow_Pose (1),Cat,1,0.2585428059101105,0.41480618715286255,0.23369020223617554,0.4217219352722168,0.23377585411071777,0.42106080055236816,0.24218976497650146,0.32339316606521606,0.25026431679725647,0.3116619884967804,0.23013904690742493,0.5988147258758545,0.2361801564693451,0.5750017166137695,0.16973215341567993,0.8408365249633789,0.1868496835231781,0.8121342658996582,0.07361111111111111,0.8559322033898306,0.1409778892993927,0.8303946256637573,0.13333333333333333,0.847457627118644,0.14276650547981262,0.8310902118682861,0.5696431398391724,0.32816264033317566,0.5575745701789856,0.3156307339668274,0.5751113891601562,0.7992771863937378,0.5754926204681396,0.7837940454483032,0.8601651191711426,0.779784083366394,0.8511585593223572,0.772305965423584,0.8823732733726501,0.7406837344169617,0.8758971095085144,0.731525182723999,0.9675676822662354,0.8603336811065674,0.9605088233947754,0.8466116189956665
Cat_Cow_Pose (10),Cat,1,0.7819444444444444,0.45,0.8069444444444445,0.48333333333333334,0.8013888888888889,0.45625,0.7902777777777777,0.32708333333333334,0.7847222222222222,0.30833333333333335,0.7944444444444444,0.5916666666666667,0.7833333333333333,0.6041666666666666,0.7944444444444444,0.8145833333333333,0.8041666666666667,0.8333333333333334,0.8708333333333333,0.83125,0.8916666666666667,0.8416666666666667,0.8319444444444445,0.8291666666666667,0.8388888888888889,0.85,0.5125,0.39166666666666666,0.5152777777777777,0.38333333333333336,0.4597222222222222,0.8020833333333334,0.475,0.79375,0.22361111111111112,0.7791666666666667,0.225,0.7770833333333333,0.19444444444444445,0.725,0.20277777777777778,0.7375,0.9269030094146729,0.7661586999893188,0.9105210304260254,0.7556383609771729
Cat_Cow_Pose (100),Cat,1,0.21034833788871765,0.3959220051765442,0.1923750936985016,0.39470624923706055,0.1903066337108612,0.387412428855896,0.26762163639068604,0.2826641798019409,0.22871726751327515,0.25236907601356506,0.24802175164222717,0.568738579750061,0.24274584650993347,0.48659583926200867,0.20008155703544617,0.7989298105239868,0.21291795372962952,0.7187768816947937,0.11666666666666667,0.8543307086614174,0.14722222222222223,0.7322834645669292,0.1601501703262329,0.841686487197876,0.17222222222222222,0.7480314960629921,0.5624706745147705,0.3197140395641327,0.5128071904182434,0.3140563666820526,0.5924461483955383,0.7054739594459534,0.5475324392318726,0.6747943162918091,0.8456843495368958,0.7182867527008057,0.7384018898010254,0.6415116786956787,0.8598512411117554,0.6758838891983032,0.7608902454376221,0.6047139167785645,0.9486111111111111,0.7421259842519685,0.8180555555555555,0.65748031496063
Cat_Cow_Pose (103),Cat,1,0.6805555555555556,0.7333333333333333,0.6747767329216003,0.7368195652961731,0.6782407407407407,0.7333333333333333,0.6599552035331726,0.7097172737121582,0.654004693031311,0.7081066966056824,0.6516135931015015,0.7659135460853577,0.6456434726715088,0.765734076499939,0.6805555555555556,0.8152777777777778,0.6689814814814815,0.8180555555555555,0.7268518518518519,0.8208333333333333,0.7175925925925926,0.8319444444444445,0.6967592592592593,0.8236111111111111,0.6913606524467468,0.8323062658309937,0.4979053735733032,0.70644211769104,0.4853425920009613,0.7071277499198914,0.49750497937202454,0.7967196106910706,0.4768630266189575,0.8130432367324829,0.34953703703703703,0.8180555555555555,0.3236900568008423,0.8181180953979492,0.32407407407407407,0.8,0.3130932152271271,0.8068689107894897,0.25462962962962965,0.8194444444444444,0.2540144622325897,0.8233424425125122
Cat_Cow_Pose (106),Cat,1,0.27553239464759827,0.43514373898506165,0.2542339861392975,0.4230465292930603,0.2552344501018524,0.4228919446468353,0.3194444444444444,0.31190926275992437,0.3418716788291931,0.35586145520210266,0.3269365131855011,0.5806440711021423,0.3687477707862854,0.5351599454879761,0.317241370677948,0.7862331867218018,0.37377190589904785,0.7095257043838501,0.24166666666666667,0.7996219281663516,0.30277777777777776,0.7145557655954632,0.2848132848739624,0.7997069954872131,0.3435506820678711,0.7171573638916016,0.5691705942153931,0.4498303532600403,0.5688022375106812,0.4268648028373718,0.5824992656707764,0.7798377275466919,0.5854394435882568,0.7261178493499756,0.8208333333333333,0.7429111531190926,0.7599223256111145,0.6911579370498657,0.8444444444444444,0.6710775047258979,0.781735897064209,0.6457187533378601,0.9375,0.7580340264650284,0.8722222222222222,0.7069943289224953
Cat_Cow_Pose (107),Cat,1,0.3638888888888889,0.44842105263157894,0.3458333333333333,0.4610526315789474,0.35138888888888886,0.47578947368421054,0.30546924471855164,0.3795869052410126,0.3271932601928711,0.3795722723007202,0.2529841959476471,0.6478802561759949,0.26669594645500183,0.6265206336975098,0.16913101077079773,0.859398603439331,0.19061902165412903,0.8195984363555908,0.07361111111111111,0.8863157894736842,0.10694444444444444,0.8294736842105264,0.1252286434173584,0.8785719871520996,0.1486431062221527,0.8335922360420227,0.6011353135108948,0.3947499692440033,0.5970447659492493,0.3832845389842987,0.5719945430755615,0.8402101993560791,0.5706474184989929,0.8155339956283569,0.8388888888888889,0.848421052631579,0.8188945055007935,0.8115220665931702,0.8549278974533081,0.7827664017677307,0.8404375314712524,0.759306788444519,0.9531203508377075,0.8808994293212891,0.9277969598770142,0.8594241142272949
Cat_Cow_Pose (111),Cat,1,0.2722222222222222,0.4262948207171315,0.25715452432632446,0.4348241686820984,0.2557607591152191,0.43940627574920654,0.28717881441116333,0.34556159377098083,0.2831876277923584,0.334953635931015,0.2944769561290741,0.5875608921051025,0.29483726620674133,0.5583316087722778,0.29048952460289,0.8091742396354675,0.29448601603507996,0.7734714150428772,0.22777777777777777,0.8346613545816733,0.23333333333333334,0.8007968127490039,0.2571079134941101,0.8332375288009644,0.2618408799171448,0.7895543575286865,0.5891552567481995,0.39044636487960815,0.56077641248703,0.3776443302631378,0.5801116228103638,0.7768735885620117,0.5724226236343384,0.7627047300338745,0.8305555555555556,0.7948207171314741,0.7722222222222223,0.7589641434262948,0.8365064859390259,0.75230473279953,0.8226568102836609,0.7375156879425049,0.933775782585144,0.8261452913284302,0.9094921350479126,0.8115730881690979
Cat_Cow_Pose (12),Cat,1,0.8388288021087646,0.26343750953674316,0.8342798948287964,0.2177269458770752,0.8294851779937744,0.2187020629644394,0.6954773664474487,0.3191959857940674,0.7003045082092285,0.36288613080978394,0.6982618570327759,0.6076700687408447,0.7017128467559814,0.6473118662834167,0.7345806360244751,0.8325632810592651,0.7362485527992249,0.9164581298828125,0.7972222222222223,0.8469135802469135,0.7817116975784302,0.924949049949646,0.7698034048080444,0.8456670641899109,0.7730881571769714,0.9389069080352783,0.4283195436000824,0.4358820617198944,0.41388770937919617,0.45509466528892517,0.4232069253921509,0.8309172987937927,0.422482967376709,0.869868278503418,0.20964263379573822,0.8277923464775085,0.19766059517860413,0.8529129028320312,0.1933625191450119,0.7622156143188477,0.1824273020029068,0.794202446937561,0.11658424139022827,0.8833128809928894,0.0977616012096405,0.8921233415603638
Cat_Cow_Pose (20),Cat,1,0.2667940855026245,0.19431108236312866,0.2900833785533905,0.17414173483848572,0.2763841152191162,0.17241185903549194,0.38233083486557007,0.385306715965271,0.30798593163490295,0.3634588122367859,0.38850176334381104,0.6363569498062134,0.318485289812088,0.5914475321769714,0.38193458318710327,0.8611632585525513,0.2955057621002197,0.7965195775032043,0.31666666666666665,0.8768267223382046,0.2375,0.8079331941544885,0.33055555555555555,0.860125260960334,0.28194444444444444,0.8308977035490606,0.5920604467391968,0.48308253288269043,0.5381524562835693,0.49407586455345154,0.5964531898498535,0.8095480799674988,0.5363550186157227,0.7674998044967651,0.7882810831069946,0.7541744112968445,0.6799240112304688,0.6997759938240051,0.7961394190788269,0.7135695219039917,0.6965816020965576,0.6652098298072815,0.8403888940811157,0.786770224571228,0.7360140681266785,0.7338167428970337
Cat_Cow_Pose (23),Cat,1,0.7129563093185425,0.2032659649848938,0.7003028392791748,0.18507379293441772,0.6975840330123901,0.18986999988555908,0.6187955141067505,0.3524951934814453,0.6318970918655396,0.3929986357688904,0.6170817613601685,0.6194000840187073,0.6102578043937683,0.6674903035163879,0.6359658241271973,0.815149188041687,0.6329647302627563,0.8930139541625977,0.7097222222222223,0.837037037037037,0.7208333333333333,0.9160493827160494,0.6622695922851562,0.8325222134590149,0.6653808355331421,0.9194186925888062,0.4073156416416168,0.5088350772857666,0.39686140418052673,0.5332267880439758,0.4362253248691559,0.8153111934661865,0.43223148584365845,0.8727188110351562,0.27164822816848755,0.8118048906326294,0.2495187520980835,0.8510202169418335,0.25787797570228577,0.7621064782142639,0.23933514952659607,0.8011215925216675,0.1921609789133072,0.860859751701355,0.16109061241149902,0.9012107849121094
Cat_Cow_Pose (26),Cat,1,0.2711312770843506,0.14456763863563538,0.2931908965110779,0.14045417308807373,0.292331337928772,0.1357879936695099,0.31712061166763306,0.35793861746788025,0.33545297384262085,0.3372252881526947,0.30117684602737427,0.6346511840820312,0.31078803539276123,0.6091226935386658,0.29513901472091675,0.8855223655700684,0.3032480478286743,0.8318684101104736,0.22361111111111112,0.8985200845665962,0.21388888888888888,0.8668076109936576,0.26384416222572327,0.8981419801712036,0.28045886754989624,0.8458462357521057,0.5687931776046753,0.49588003754615784,0.5822852253913879,0.4680308699607849,0.5998263359069824,0.877366840839386,0.6084309816360474,0.8373493552207947,0.8166666666666667,0.8731501057082452,0.8231590390205383,0.841881513595581,0.8536279201507568,0.8246369361877441,0.8440598249435425,0.8016911745071411,0.935866117477417,0.8834121227264404,0.9219757318496704,0.874646782875061
Cat_Cow_Pose (27),Cat,1,0.27092939615249634,0.4486500024795532,0.2503311336040497,0.4451570510864258,0.2488134801387787,0.44356319308280945,0.3046201765537262,0.3533477485179901,0.2857465147972107,0.2873497009277344,0.29600468277931213,0.6013434529304504,0.2889580726623535,0.49061185121536255,0.2682660222053528,0.8117099404335022,0.2667786180973053,0.6721139550209045,0.22105646133422852,0.8088710308074951,0.20972222222222223,0.6666666666666666,0.22880136966705322,0.8274111747741699,0.25,0.6942800788954635,0.6029878258705139,0.42056480050086975,0.5638508796691895,0.3747727870941162,0.6037999391555786,0.7832866907119751,0.5876500606536865,0.7115272283554077,0.8180555555555555,0.7948717948717948,0.7813339829444885,0.6723446249961853,0.845862865447998,0.6879829168319702,0.7995913624763489,0.6266685128211975,0.9031310677528381,0.8126773834228516,0.8541666666666666,0.7100591715976331
Cat_Cow_Pose (33),Cat,1,0.5063552856445312,0.5340540409088135,0.4922126829624176,0.5356113314628601,0.4925329089164734,0.5383777022361755,0.4978148341178894,0.4520207643508911,0.5049734711647034,0.4806491732597351,0.5009802579879761,0.6036986708641052,0.49830004572868347,0.6169639825820923,0.4882863759994507,0.7549260854721069,0.48777082562446594,0.7636301517486572,0.4305555555555556,0.8022813688212928,0.43194444444444446,0.7965779467680608,0.4597222222222222,0.7984790874524715,0.4597222222222222,0.7946768060836502,0.6879940629005432,0.4783620238304138,0.672356128692627,0.49491241574287415,0.6704365015029907,0.7625823020935059,0.6733390688896179,0.7692272067070007,0.8359719514846802,0.7659267783164978,0.8361429572105408,0.7665248513221741,0.8488407135009766,0.7345645427703857,0.8489655256271362,0.737494707107544,0.9008585214614868,0.7866929173469543,0.9022676944732666,0.7913179397583008
Cat_Cow_Pose (37),Cat,1,0.4106137156486511,0.5524978041648865,0.39710932970046997,0.5598872900009155,0.3968431353569031,0.5626868605613708,0.36643844842910767,0.48124995827674866,0.3743601441383362,0.4690065383911133,0.38849329948425293,0.6430448889732361,0.3859279751777649,0.6245844960212708,0.39166666666666666,0.779296875,0.3894317150115967,0.7726832032203674,0.3236111111111111,0.822265625,0.3277777777777778,0.802734375,0.36233359575271606,0.8222315907478333,0.35555555555555557,0.8046875,0.5746335983276367,0.46820899844169617,0.5654018521308899,0.47171127796173096,0.6110373139381409,0.785738468170166,0.5973456501960754,0.7630891799926758,0.8004112243652344,0.780159592628479,0.784188449382782,0.7805740833282471,0.8180555555555555,0.744140625,0.8027777777777778,0.72265625,0.887415885925293,0.8255231380462646,0.872115969657898,0.8226288557052612
Cat_Cow_Pose (41),Cat,1,0.3659086227416992,0.6964778900146484,0.34948068857192993,0.7016055583953857,0.3508801758289337,0.7012612819671631,0.34193629026412964,0.6355370283126831,0.35855934023857117,0.6219250559806824,0.3193129897117615,0.8042416572570801,0.3411926329135895,0.7652755379676819,0.2745955288410187,0.9255890846252441,0.30852997303009033,0.8751152753829956,0.22361111111111112,0.93125,0.25833333333333336,0.8895833333333333,0.2569444444444444,0.9208333333333333,0.28055555555555556,0.8916666666666667,0.5425565242767334,0.6397177577018738,0.5325416922569275,0.6387632489204407,0.5527777777777778,0.8916666666666667,0.5531803369522095,0.8731433749198914,0.7097222222222223,0.8979166666666667,0.7025388479232788,0.8747122883796692,0.7250313758850098,0.8543359637260437,0.715654730796814,0.8440271615982056,0.7811545133590698,0.9160453081130981,0.7676416039466858,0.9062918424606323
Cat_Cow_Pose (42),Cat,1,0.7975770235061646,0.2724752426147461,0.7838069200515747,0.2637273073196411,0.7821111679077148,0.2639434337615967,0.6992363333702087,0.4133141040802002,0.7157536745071411,0.43368759751319885,0.6978369355201721,0.6239095330238342,0.7058379054069519,0.6481287479400635,0.7203940749168396,0.779373824596405,0.7282031774520874,0.8347363471984863,0.7736111111111111,0.7875,0.7986111111111112,0.8479166666666667,0.744730532169342,0.7807761430740356,0.7513888888888889,0.84375,0.49324846267700195,0.5169247388839722,0.49912387132644653,0.5486800670623779,0.46666765213012695,0.7868172526359558,0.47033828496932983,0.8265017867088318,0.3025397062301636,0.7638654708862305,0.28055555555555556,0.8041666666666667,0.2889864444732666,0.7310302257537842,0.2625,0.76875,0.22916666666666666,0.7979166666666667,0.19444444444444445,0.8354166666666667
Cat_Cow_Pose (45),Cat,1,0.6589038372039795,0.4605191648006439,0.6786661148071289,0.46518343687057495,0.684543251991272,0.4602300822734833,0.6471651792526245,0.3391759395599365,0.6817127466201782,0.3450835943222046,0.6342574954032898,0.5992535948753357,0.6642988920211792,0.6259409189224243,0.6528177261352539,0.8421568870544434,0.6866112947463989,0.9185524582862854,0.7194444444444444,0.8498659517426274,0.7583333333333333,0.9222520107238605,0.7055555555555556,0.8739946380697051,0.7166666666666667,0.9115281501340483,0.41607359051704407,0.42393219470977783,0.41696393489837646,0.44034314155578613,0.4341300129890442,0.8524715304374695,0.4330050051212311,0.9026929140090942,0.21997162699699402,0.8790417909622192,0.20594997704029083,0.9121249914169312,0.20348010957241058,0.8336418867111206,0.19135305285453796,0.8578827381134033,0.1274040937423706,0.9210076332092285,0.10733649134635925,0.9484268426895142
Cat_Cow_Pose (46),Cat,1,0.6221017837524414,0.35900360345840454,0.6367655992507935,0.3495640456676483,0.6153397560119629,0.33117640018463135,0.6171059608459473,0.4184446930885315,0.5338928699493408,0.39986053109169006,0.6195712089538574,0.5607919096946716,0.5243034362792969,0.5665637850761414,0.6250001192092896,0.6851319670677185,0.5388440489768982,0.7157795429229736,0.6666666666666666,0.7,0.5847222222222223,0.7388888888888889,0.6277777777777778,0.7111111111111111,0.5777777777777777,0.7222222222222222,0.44014760851860046,0.45867034792900085,0.3828880488872528,0.4546005129814148,0.4455106854438782,0.643298864364624,0.39132577180862427,0.6604796648025513,0.33632344007492065,0.6154017448425293,0.29305555555555557,0.6481481481481481,0.3286904990673065,0.591346263885498,0.2722222222222222,0.6148148148148148,0.3,0.6240740740740741,0.24979712069034576,0.6398183107376099
Cat_Cow_Pose (47),Cat,1,0.8041338920593262,0.07021403312683105,0.775,0.05379746835443038,0.7763888888888889,0.05063291139240506,0.744067907333374,0.2853151261806488,0.7696696519851685,0.3240491449832916,0.7638888888888888,0.6645569620253164,0.7843630909919739,0.6507654190063477,0.7855764627456665,0.8937666416168213,0.7986111111111112,0.930379746835443,0.8569444444444444,0.9335443037974683,0.8736111111111111,0.9651898734177216,0.8333333333333334,0.9367088607594937,0.8263888888888888,0.9620253164556962,0.5617778897285461,0.5086612701416016,0.5659827589988708,0.5478389859199524,0.5710881948471069,0.8762454986572266,0.5724979043006897,0.9504315853118896,0.41388888888888886,0.8924050632911392,0.4,0.9493670886075949,0.38055555555555554,0.8639240506329114,0.3541666666666667,0.8987341772151899,0.33347898721694946,0.9368497133255005,0.30277777777777776,0.9778481012658228
Cat_Cow_Pose (48),Cat,1,0.12052223086357117,0.1923261284828186,0.13876530528068542,0.16507300734519958,0.13487792015075684,0.1658354103565216,0.22959893941879272,0.3639757037162781,0.24003441631793976,0.3403496742248535,0.23406873643398285,0.6543300747871399,0.24000392854213715,0.6268569827079773,0.22646179795265198,0.9189178943634033,0.2318362295627594,0.8758338689804077,0.14583333333333334,0.9565217391304348,0.14305555555555555,0.919908466819222,0.1947673261165619,0.9454453587532043,0.1736111111111111,0.9244851258581236,0.516372561454773,0.4945031702518463,0.5192232728004456,0.4788362979888916,0.5271579027175903,0.8994629383087158,0.5292577147483826,0.861315131187439,0.7527777777777778,0.8947368421052632,0.7416666666666667,0.8489702517162472,0.7914410829544067,0.8297373056411743,0.7842908501625061,0.8010072708129883,0.8824625611305237,0.9346893429756165,0.8631401062011719,0.9027170538902283
Cat_Cow_Pose (52),Cat,1,0.7218475341796875,0.31025397777557373,0.7163026928901672,0.2837624251842499,0.7146224975585938,0.2830027639865875,0.6086575984954834,0.36470285058021545,0.6307405829429626,0.3886662423610687,0.605556070804596,0.5696138143539429,0.6195749044418335,0.5883855819702148,0.6284903883934021,0.7218096852302551,0.6454768776893616,0.7878995537757874,0.6888888888888889,0.7235955056179775,0.7152777777777778,0.8,0.6533923149108887,0.7225450277328491,0.6749674081802368,0.8067760467529297,0.42073071002960205,0.44046446681022644,0.4318929612636566,0.46898066997528076,0.3887847661972046,0.7272741198539734,0.40267983078956604,0.7604993581771851,0.22016310691833496,0.7134629487991333,0.22083333333333333,0.7415730337078652,0.20575256645679474,0.6792093515396118,0.19758866727352142,0.713623583316803,0.14303851127624512,0.7542276382446289,0.1268065869808197,0.7740782499313354
Cat_Cow_Pose (53),Cat,1,0.6354629993438721,0.44415199756622314,0.656409740447998,0.457038015127182,0.6557283401489258,0.45035988092422485,0.6625476479530334,0.3376903533935547,0.6573439836502075,0.3417953550815582,0.6797135472297668,0.6169863343238831,0.6789140701293945,0.6384538412094116,0.7271085977554321,0.8666614294052124,0.730396032333374,0.9031089544296265,0.7763888888888889,0.8882978723404256,0.7861111111111111,0.925531914893617,0.7574776411056519,0.8898671865463257,0.7585387825965881,0.9308673143386841,0.4343700408935547,0.42512017488479614,0.4191046357154846,0.4288637340068817,0.4698679447174072,0.8633262515068054,0.4648812711238861,0.9003901481628418,0.25192195177078247,0.8578530550003052,0.2406449019908905,0.8665339946746826,0.2283865362405777,0.8011810779571533,0.22102458775043488,0.8055101633071899,0.16513708233833313,0.9273198843002319,0.1479690670967102,0.9256343841552734
Cat_Cow_Pose (55),Cat,1,0.7786673307418823,0.46591684222221375,0.8088805675506592,0.4640698730945587,0.8131917715072632,0.45359528064727783,0.757107675075531,0.34854328632354736,0.7810349464416504,0.32398197054862976,0.7671135663986206,0.607578456401825,0.7875553369522095,0.600746750831604,0.7706543207168579,0.8597286939620972,0.7819976806640625,0.874299943447113,0.8791666666666667,0.8766519823788547,0.8805555555555555,0.8942731277533039,0.820751428604126,0.8763184547424316,0.8253587484359741,0.8938595652580261,0.45943114161491394,0.41116806864738464,0.4516242444515228,0.4085744321346283,0.4772992730140686,0.8305408954620361,0.47806188464164734,0.8582154512405396,0.22420115768909454,0.8371761441230774,0.21251845359802246,0.8544701337814331,0.208966463804245,0.7721638083457947,0.1967497617006302,0.7933642268180847,0.11231839656829834,0.8945173025131226,0.08706751465797424,0.9005426168441772
Cat_Cow_Pose (60),Cat,1,0.7770649790763855,0.6748824715614319,0.8030682802200317,0.6794019341468811,0.8065401315689087,0.6793850660324097,0.7787171602249146,0.5912747383117676,0.8092702627182007,0.594274640083313,0.7583467960357666,0.7697616815567017,0.780511736869812,0.7888815402984619,0.7402777777777778,0.9345403899721448,0.7744574546813965,0.9757295250892639,0.8277777777777777,0.9442896935933147,0.8513888888888889,0.9916434540389972,0.7972222222222223,0.9526462395543176,0.8222222222222222,0.9860724233983287,0.49085837602615356,0.6477160453796387,0.48862120509147644,0.6590840220451355,0.4412956237792969,0.9291163682937622,0.4367651045322418,0.964394211769104,0.16030696034431458,0.8993242979049683,0.14782395958900452,0.9141573309898376,0.11608824133872986,0.8627592325210571,0.11746677756309509,0.8781347870826721,0.08926922082901001,0.9815645217895508,0.07341840863227844,0.9817017316818237
Cat_Cow_Pose (61),Cat,1,0.7309123277664185,0.4449670910835266,0.7492574453353882,0.46485525369644165,0.7495715618133545,0.4620377719402313,0.7629296779632568,0.30839666724205017,0.757759690284729,0.27800196409225464,0.7776916027069092,0.6410984992980957,0.7788591384887695,0.6697148084640503,0.8383088111877441,0.9788007736206055,nan,nan,nan,nan,nan,nan,nan,nan,nan,nan,0.4455099105834961,0.35529619455337524,0.4234609603881836,0.3055323362350464,0.4467954933643341,0.903614342212677,0.4219560921192169,0.9424593448638916,0.1967395842075348,0.9714503884315491,0.1957840621471405,0.9780796766281128,0.17032110691070557,0.9025664925575256,0.16739189624786377,0.9128890037536621,nan,nan,nan,nan
Cat_Cow_Pose (63),Cat,1,0.761223554611206,0.169802725315094,0.7454385757446289,0.15500232577323914,0.746513843536377,0.1564224660396576,0.6528508067131042,0.3447663187980652,0.6921396851539612,0.37523433566093445,0.6615869402885437,0.6157645583152771,0.6937093734741211,0.6693625450134277,0.6722462177276611,0.8202354907989502,0.7065887451171875,0.9146966934204102,0.725,0.8251928020565553,0.7652777777777777,0.9254498714652957,0.7097222222222223,0.8534704370179949,0.7394349575042725,0.9340498447418213,0.4172961711883545,0.4743354320526123,0.43695613741874695,0.5089633464813232,0.3889029026031494,0.8202714920043945,0.4029461443424225,0.8788382411003113,0.2138955295085907,0.8227416276931763,0.2046167403459549,0.8636412620544434,0.19492758810520172,0.7871838808059692,0.1736111111111111,0.8251928020565553,0.14305555555555555,0.8226221079691517,0.10946124792098999,0.9146026968955994
Cat_Cow_Pose (64),Cat,1,0.4026522636413574,0.31626176834106445,0.414413183927536,0.3046170473098755,0.4136061668395996,0.30000317096710205,0.46020227670669556,0.4699670672416687,0.47444742918014526,0.4323340952396393,0.45866692066192627,0.668866753578186,0.4712885916233063,0.6132901906967163,0.43807655572891235,0.8265100717544556,0.4511905908584595,0.7490628361701965,0.3902777777777778,0.8345679012345679,0.4083333333333333,0.7580246913580246,0.41944444444444445,0.8197530864197531,0.4263888888888889,0.7753086419753087,0.6457241773605347,0.5380941033363342,0.6490306854248047,0.5075871348381042,0.6504065990447998,0.8033105134963989,0.6566235423088074,0.7374727129936218,0.805996835231781,0.8019611239433289,0.7779988050460815,0.7189381718635559,0.8263888888888888,0.7728395061728395,0.79804527759552,0.6950129866600037,0.8667556643486023,0.8279742002487183,0.8513888888888889,0.7604938271604939
Cat_Cow_Pose (66),Cat,1,0.6319218873977661,0.6408210396766663,0.6454466581344604,0.6421436667442322,0.6452867984771729,0.6414167881011963,0.6305868029594421,0.564596951007843,0.6288554668426514,0.5748069882392883,0.6083333333333333,0.7270833333333333,0.6347222222222222,0.73125,0.6180555555555556,0.85625,0.6458333333333334,0.8770833333333333,0.6833333333333333,0.8583333333333333,0.7013888888888888,0.8875,0.6611111111111111,0.8625,0.6708333333333333,0.8833333333333333,0.4538325071334839,0.5927084684371948,0.44785019755363464,0.5954334735870361,0.46292224526405334,0.8321211338043213,0.45968204736709595,0.8675404787063599,0.30961498618125916,0.8227938413619995,0.30076611042022705,0.842406153678894,0.29482948780059814,0.7878299951553345,0.28194444444444444,0.8125,0.24791619181632996,0.8576159477233887,0.23945540189743042,0.8701920509338379
Cat_Cow_Pose (67),Cat,1,0.682560384273529,0.48894667625427246,0.6997337937355042,0.4988549053668976,0.6974203586578369,0.48966050148010254,0.7312040328979492,0.4152296483516693,0.6972150206565857,0.4247921407222748,0.7782281637191772,0.5833186507225037,0.7141710519790649,0.630688488483429,0.7208333333333333,0.7549019607843137,0.7588424682617188,0.8383886814117432,0.8027777777777778,0.7901960784313725,0.8347222222222223,0.8411764705882353,0.7666666666666667,0.796078431372549,0.7888888888888889,0.8529411764705882,0.4570116698741913,0.4156576097011566,0.4345211684703827,0.4264271557331085,0.4733513593673706,0.7670539021492004,0.4677068293094635,0.7970860004425049,0.26733124256134033,0.7739459276199341,0.23522675037384033,0.8067296743392944,0.2569444444444444,0.7450980392156863,0.2111111111111111,0.7862745098039216,0.16527777777777777,0.8352941176470589,0.12916666666666668,0.8568627450980392
Cat_Cow_Pose (71),Cat,1,0.8021392226219177,0.23203687369823456,0.7914451956748962,0.21208055317401886,0.7864047288894653,0.2131611406803131,0.672131359577179,0.36002910137176514,0.6902058720588684,0.37982186675071716,0.6696981191635132,0.5922505259513855,0.6892318725585938,0.6221402883529663,0.6958807706832886,0.7925536036491394,0.711466908454895,0.8448972702026367,0.7472222222222222,0.7862745098039216,0.7847222222222222,0.8627450980392157,0.7257164716720581,0.7978111505508423,0.7468336820602417,0.8639194965362549,0.4058828353881836,0.4592442214488983,0.39994096755981445,0.48571258783340454,0.42967551946640015,0.7786569595336914,0.4310469627380371,0.8125641345977783,0.23244363069534302,0.7749119997024536,0.21587079763412476,0.8080352544784546,0.22916666666666666,0.7352941176470589,0.1736111111111111,0.7705882352941177,0.14922453463077545,0.8185455799102783,0.12156051397323608,0.8409754633903503
Cat_Cow_Pose (75),Cat,1,0.6584018468856812,0.4663201570510864,0.6793776750564575,0.472068190574646,0.6815005540847778,0.46338242292404175,0.6680399179458618,0.39173659682273865,0.6780412197113037,0.3951454162597656,0.661481499671936,0.5899903774261475,0.6716389656066895,0.607651948928833,0.6608376502990723,0.801730215549469,0.6804494857788086,0.8471907377243042,0.7416666666666667,0.8145833333333333,0.7541666666666667,0.8604166666666667,0.6900410652160645,0.8141429424285889,0.7162907123565674,0.8661531209945679,0.4229515492916107,0.45345619320869446,0.4147489070892334,0.45374470949172974,0.396455317735672,0.7984710931777954,0.3876756727695465,0.8315998911857605,0.17690610885620117,0.8111993670463562,0.1551593542098999,0.8370247483253479,0.15742835402488708,0.7714391946792603,0.1419685184955597,0.7899978756904602,0.08106493949890137,0.8473747968673706,0.05929121375083923,0.8607540130615234
Cat_Cow_Pose (76),Cat,1,0.6120356321334839,0.513503909111023,0.6284505724906921,0.528029203414917,0.6298874020576477,0.5261649489402771,0.6282187700271606,0.4157666265964508,0.6279208064079285,0.42634904384613037,0.6357669830322266,0.6372110843658447,0.637472927570343,0.669673502445221,0.6449480652809143,0.828117847442627,0.6472222222222223,0.8611764705882353,0.7222222222222222,0.8705882352941177,0.7222222222222222,0.8870588235294118,0.6888888888888889,0.8729411764705882,0.6861111111111111,0.8729411764705882,0.4161438047885895,0.4648887515068054,0.4040827751159668,0.4722028076648712,0.39912885427474976,0.8219761252403259,0.39009156823158264,0.8554844260215759,0.21392416954040527,0.8169968128204346,0.19056031107902527,0.8370908498764038,0.19471792876720428,0.770309567451477,0.17777777777777778,0.7764705882352941,0.12939679622650146,0.8601949214935303,0.09305555555555556,0.8564705882352941
Cat_Cow_Pose (79),Cat,1,0.7812464237213135,0.2961689233779907,0.7911638021469116,0.25857725739479065,0.7902057766914368,0.25945398211479187,0.655914306640625,0.28534889221191406,0.6578779220581055,0.31557029485702515,0.6440372467041016,0.5519568920135498,0.6491966247558594,0.6056351065635681,0.6497464776039124,0.7765300273895264,0.6523216962814331,0.8606188297271729,0.7236111111111111,0.7925925925925926,0.7361111111111112,0.8962962962962963,0.6857591867446899,0.7997192144393921,0.6868653297424316,0.8831003904342651,0.39249324798583984,0.3916734457015991,0.36672958731651306,0.40440016984939575,0.3951294422149658,0.7554499506950378,0.3824617862701416,0.8001610040664673,0.22265931963920593,0.7303510904312134,0.18549436330795288,0.7871385812759399,0.20297981798648834,0.6757988333702087,0.17153991758823395,0.7350946068763733,0.16754475235939026,0.8000591397285461,0.1,0.8419753086419753
Cat_Cow_Pose (80),Cat,1,0.6776736974716187,0.49759775400161743,0.6985722780227661,0.5038501024246216,0.6934346556663513,0.4965834617614746,0.7170878648757935,0.40795090794563293,0.6370568871498108,0.3810693621635437,0.7091161012649536,0.6348039507865906,0.6177096962928772,0.6465888023376465,0.7328847646713257,0.8764423131942749,0.6263231039047241,0.8974927067756653,0.825,0.9122448979591836,0.7125,0.9408163265306122,0.7583333333333333,0.9061224489795918,0.6516432166099548,0.9325224757194519,0.4655865430831909,0.42422473430633545,0.40845251083374023,0.40206024050712585,0.4348065257072449,0.8056672811508179,0.3863522410392761,0.7940772771835327,0.23302875459194183,0.7992023825645447,0.17543506622314453,0.7875549793243408,0.19778238236904144,0.7712609171867371,0.1399565041065216,0.7617871761322021,0.19950257241725922,0.885244607925415,0.15802720189094543,0.8905538320541382
Cat_Cow_Pose (83),Cat,1,0.4511204957962036,0.6649355888366699,0.4427911043167114,0.6647695302963257,0.4436081051826477,0.6664883494377136,0.4435843229293823,0.6100091934204102,0.45028507709503174,0.6003628373146057,0.44020208716392517,0.7324038743972778,0.44362449645996094,0.71684330701828,0.4233080744743347,0.8472673892974854,0.4284931719303131,0.820376455783844,0.3902777777777778,0.8539325842696629,0.4107311964035034,0.8293752074241638,0.40555555555555556,0.851123595505618,0.4130728840827942,0.8275102376937866,0.5469092726707458,0.6382358074188232,0.5437655448913574,0.6305981874465942,0.5598697662353516,0.8441228270530701,0.5553838014602661,0.8252835273742676,0.6601569652557373,0.8141204118728638,0.653377115726471,0.8094860315322876,0.671118974685669,0.7925034761428833,0.6660370230674744,0.788568913936615,0.6850607991218567,0.8718709945678711,0.6811790466308594,0.8621039390563965
Cat_Cow_Pose (85),Cat,1,0.6200777888298035,0.5169005393981934,0.6414101123809814,0.5199816823005676,0.6415561437606812,0.5162490010261536,0.6210935115814209,0.43870463967323303,0.6076890826225281,0.42389702796936035,0.6445742845535278,0.6077100038528442,0.6363053321838379,0.6084722876548767,0.6482548713684082,0.7792273759841919,0.6464141607284546,0.7835443019866943,0.7319444444444444,0.7920604914933838,0.6598612666130066,0.804223895072937,0.6944444444444444,0.7977315689981096,0.6930555555555555,0.7996219281663516,0.36007389426231384,0.48075923323631287,0.3248370587825775,0.47337108850479126,0.37528419494628906,0.7749125957489014,0.3415294289588928,0.8041555881500244,0.1691012680530548,0.7219109535217285,0.15439337491989136,0.7268699407577515,0.15047019720077515,0.6806216239929199,0.12083333333333333,0.6975425330812854,0.0822717547416687,0.7633517980575562,0.06553623080253601,0.7624032497406006
Cat_Cow_Pose (87),Cat,1,0.7139979600906372,0.42609089612960815,0.7347848415374756,0.4391365051269531,0.7369746565818787,0.43530237674713135,0.7116369605064392,0.3373704254627228,0.7290408611297607,0.33407261967658997,0.7079266309738159,0.5231631398200989,0.7142038345336914,0.5636562705039978,0.7152777777777778,0.7379454926624738,0.7358622550964355,0.7738640904426575,0.7875,0.7421383647798742,0.8125,0.7861635220125787,0.7583333333333333,0.7589098532494759,0.7632601261138916,0.7958210706710815,0.48766934871673584,0.3481268584728241,0.4862212836742401,0.34436625242233276,0.4736111111111111,0.7358490566037735,0.4724716246128082,0.7474087476730347,0.2565339207649231,0.7114055156707764,0.24446320533752441,0.7351108193397522,0.2340828776359558,0.6688516139984131,0.22581827640533447,0.6899271607398987,0.15558680891990662,0.7697625160217285,0.1358489692211151,0.7854850888252258
Cat_Cow_Pose (9),Cat,1,0.2222222222222222,0.33958333333333335,0.22361111111111112,0.31666666666666665,0.20694444444444443,0.30833333333333335,0.3388888888888889,0.3958333333333333,0.35833333333333334,0.3145833333333333,0.32916666666666666,0.65,0.32222222222222224,0.6020833333333333,0.325,0.86875,0.30833333333333335,0.7604166666666666,0.3055555555555556,0.9145833333333333,0.29305555555555557,0.8270833333333333,0.2847222222222222,0.8791666666666667,0.2902777777777778,0.8020833333333334,0.6238963603973389,0.4517701268196106,0.6009830236434937,0.4639210104942322,0.6236111111111111,0.8604166666666667,0.5625,0.80625,0.8097222222222222,0.80625,0.7638888888888888,0.7645833333333333,0.8263888888888888,0.76875,0.7875,0.725,0.9125,0.8375,0.8458333333333333,0.7770833333333333
Cat_Cow_Pose (95),Cat,1,0.7877345085144043,0.4331839084625244,0.8137813806533813,0.423652708530426,0.8107402324676514,0.4135381579399109,0.7759101390838623,0.32430797815322876,0.7443134784698486,0.31407371163368225,0.804655909538269,0.5216033458709717,0.7663745880126953,0.5238003730773926,0.8487793207168579,0.7046992778778076,0.8135756254196167,0.7661945819854736,0.9291666666666667,0.740234375,0.8916666666666667,0.78125,0.8826215267181396,0.7279645204544067,0.8537648916244507,0.7855955362319946,0.4529701769351959,0.3249695599079132,0.41788122057914734,0.31789475679397583,0.4386809468269348,0.7019639015197754,0.40790072083473206,0.7321635484695435,0.19604560732841492,0.6798943281173706,0.15175744891166687,0.7223118543624878,0.17083333333333334,0.658203125,0.1125,0.673828125,0.11644646525382996,0.7129984498023987,0.060210615396499634,0.7612190842628479
Cat_Cow_Pose (96),Cat,1,0.3863215446472168,0.42417436838150024,0.36586856842041016,0.4321790337562561,0.3691753149032593,0.4346594512462616,0.3511936664581299,0.33616822957992554,0.380882203578949,0.3376109302043915,0.32560285925865173,0.5349768996238708,0.35596412420272827,0.5142098069190979,0.30351388454437256,0.7335555553436279,0.34802666306495667,0.6794261932373047,0.21944444444444444,0.7529182879377432,0.2722222222222222,0.7003891050583657,0.26805555555555555,0.745136186770428,0.32278141379356384,0.693943977355957,0.6148975491523743,0.3599730432033539,0.6195842623710632,0.35465380549430847,0.6271106600761414,0.7080390453338623,0.6342232823371887,0.6858052015304565,0.8375,0.6264591439688716,0.8316301107406616,0.6243903636932373,0.8833333333333333,0.5992217898832685,0.8606473207473755,0.5847585797309875,0.8957302570343018,0.7236825823783875,0.8789701461791992,0.7248450517654419
Cat_Cow_Pose (97),Cat,1,0.6903637647628784,0.43616020679473877,0.7143520712852478,0.44448840618133545,0.7157047986984253,0.44121068716049194,0.7042028903961182,0.3529413640499115,0.7028403282165527,0.3503362238407135,0.7099661827087402,0.5359667539596558,0.7144768238067627,0.5602902770042419,0.7050920724868774,0.7301244139671326,0.7108262181282043,0.7568802833557129,0.775,0.7580340264650284,0.7861111111111111,0.776937618147448,0.7387613654136658,0.7487826347351074,0.7417974472045898,0.777382493019104,0.4108290374279022,0.3758733868598938,0.4015449583530426,0.3801494836807251,0.3987114727497101,0.7257254123687744,0.3929491937160492,0.7511762380599976,0.1843443214893341,0.6669334769248962,0.17642241716384888,0.6696022748947144,0.15070083737373352,0.6267234086990356,0.14432138204574585,0.6267901659011841,0.1404746174812317,0.7710062265396118,0.13187065720558167,0.7608075141906738
Cat_Cow_Pose (98),Cat,1,0.3287818729877472,0.42937758564949036,0.3097807765007019,0.44544535875320435,0.3132994771003723,0.44544875621795654,0.2673795819282532,0.32886460423469543,0.2854398190975189,0.32787632942199707,0.24656522274017334,0.5788667798042297,0.2573487162590027,0.5671724081039429,0.18599310517311096,0.8366797566413879,0.2058442234992981,0.776792049407959,0.10833333333333334,0.8602620087336245,0.13333333333333333,0.7794759825327511,0.14883768558502197,0.8587813377380371,0.1652056872844696,0.7958372831344604,0.5688410997390747,0.3366994261741638,0.5618454813957214,0.34469252824783325,0.5590052008628845,0.7985338568687439,0.5533515214920044,0.7729030847549438,0.7983689904212952,0.7534379959106445,0.7879138588905334,0.7460241913795471,0.8206754922866821,0.6996837854385376,0.81031733751297,0.6910354495048523,0.906105637550354,0.8500411510467529,0.8861950635910034,0.8325940370559692
Downward-Facing_Dog_posejpg (10),Downward-Facing_Dog,2,0.37916666666666665,0.6832579185520362,0.3472222222222222,0.6968325791855203,0.35138888888888886,0.6900452488687783,0.3661799132823944,0.5201166868209839,0.3753904700279236,0.5122473239898682,0.26251763105392456,0.7286190986633301,0.26607370376586914,0.7029930353164673,0.12858670949935913,0.9108462929725647,0.15667670965194702,0.8583290576934814,0.0375,0.9366515837104072,0.0625,0.8733031674208145,0.09132349491119385,0.929343044757843,0.11503368616104126,0.8798436522483826,0.6654496788978577,0.12177833914756775,0.6556774973869324,0.137351393699646,0.7903060913085938,0.49990883469581604,0.7780365943908691,0.4995383620262146,0.9291666666666667,0.8484162895927602,0.9185382723808289,0.8276528120040894,0.9772248268127441,0.9133737683296204,0.9611459970474243,0.8947479128837585,0.8513888888888889,0.9705882352941176,0.8208333333333333,0.9095022624434389
Downward-Facing_Dog_posejpg (101),Downward-Facing_Dog,2,0.5958333333333333,0.6493506493506493,0.6236111111111111,0.6493506493506493,0.6222222222222222,0.6493506493506493,0.5943463444709778,0.47619056701660156,0.5935977697372437,0.49936848878860474,0.6551860570907593,0.596664309501648,0.6667695045471191,0.6251628398895264,0.7944444444444444,0.7445887445887446,0.7861111111111111,0.7272727272727273,0.8694444444444445,0.7445887445887446,0.8875,0.7792207792207793,0.8361111111111111,0.7467532467532467,0.8486111111111111,0.7640692640692641,0.4203033149242401,0.19743357598781586,0.4142654240131378,0.19620691239833832,0.3013004958629608,0.43292251229286194,0.2937166690826416,0.4394192099571228,0.19928908348083496,0.6834997534751892,0.18873237073421478,0.6951497197151184,0.18194444444444444,0.7424242424242424,0.17083333333333334,0.7619047619047619,0.2772468328475952,0.7439669966697693,0.25850164890289307,0.7541159987449646
Downward-Facing_Dog_posejpg (102),Downward-Facing_Dog,2,0.5617547035217285,0.5439842939376831,0.5799473524093628,0.5670997500419617,0.5867302417755127,0.563953697681427,0.5985777378082275,0.4604925513267517,0.6362665891647339,0.45422235131263733,0.651957631111145,0.619049072265625,0.6739120483398438,0.6429169178009033,0.7408875823020935,0.7564585208892822,0.7793899178504944,0.8071374297142029,0.8111111111111111,0.771484375,0.875,0.830078125,0.7702581286430359,0.7722195982933044,0.8176189661026001,0.8323908448219299,0.40095171332359314,0.21732117235660553,0.4027513563632965,0.19179490208625793,0.3014039397239685,0.4997948408126831,0.2953760027885437,0.5003833770751953,0.21010838449001312,0.7597489953041077,0.19307245314121246,0.7845425009727478,0.17969490587711334,0.8097663521766663,0.15667811036109924,0.8327506184577942,0.29583333333333334,0.798828125,0.27861738204956055,0.844106912612915
Downward-Facing_Dog_posejpg (103),Downward-Facing_Dog,2,0.5638888888888889,0.7064393939393939,0.5875,0.7045454545454546,0.5902777777777778,0.7045454545454546,0.5920878052711487,0.558857798576355,0.6102272272109985,0.5727500915527344,0.7236111111111111,0.6647727272727273,0.725,0.7253787878787878,0.8013888888888889,0.7575757575757576,0.8458333333333333,0.8049242424242424,0.8916666666666667,0.7878787878787878,0.9569444444444445,0.8465909090909091,0.8527777777777777,0.7859848484848485,0.8912285566329956,0.850736141204834,0.41201210021972656,0.24552232027053833,0.4174705743789673,0.23304441571235657,0.27291417121887207,0.48498988151550293,0.26545462012290955,0.4892802834510803,0.12098413705825806,0.6968912482261658,0.09592244029045105,0.7116703987121582,0.06944444444444445,0.7537878787878788,0.027777777777777776,0.7916666666666666,0.1875,0.7878787878787878,0.15802577137947083,0.8210669755935669
Downward-Facing_Dog_posejpg (104),Downward-Facing_Dog,2,0.42308497428894043,0.6176095008850098,0.4071606993675232,0.6157618165016174,0.405281662940979,0.6156260967254639,0.42514097690582275,0.5571128726005554,0.4216296076774597,0.5472710132598877,0.3491530418395996,0.6565262079238892,0.3510439097881317,0.6371994018554688,0.23822611570358276,0.732375979423523,0.27009254693984985,0.7013223171234131,0.17083333333333334,0.7444444444444445,0.21666666666666667,0.6930555555555555,0.20782995223999023,0.7420638799667358,0.24333420395851135,0.7038634419441223,0.6150670647621155,0.3414910137653351,0.5928067564964294,0.3444243371486664,0.6705476641654968,0.5183281898498535,0.6583603620529175,0.5216901898384094,0.7454313039779663,0.6907866597175598,0.7282150387763977,0.673725962638855,0.7784391045570374,0.7194924354553223,0.750375509262085,0.7006844878196716,0.6763888888888889,0.725,0.6541666666666667,0.6944444444444444
Downward-Facing_Dog_posejpg (105),Downward-Facing_Dog,2,0.3278222680091858,0.7046501636505127,0.31289881467819214,0.7195470333099365,0.31334835290908813,0.7183742523193359,0.28740304708480835,0.6054706573486328,0.29161176085472107,0.5960570573806763,0.22809457579972184,0.7153284671532847,0.2239221140472879,0.6690997566909975,0.09596662030598054,0.7956204379562044,0.1404728789986092,0.7250608272506083,0.02364394993045897,0.8102189781021898,0.07788595271210014,0.7420924574209246,0.053718745708465576,0.8155295848846436,0.11126564673157163,0.7445255474452555,0.4356718957424164,0.29866182804107666,0.43678930401802063,0.300925076007843,0.5715343952178955,0.5150022506713867,0.5624502301216125,0.5125808119773865,0.6966822147369385,0.7062581777572632,0.6803733706474304,0.6844679713249207,0.7212316989898682,0.7339004874229431,0.7078913450241089,0.7217872142791748,0.6383866481223922,0.7615571776155717,0.6008344923504868,0.732360097323601
Downward-Facing_Dog_posejpg (107),Downward-Facing_Dog,2,0.3888888888888889,0.6957446808510638,0.36527777777777776,0.7085106382978723,0.3638888888888889,0.7042553191489361,0.35494619607925415,0.551120400428772,0.36720073223114014,0.5522930026054382,0.2756626307964325,0.7286643385887146,0.2988903820514679,0.7109593749046326,0.1763888888888889,0.8659574468085106,0.20803222060203552,0.8371718525886536,0.08194444444444444,0.9085106382978724,0.11944444444444445,0.8659574468085106,0.13844111561775208,0.898948073387146,0.1769263744354248,0.8611680269241333,0.6026248335838318,0.27227795124053955,0.5968324542045593,0.2834477722644806,0.724715530872345,0.5582389831542969,0.7178483605384827,0.5629184246063232,0.8355922102928162,0.8602991104125977,0.8282433152198792,0.8403646349906921,0.8680555555555556,0.9170212765957447,0.8625,0.9,0.7613001465797424,0.962413489818573,0.7541666666666667,0.9276595744680851
Downward-Facing_Dog_posejpg (108),Downward-Facing_Dog,2,0.41531479358673096,0.5810051560401917,0.3925584852695465,0.5952431559562683,0.3934316039085388,0.5965111255645752,0.36605292558670044,0.45127397775650024,0.3803778886795044,0.4647054076194763,0.28993746638298035,0.6255778670310974,0.31255969405174255,0.6182693243026733,0.19274407625198364,0.7440084218978882,0.2217138111591339,0.7142435908317566,0.10694444444444444,0.7645833333333333,0.16944444444444445,0.6854166666666667,0.1638888888888889,0.7541666666666667,0.2,0.7020833333333333,0.5824565291404724,0.1345708966255188,0.5826467275619507,0.16910530626773834,0.6956616640090942,0.418620228767395,0.6882361173629761,0.42244046926498413,0.8132546544075012,0.697414755821228,0.8006072044372559,0.6784347295761108,0.8612927794456482,0.7422311305999756,0.8430843353271484,0.7341181039810181,0.7569444444444444,0.7708333333333334,0.7361111111111112,0.73125
Downward-Facing_Dog_posejpg (109),Downward-Facing_Dog,2,0.5347222222222222,0.6333333333333333,0.5055555555555555,0.6351851851851852,0.5138888888888888,0.6407407407407407,0.5114069581031799,0.4974520206451416,0.5040231943130493,0.4837462902069092,0.42170193791389465,0.6535019874572754,0.41694360971450806,0.6318632960319519,0.2701851725578308,0.7440687417984009,0.29512909054756165,0.7007089853286743,0.16944444444444445,0.7481481481481481,0.2222222222222222,0.7018518518518518,0.22493407130241394,0.7490217685699463,0.2576042115688324,0.6990109086036682,0.7279912829399109,0.2144751250743866,0.7046442627906799,0.2263658195734024,0.8465480804443359,0.4487236738204956,0.8209383487701416,0.4494481086730957,0.9643002152442932,0.6680183410644531,0.9315744638442993,0.6530766487121582,0.9872395992279053,0.6960331201553345,0.9567614793777466,0.6931275725364685,0.9061374664306641,0.7472646236419678,0.8741933703422546,0.7322626709938049
Downward-Facing_Dog_posejpg (11),Downward-Facing_Dog,2,0.4887886643409729,0.652743399143219,0.47325682640075684,0.6616144180297852,0.47191402316093445,0.6618815660476685,0.44929829239845276,0.57863450050354,0.4583793580532074,0.5724079608917236,0.38355401158332825,0.6914663314819336,0.3991609811782837,0.6776353120803833,0.30379265546798706,0.7793170213699341,0.325,0.7592592592592593,0.2638888888888889,0.7666666666666667,0.30972222222222223,0.7222222222222222,0.2875,0.7574074074074074,0.32083333333333336,0.7222222222222222,0.6202864646911621,0.4042406380176544,0.6170313358306885,0.4043983817100525,0.7261454463005066,0.5854923129081726,0.7144349217414856,0.5790884494781494,0.8165789246559143,0.7549722194671631,0.8000892400741577,0.7294280529022217,0.8395653963088989,0.792041540145874,0.8247142434120178,0.7739723324775696,0.7541666666666667,0.8074074074074075,0.75,0.762962962962963
Downward-Facing_Dog_posejpg (111),Downward-Facing_Dog,2,0.4871358573436737,0.7670650482177734,0.4727530777454376,0.7692777514457703,0.4732235074043274,0.7660208940505981,0.4855313301086426,0.5980300903320312,0.4848499596118927,0.5593940019607544,0.41063034534454346,0.798524022102356,0.41142043471336365,0.727610170841217,0.3277777777777778,0.9519650655021834,0.34362372756004333,0.844015896320343,0.26666666666666666,0.982532751091703,0.2986111111111111,0.8558951965065502,0.2926386296749115,0.9558056592941284,0.3194444444444444,0.868995633187773,0.64252769947052,0.138180673122406,0.6376239061355591,0.11042623966932297,0.7267577648162842,0.4851859211921692,0.7264714241027832,0.4754645824432373,0.7944444444444444,0.8602620087336245,0.7790927886962891,0.7955513596534729,0.8180555555555555,0.9301310043668122,0.7958333333333333,0.8733624454148472,0.7456432580947876,0.945521891117096,0.7194444444444444,0.8602620087336245
Downward-Facing_Dog_posejpg (113),Downward-Facing_Dog,2,0.3670133352279663,0.6723167896270752,0.34760695695877075,0.6579205393791199,0.3466055393218994,0.6563911437988281,0.4143109917640686,0.5651418566703796,0.3976508378982544,0.5310688018798828,0.3138888888888889,0.7140151515151515,0.3118230402469635,0.6915626525878906,0.17617547512054443,0.8297450542449951,0.2187010645866394,0.8013646602630615,0.08194444444444444,0.8484848484848485,0.09583333333333334,0.8162878787878788,0.13804835081100464,0.8418397903442383,0.19549188017845154,0.8087214231491089,0.6319578886032104,0.25366827845573425,0.6093772053718567,0.24202708899974823,0.7396167516708374,0.5165392160415649,0.7316862940788269,0.5102483034133911,0.8646719455718994,0.7651832103729248,0.8449575901031494,0.7379453778266907,0.8875,0.821969696969697,0.9027777777777778,0.8390151515151515,0.7786175608634949,0.8529527187347412,0.7609770894050598,0.8313591480255127
Downward-Facing_Dog_posejpg (114),Downward-Facing_Dog,2,0.4523971676826477,0.7167280316352844,0.4293074607849121,0.7370762825012207,0.43087446689605713,0.7382922172546387,0.3870454430580139,0.602608323097229,0.3874311149120331,0.5808862447738647,0.2854006290435791,0.7303603887557983,0.286884069442749,0.7084311246871948,0.14527690410614014,0.8352336883544922,0.1853015422821045,0.7792210578918457,0.06527777777777778,0.859538784067086,0.1444767415523529,0.7926118969917297,0.10651251673698425,0.8509728908538818,0.14819899201393127,0.7868556976318359,0.5970738530158997,0.26268091797828674,0.5935115814208984,0.2558116316795349,0.758284330368042,0.5047106742858887,0.7477942109107971,0.5028588771820068,0.8958333333333334,0.7672955974842768,0.8777777777777778,0.7463312368972747,0.9416666666666667,0.8259958071278826,0.9092904329299927,0.7728310823440552,0.8303946852684021,0.8466261029243469,0.8111111111111111,0.7966457023060797
Downward-Facing_Dog_posejpg (115),Downward-Facing_Dog,2,0.6162232160568237,0.6757151484489441,0.6438258290290833,0.6697252988815308,0.6386070251464844,0.6691946983337402,0.6361657977104187,0.5293093919754028,0.5749892592430115,0.5613945722579956,0.7255200147628784,0.6752318143844604,0.6760236024856567,0.7069612741470337,0.8027777777777778,0.82421875,0.774390697479248,0.8584757447242737,0.8888888888888888,0.84375,0.8555555555555555,0.861328125,0.8513888888888889,0.849609375,0.8222222222222222,0.865234375,0.42334097623825073,0.18949967622756958,0.3848523199558258,0.18233299255371094,0.31898218393325806,0.4933509826660156,0.28220540285110474,0.4968525767326355,0.20704302191734314,0.749666154384613,0.18055555555555555,0.748046875,0.2,0.7734375,0.1597222222222222,0.767578125,0.25277777777777777,0.8515625,0.20694444444444443,0.859375
Downward-Facing_Dog_posejpg (117),Downward-Facing_Dog,2,0.5032608509063721,0.6544228196144104,0.52330082654953,0.6662473082542419,0.5104610323905945,0.6632956862449646,0.531808078289032,0.5142987370491028,0.44132959842681885,0.5326075553894043,0.6180657148361206,0.652042031288147,0.5215297937393188,0.6877968311309814,0.7290900349617004,0.8052656650543213,0.6225790977478027,0.8456836938858032,0.7554280161857605,0.8262397050857544,0.6986111111111111,0.8927875243664717,0.8027777777777778,0.834307992202729,0.6457924842834473,0.8791772723197937,0.3666185438632965,0.2075389176607132,0.30730804800987244,0.19230854511260986,0.3127698302268982,0.46701544523239136,0.23077619075775146,0.45536118745803833,0.2572943866252899,0.6558821201324463,0.17222222222222222,0.6920077972709552,0.2460441142320633,0.68033766746521,0.16111111111111112,0.7582846003898636,0.2887462079524994,0.7484808564186096,0.24658778309822083,0.7698613405227661
Downward-Facing_Dog_posejpg (118),Downward-Facing_Dog,2,0.6166666666666667,0.6628787878787878,0.6347222222222222,0.6685606060606061,0.6444444444444445,0.6723484848484849,0.6162290573120117,0.523217499256134,0.5734703540802002,0.5506950616836548,0.7041279077529907,0.6527559757232666,0.6651657819747925,0.6860266923904419,0.7858916521072388,0.7835658192634583,0.7638888888888888,0.8106060606060606,0.823272705078125,0.8140738010406494,0.8555555555555555,0.8390151515151515,0.8273704051971436,0.8080637454986572,0.8138888888888889,0.8352272727272727,0.4265696406364441,0.20194320380687714,0.39468884468078613,0.19625163078308105,0.317574143409729,0.47576433420181274,0.29344069957733154,0.48093950748443604,0.21701008081436157,0.7237582206726074,0.19302363693714142,0.7382934093475342,0.18611111111111112,0.7481060606060606,0.1625,0.7462121212121212,0.2588250935077667,0.8069580793380737,0.20833333333333334,0.8314393939393939
Downward-Facing_Dog_posejpg (12),Downward-Facing_Dog,2,0.5366066694259644,0.7662113904953003,0.553010106086731,0.782372236251831,0.556944727897644,0.7832573652267456,0.5807628631591797,0.6301095485687256,0.6015528440475464,0.6481844186782837,0.7111111111111111,0.7568134171907757,0.7055555555555556,0.7966457023060797,0.7902872562408447,0.8475027084350586,0.8254879713058472,0.9131100177764893,0.8791666666666667,0.8616352201257862,0.9111111111111111,0.9245283018867925,0.8430555555555556,0.8805031446540881,0.8597222222222223,0.9182389937106918,0.43200504779815674,0.29353880882263184,0.44234415888786316,0.2904007136821747,0.3408135175704956,0.568590521812439,0.33415430784225464,0.5764368176460266,0.24720700085163116,0.8313348293304443,0.23057927191257477,0.8682552576065063,0.21424032747745514,0.8722617626190186,0.19745606184005737,0.9022403955459595,0.35,0.8742138364779874,0.30694444444444446,0.9266247379454927
Downward-Facing_Dog_posejpg (121),Downward-Facing_Dog,2,0.3902777777777778,0.554639175257732,0.36527777777777776,0.5711340206185567,0.35555555555555557,0.5731958762886598,0.3580783009529114,0.3902924954891205,0.37930354475975037,0.4105157256126404,0.2604142725467682,0.5793680548667908,0.293008953332901,0.5747102499008179,0.1361111111111111,0.6907216494845361,0.15833333333333333,0.6762886597938145,0.041666666666666664,0.7381443298969073,0.05555555555555555,0.7030927835051546,0.09583333333333334,0.7402061855670103,0.09583333333333334,0.7072164948453609,0.5894818902015686,0.055335476994514465,0.5955610275268555,0.09999895095825195,0.7730559706687927,0.3347412943840027,0.7550990581512451,0.35815536975860596,0.9305555555555556,0.6350515463917525,0.9055555555555556,0.6061855670103092,0.9694444444444444,0.7216494845360825,0.9597222222222223,0.6948453608247422,0.8361111111111111,0.7381443298969073,0.8166666666666667,0.6927835051546392
Downward-Facing_Dog_posejpg (126),Downward-Facing_Dog,2,0.5422702431678772,0.7496885061264038,0.5574948787689209,0.7683169841766357,0.553966224193573,0.7714663147926331,0.5919572710990906,0.6261740326881409,0.5900650024414062,0.6620843410491943,0.6543211936950684,0.7728424668312073,0.6865718364715576,0.8250433206558228,0.7202057838439941,0.8939063549041748,nan,nan,0.7469043731689453,0.9200084805488586,nan,nan,0.7470774054527283,0.9130254983901978,nan,nan,0.4040079116821289,0.3172443211078644,0.3796374499797821,0.331255704164505,0.3401128649711609,0.6140871047973633,0.3128400146961212,0.649682879447937,0.2640780806541443,0.8909783363342285,0.22734083235263824,0.9232363700866699,0.24452540278434753,0.9266417026519775,0.20443981885910034,0.9585341811180115,nan,nan,0.274850070476532,0.9939877986907959
Downward-Facing_Dog_posejpg (128),Downward-Facing_Dog,2,0.5225242376327515,0.791853666305542,0.5327892899513245,0.7989768981933594,0.5354158282279968,0.7978977560997009,0.5509015321731567,0.6922301054000854,0.5479708909988403,0.7067628502845764,0.5879178643226624,0.7899168729782104,0.5857537984848022,0.8163579702377319,0.6452205181121826,0.8675859570503235,0.6588566303253174,0.9105210304260254,0.6888888888888889,0.8775510204081632,0.7013888888888888,0.9115646258503401,0.6694444444444444,0.873015873015873,0.6819546222686768,0.9192700386047363,0.4224430024623871,0.4850586950778961,0.41730669140815735,0.4850553572177887,0.3479110598564148,0.6799277067184448,0.34840917587280273,0.6854057908058167,0.2997034192085266,0.8481029272079468,0.29320603609085083,0.8624976277351379,0.285658061504364,0.877772331237793,0.2760266363620758,0.8925065994262695,0.33887600898742676,0.8931221961975098,0.33793655037879944,0.9029242992401123
Downward-Facing_Dog_posejpg (13),Downward-Facing_Dog,2,0.5531893968582153,0.7411304116249084,0.5657061338424683,0.74806809425354,0.5702131986618042,0.7431653141975403,0.5624065399169922,0.6316579580307007,0.5715526342391968,0.6358072757720947,0.6092972755432129,0.7758207321166992,0.6161181926727295,0.7926172018051147,0.6647606492042542,0.8877149820327759,0.6948849558830261,0.9519127607345581,0.7333333333333333,0.9160493827160494,0.7486111111111111,0.9604938271604938,0.6871709823608398,0.8980729579925537,0.7177820205688477,0.9628976583480835,0.39982539415359497,0.4075360596179962,0.3960949182510376,0.38892966508865356,0.30192139744758606,0.6480354070663452,0.2938690781593323,0.6473810076713562,0.1975233256816864,0.8517419695854187,0.18091849982738495,0.870842456817627,0.17340978980064392,0.8959497213363647,0.15718874335289001,0.9087940454483032,0.25412023067474365,0.9318909645080566,0.24065811932086945,0.9459664821624756
Downward-Facing_Dog_posejpg (131),Downward-Facing_Dog,2,0.5337945222854614,0.6545907258987427,0.5569738745689392,0.6691291332244873,0.5605265498161316,0.6667248010635376,0.5685880184173584,0.5214481353759766,0.5808565616607666,0.5244896411895752,0.6223439574241638,0.6715630292892456,0.6539157032966614,0.7095128893852234,0.7319276928901672,0.7710355520248413,0.7933166027069092,0.8362405300140381,0.8555555555555555,0.8314393939393939,0.8875,0.8465909090909091,0.825,0.8314393939393939,0.8432695865631104,0.8527345657348633,0.36853429675102234,0.18350879848003387,0.370255708694458,0.18010789155960083,0.26550355553627014,0.4785311818122864,0.2544804811477661,0.4937609136104584,0.12025269865989685,0.7504643201828003,0.09669351577758789,0.7707256078720093,0.07051542401313782,0.7895562648773193,0.050905704498291016,0.8161201477050781,0.20833333333333334,0.821969696969697,0.19444444444444445,0.8371212121212122
Downward-Facing_Dog_posejpg (132),Downward-Facing_Dog,2,0.33611111111111114,0.6328125,0.3033701777458191,0.6155490875244141,0.30097338557243347,0.615913450717926,0.3750753402709961,0.5142248868942261,0.3573724031448364,0.4968574345111847,0.297281950712204,0.69081711769104,0.2916666666666667,0.681640625,0.19773617386817932,0.8538988828659058,0.202090322971344,0.7984777092933655,0.1111111111111111,0.87109375,0.11944444444444445,0.849609375,0.16658824682235718,0.8758000731468201,0.1638888888888889,0.8515625,0.5840117335319519,0.16277357935905457,0.5690582394599915,0.16961705684661865,0.6876961588859558,0.45129501819610596,0.6806220412254333,0.451468288898468,0.7986111111111112,0.7109375,0.7763888888888889,0.708984375,0.8319444444444445,0.7421875,0.8194444444444444,0.7265625,0.7916666666666666,0.86328125,0.7722222222222223,0.845703125
Downward-Facing_Dog_posejpg (133),Downward-Facing_Dog,2,0.5763888888888888,0.6806451612903226,0.5504165291786194,0.6838555335998535,0.5569444444444445,0.6774193548387096,0.5626163482666016,0.5533369779586792,0.5644906759262085,0.5149815678596497,0.4794692397117615,0.7443404197692871,0.4777777777777778,0.7451612903225806,0.38930824398994446,0.8862249851226807,0.4141991138458252,0.8236318826675415,0.32222222222222224,0.9290322580645162,0.3541666666666667,0.8451612903225807,0.36361226439476013,0.900856614112854,0.39444444444444443,0.8451612903225807,0.7432529330253601,0.1446344554424286,0.7320614457130432,0.14069432020187378,0.8297675848007202,0.49472537636756897,0.8128117918968201,0.48668110370635986,0.9069444444444444,0.7903225806451613,0.8791666666666667,0.7645161290322581,0.9388888888888889,0.9064516129032258,0.9194444444444444,0.8451612903225807,0.8416666666666667,0.9161290322580645,0.8222222222222222,0.8451612903225807
Downward-Facing_Dog_posejpg (134),Downward-Facing_Dog,2,0.502728283405304,0.5288505554199219,0.5120359659194946,0.5223453640937805,0.5103050470352173,0.5204673409461975,0.48979315161705017,0.41607534885406494,0.48298728466033936,0.4500589370727539,0.5421715974807739,0.5197178721427917,0.5399709343910217,0.6300961375236511,0.580332338809967,0.6566166281700134,0.6130573749542236,0.7717589139938354,0.6012923717498779,0.6740041375160217,0.6411019563674927,0.7703241109848022,0.5976924896240234,0.6647179126739502,0.6380670070648193,0.7983396053314209,0.3355385661125183,0.26174312829971313,0.3103834092617035,0.23807664215564728,0.3361912965774536,0.40032750368118286,0.2929486334323883,0.3310683071613312,0.2222222222222222,0.6265822784810127,0.21944444444444444,0.7025316455696202,0.19027777777777777,0.6582278481012658,0.18888888888888888,0.7658227848101266,0.25972222222222224,0.6930379746835443,0.25416666666666665,0.7721518987341772
Downward-Facing_Dog_posejpg (138),Downward-Facing_Dog,2,0.5628247261047363,0.4981499910354614,0.5841321349143982,0.49154001474380493,0.5807611346244812,0.48689842224121094,0.5590603351593018,0.3764359951019287,0.5256969928741455,0.40072566270828247,0.6517453789710999,0.49012118577957153,0.6206680536270142,0.5203583240509033,0.7513888888888889,0.634765625,0.7342890501022339,0.664267897605896,0.8486111111111111,0.662109375,0.7722442746162415,0.675524890422821,0.8013888888888889,0.66015625,0.7645464539527893,0.6858233213424683,0.33621490001678467,0.11027747392654419,0.30405959486961365,0.09898581355810165,0.24307182431221008,0.37033170461654663,0.20636573433876038,0.3640150725841522,0.1322338730096817,0.5735602974891663,0.09689407050609589,0.6105962991714478,0.09799355268478394,0.6131389141082764,0.07147948443889618,0.6447171568870544,0.19890785217285156,0.6511443853378296,0.1664399355649948,0.6769492030143738
Downward-Facing_Dog_posejpg (141),Downward-Facing_Dog,2,0.6434879302978516,0.6339186429977417,0.6639502048492432,0.6437448263168335,0.6652871370315552,0.6414382457733154,0.6783144474029541,0.51042240858078,0.6678217649459839,0.5374237298965454,0.7600492238998413,0.6597918272018433,0.7677642107009888,0.706551194190979,0.7527777777777778,0.6370370370370371,0.8902777777777777,0.7796296296296297,0.8625,0.6722222222222223,0.9736111111111111,0.7888888888888889,0.8375,0.687037037037037,0.9305555555555556,0.7648148148148148,0.4751427471637726,0.20611578226089478,0.45140907168388367,0.18346771597862244,0.35149917006492615,0.43263038992881775,0.31158411502838135,0.42729854583740234,0.2456357479095459,0.5968448519706726,0.1905905306339264,0.6406864523887634,0.20843252539634705,0.624548614025116,0.1536252200603485,0.6748447418212891,0.29444444444444445,0.6777777777777778,0.24583333333333332,0.7425925925925926
Downward-Facing_Dog_posejpg (142),Downward-Facing_Dog,2,0.3081754446029663,0.8334943056106567,0.2967033386230469,0.8440593481063843,0.296427845954895,0.8436198234558105,0.2746798098087311,0.7844270467758179,0.2858346700668335,0.7589503526687622,0.22021484375,0.8605959415435791,0.22317160665988922,0.8232616186141968,0.1479903757572174,0.9333838224411011,0.17326471209526062,0.8666040897369385,0.09305555555555556,0.9660633484162896,0.11944444444444445,0.8574660633484162,0.12216413021087646,0.9443778395652771,0.14973220229148865,0.8696397542953491,0.40458786487579346,0.5250146985054016,0.40991055965423584,0.5131656527519226,0.49900752305984497,0.7039278745651245,0.4939959645271301,0.6929056644439697,0.5791666666666667,0.8733031674208145,0.5623170137405396,0.8436385989189148,0.6069444444444444,0.9321266968325792,0.6027777777777777,0.8733031674208145,0.5361111111111111,0.920814479638009,0.5319444444444444,0.8710407239819005
Downward-Facing_Dog_posejpg (144),Downward-Facing_Dog,2,0.5958333333333333,0.6306818181818182,0.625,0.6382575757575758,0.6208333333333333,0.6401515151515151,0.6125127673149109,0.49949556589126587,0.6274561882019043,0.5043318867683411,0.6941250562667847,0.6852651238441467,0.7012665867805481,0.7059410810470581,0.8204626441001892,0.81498783826828,0.8395606279373169,0.8475326895713806,0.9166666666666666,0.8238636363636364,0.9375,0.8617424242424242,0.8648982048034668,0.8300472497940063,0.9013888888888889,0.8484848484848485,0.3635755777359009,0.17372140288352966,0.3930197060108185,0.1828090250492096,0.24735616147518158,0.47745466232299805,0.43857112526893616,0.5178550481796265,0.11910304427146912,0.7771435976028442,0.21951958537101746,0.7174822688102722,0.09305555555555556,0.8428030303030303,0.1763888888888889,0.7045454545454546,0.1875,0.8371212121212122,0.225,0.8598484848484849
Downward-Facing_Dog_posejpg (145),Downward-Facing_Dog,2,0.4377034306526184,0.642481803894043,0.415179580450058,0.6511231064796448,0.4142250418663025,0.6508370041847229,0.3987009823322296,0.5124658346176147,0.3840261697769165,0.4952683448791504,0.3099239468574524,0.6993718147277832,0.29477694630622864,0.6649447679519653,0.17103293538093567,0.8342123627662659,0.18671709299087524,0.7742106318473816,0.11903825402259827,0.8447279334068298,0.11944444444444445,0.7623318385650224,0.06805555555555555,0.8632286995515696,0.14739862084388733,0.7820529937744141,0.6150708794593811,0.1428200751543045,0.5783291459083557,0.15468557178974152,0.723413348197937,0.4369916319847107,0.6896132230758667,0.423332154750824,0.8221153020858765,0.708980143070221,0.7839884757995605,0.6606605052947998,0.856871485710144,0.7452886700630188,0.8149448037147522,0.6792561411857605,0.7909858226776123,0.8119531869888306,0.7453914284706116,0.7675893306732178
Downward-Facing_Dog_posejpg (148),Downward-Facing_Dog,2,0.357253760099411,0.5046952962875366,0.3435489535331726,0.5104699730873108,0.343660831451416,0.510196328163147,0.3421630263328552,0.4318169951438904,0.3568188548088074,0.4095097482204437,0.28546613454818726,0.5505568385124207,0.3028590679168701,0.5065075755119324,0.2165079116821289,0.6604623794555664,0.24477437138557434,0.5811780691146851,0.15833333333333333,0.6666666666666666,0.1986111111111111,0.58,0.19229811429977417,0.6674134731292725,0.22916666666666666,0.5777777777777777,0.4888705313205719,0.19248485565185547,0.4860483407974243,0.18402837216854095,0.592549741268158,0.38986706733703613,0.5839149951934814,0.37180644273757935,0.6828097105026245,0.5795259475708008,0.6662416458129883,0.5473057627677917,0.7055555555555556,0.6333333333333333,0.691605806350708,0.5806847810745239,0.6361111111111111,0.6555555555555556,0.6305555555555555,0.6
Downward-Facing_Dog_posejpg (149),Downward-Facing_Dog,2,0.45032423734664917,0.7106705904006958,0.42718788981437683,0.7229390144348145,0.42616143822669983,0.7225407958030701,0.4149124026298523,0.5899456143379211,0.39545243978500366,0.579923152923584,0.3002205491065979,0.7209160327911377,0.2974309027194977,0.7073739767074585,0.1832539141178131,0.834830641746521,0.199439138174057,0.8028818368911743,0.11944444444444445,0.849609375,0.125,0.81640625,0.14797425270080566,0.8473947048187256,0.1672426462173462,0.8150973320007324,0.5912836790084839,0.23703838884830475,0.565584123134613,0.25175315141677856,0.7034798860549927,0.5013794898986816,0.6832568645477295,0.5057977437973022,0.8179209232330322,0.7627401351928711,0.7955096960067749,0.7365440130233765,0.8305555555555556,0.81640625,0.8361111111111111,0.7890625,0.725,0.814453125,0.7222222222222222,0.796875
Downward-Facing_Dog_posejpg (150),Downward-Facing_Dog,2,0.3819444444444444,0.7076023391812866,0.3486111111111111,0.7270955165692008,0.3472222222222222,0.7290448343079922,0.31614503264427185,0.5283486843109131,0.3320580720901489,0.5371375679969788,0.2542155086994171,0.7453583478927612,0.2729072570800781,0.740069568157196,0.1375,0.898635477582846,0.15,0.8654970760233918,0.04027777777777778,0.9278752436647173,0.06805555555555555,0.8830409356725146,0.08333333333333333,0.9122807017543859,0.10555555555555556,0.8888888888888888,0.5917534232139587,0.19747717678546906,0.5629581212997437,0.24819132685661316,0.7312343120574951,0.5210919380187988,0.6958581805229187,0.5389717817306519,0.8738051652908325,0.8116497993469238,0.831515908241272,0.7789236307144165,0.9361111111111111,0.8771929824561403,0.8656483888626099,0.8197842836380005,0.7692273259162903,0.9011318683624268,0.7361111111111112,0.8810916179337231
Downward-Facing_Dog_posejpg (151),Downward-Facing_Dog,2,0.6667938232421875,0.5966728925704956,0.6870397925376892,0.600694477558136,0.6852244138717651,0.59805828332901,0.7054458856582642,0.46443599462509155,0.6664075255393982,0.47796332836151123,0.7785930037498474,0.6072044372558594,0.7390227913856506,0.6321303844451904,0.8640740513801575,0.7432248592376709,0.8343802690505981,0.788345992565155,0.8905296325683594,0.7729578018188477,0.8861111111111111,0.7858627858627859,0.891048789024353,0.7595672011375427,0.8625,0.7879417879417879,0.46180781722068787,0.22153614461421967,0.43051570653915405,0.20580852031707764,0.3393828272819519,0.49388957023620605,0.3139280676841736,0.48381108045578003,0.23720361292362213,0.756267786026001,0.20753420889377594,0.766119658946991,0.21152813732624054,0.7997768521308899,0.17127013206481934,0.8059173822402954,0.31724193692207336,0.830111026763916,0.2919386625289917,0.8447773456573486
Downward-Facing_Dog_posejpg (152),Downward-Facing_Dog,2,0.4111111111111111,0.6783625730994152,0.3888888888888889,0.6803118908382066,0.39166666666666666,0.6783625730994152,0.40930771827697754,0.5454411506652832,0.4073403477668762,0.5344603657722473,0.3127061426639557,0.6855427026748657,0.32030966877937317,0.665158748626709,0.19912078976631165,0.7880627512931824,0.22217044234275818,0.742218554019928,0.12638888888888888,0.8148148148148148,0.15833333333333333,0.7543859649122807,0.16856649518013,0.8033792972564697,0.18873190879821777,0.754250168800354,0.6281524896621704,0.31961262226104736,0.6071441173553467,0.3244834840297699,0.7359805703163147,0.528293788433075,0.7127045392990112,0.5297943949699402,0.8811704516410828,0.739556610584259,0.8477128744125366,0.7112303376197815,0.9156942367553711,0.7682548761367798,0.8764896988868713,0.7496662139892578,0.8043410181999207,0.7994287014007568,0.7844924330711365,0.7824671268463135
Downward-Facing_Dog_posejpg (153),Downward-Facing_Dog,2,0.5222222222222223,0.6163522012578616,0.5472222222222223,0.6477987421383647,0.55,0.6415094339622641,0.5833486318588257,0.5332446098327637,0.624087929725647,0.5483887195587158,0.6916666666666667,0.6079664570230608,0.7111111111111111,0.7190775681341719,0.7636904716491699,0.7794989347457886,0.8138888888888889,0.8616352201257862,0.8513888888888889,0.7777777777777778,0.8958333333333334,0.8805031446540881,0.8041666666666667,0.7861635220125787,0.8444444444444444,0.8448637316561844,0.3813640773296356,0.22848203778266907,0.3859710991382599,0.21396778523921967,0.2614535391330719,0.5163500308990479,0.2547585964202881,0.5384132862091064,0.1695091873407364,0.7764687538146973,0.13410687446594238,0.7948011159896851,0.13658389449119568,0.8061602115631104,0.1045394241809845,0.8398752212524414,0.24166666666666667,0.80083857442348,0.23194444444444445,0.8469601677148847
Downward-Facing_Dog_posejpg (156),Downward-Facing_Dog,2,0.35833333333333334,0.6916666666666667,0.33055555555555555,0.6895833333333333,0.3347222222222222,0.6916666666666667,0.35653620958328247,0.5596978664398193,0.3573412299156189,0.5483754873275757,0.29758673906326294,0.7456334233283997,0.29933592677116394,0.716717004776001,0.201718270778656,0.904676079750061,0.22498682141304016,0.8414024114608765,0.11944444444444445,0.93125,0.14583333333333334,0.8625,0.1638888888888889,0.90625,0.18611111111111112,0.8708333333333333,0.5605034828186035,0.2401275485754013,0.5535547137260437,0.25166845321655273,0.6751991510391235,0.53077232837677,0.664965808391571,0.526096761226654,0.8069444444444445,0.8041666666666667,0.7875,0.7833333333333333,0.8375,0.875,0.8222222222222222,0.8333333333333334,0.7361111111111112,0.9083333333333333,0.7222210168838501,0.8708994388580322
Downward-Facing_Dog_posejpg (157),Downward-Facing_Dog,2,0.41069620847702026,0.680966854095459,0.3823920786380768,0.6885062456130981,0.3824383616447449,0.6901876926422119,0.3831512928009033,0.5288314819335938,0.38153764605522156,0.5297255516052246,0.2972653806209564,0.7235230207443237,0.30154678225517273,0.693861186504364,0.1675460934638977,0.876152753829956,0.1902853548526764,0.8215242624282837,0.09305555555555556,0.88125,0.10833333333333334,0.8604166666666667,0.12416303157806396,0.8904634714126587,0.1625,0.8541666666666666,0.6226679682731628,0.17226652801036835,0.6083478331565857,0.19383655488491058,0.7604703903198242,0.46314331889152527,0.7388789653778076,0.47201287746429443,0.9043716788291931,0.7612390518188477,0.873124897480011,0.7270469665527344,0.9194444444444444,0.8104166666666667,0.9127682447433472,0.7754994630813599,0.7972222222222223,0.85,0.7904496788978577,0.8371877670288086
Downward-Facing_Dog_posejpg (158),Downward-Facing_Dog,2,0.4763064980506897,0.7163124680519104,0.45884954929351807,0.7246586084365845,0.4587441682815552,0.7242584824562073,0.43794336915016174,0.6680776476860046,0.43959254026412964,0.6550806164741516,0.36929553747177124,0.7450869083404541,0.3662470877170563,0.7214894890785217,0.28505924344062805,0.8040112853050232,0.2992152273654938,0.7651749849319458,0.2263888888888889,0.8125,0.26685336232185364,0.770995020866394,0.25714316964149475,0.8161951899528503,0.24444444444444444,0.7708333333333334,0.6179882884025574,0.501133382320404,0.604396641254425,0.49647095799446106,0.7143962979316711,0.6397243738174438,0.7068358659744263,0.6357280611991882,0.8102942705154419,0.7652052640914917,0.7883296608924866,0.7478979229927063,0.8333333333333334,0.8013888888888889,0.81027752161026,0.7620090246200562,0.767975926399231,0.8048018217086792,0.7453193068504333,0.7919607162475586
Downward-Facing_Dog_posejpg (16),Downward-Facing_Dog,2,0.5222222222222223,0.6692456479690522,0.5508371591567993,0.6974536776542664,0.555853545665741,0.6924672722816467,0.6166666666666667,0.5473887814313346,0.6083333333333333,0.44874274661508706,0.6972222222222222,0.6286266924564797,0.7,0.7446808510638298,0.7597222222222222,0.7156673114119922,0.8125,0.8549323017408124,0.8458333333333333,0.746615087040619,0.9291666666666667,0.8839458413926499,0.825,0.7717601547388782,0.8833333333333333,0.8452611218568665,0.4019111394882202,0.2487826943397522,0.416439950466156,0.21107198297977448,0.30277777777777776,0.4622823984526112,0.25972222222222224,0.4796905222437137,0.08888888888888889,0.7001934235976789,0.06111111111111111,0.7176015473887815,0.06111111111111111,0.7446808510638298,0.02638888888888889,0.7891682785299806,0.17777777777777778,0.7678916827852998,0.15416666666666667,0.8239845261121856
Downward-Facing_Dog_posejpg (162),Downward-Facing_Dog,2,0.5416666666666666,0.6062378167641326,0.5430555555555555,0.6237816764132553,0.5472222222222223,0.621832358674464,0.6141678094863892,0.4497653841972351,0.5329408049583435,0.48645883798599243,0.6958333333333333,0.6198830409356725,0.6180555555555556,0.6549707602339181,0.7936973571777344,0.7540625929832458,0.7069444444444445,0.8109161793372319,0.8819444444444444,0.7992202729044834,0.7875,0.8382066276803118,0.8208333333333333,0.8011695906432749,0.7625,0.8226120857699805,0.39506596326828003,0.17801162600517273,0.34120452404022217,0.16297677159309387,0.3241558372974396,0.4420839250087738,0.251781702041626,0.437248557806015,0.24444444444444444,0.682261208576998,0.15,0.695906432748538,0.22916666666666666,0.7173489278752436,0.1361111111111111,0.732943469785575,0.2907642722129822,0.7451266050338745,0.22408100962638855,0.7630640864372253
Downward-Facing_Dog_posejpg (163),Downward-Facing_Dog,2,0.47135671973228455,0.7799780964851379,0.44836893677711487,0.783808708190918,0.4493459463119507,0.7858253717422485,0.44482100009918213,0.6598134636878967,0.45414888858795166,0.6598893404006958,0.3730572760105133,0.8109149932861328,0.3854063153266907,0.7878844738006592,0.2781752645969391,0.9358969926834106,0.30822932720184326,0.8924432992935181,0.21388888888888888,0.9645833333333333,0.24305555555555555,0.8916666666666667,0.24754828214645386,0.9469887018203735,0.279465913772583,0.8988502025604248,0.6635574102401733,0.39531418681144714,0.6653872132301331,0.3997963070869446,0.7762137651443481,0.6444511413574219,0.7723550796508789,0.6480491757392883,0.8853443264961243,0.8804389834403992,0.8753427267074585,0.8645487427711487,0.9192323684692383,0.922103762626648,0.9042843580245972,0.9068654775619507,0.8114149570465088,0.9424847364425659,0.8017908930778503,0.9292693138122559
Downward-Facing_Dog_posejpg (166),Downward-Facing_Dog,2,0.6333333333333333,0.8015463917525774,0.6541666666666667,0.8015463917525774,0.6541666666666667,0.7912371134020618,0.6344304084777832,0.5620858669281006,0.6304206848144531,0.5736177563667297,0.7020715475082397,0.7110656499862671,0.7045865654945374,0.7467429041862488,0.7764855623245239,0.8261666297912598,0.7988492250442505,0.9091445803642273,0.8018283843994141,0.8493682742118835,0.8303936719894409,0.9251894354820251,0.8041549921035767,0.8467777371406555,0.831242561340332,0.9382893443107605,0.4628732204437256,0.15455645322799683,0.4472062885761261,0.13697707653045654,0.31924498081207275,0.47328832745552063,0.29775315523147583,0.47062307596206665,0.1854293942451477,0.8223017454147339,0.1687830090522766,0.8325580954551697,0.15036648511886597,0.8566219210624695,0.134780615568161,0.8714639544487,0.22644563019275665,0.9228698015213013,0.20760893821716309,0.9323661923408508
Downward-Facing_Dog_posejpg (168),Downward-Facing_Dog,2,0.40694444444444444,0.6792452830188679,0.38333333333333336,0.6792452830188679,0.3819444444444444,0.6792452830188679,0.3984324336051941,0.5510312914848328,0.39808422327041626,0.5451767444610596,0.2962683439254761,0.7045390009880066,0.3044537603855133,0.6857200860977173,0.16504788398742676,0.8297387957572937,0.19419541954994202,0.7957056164741516,0.08055555555555556,0.8283018867924529,0.12083333333333333,0.8056603773584906,0.12777777777777777,0.8339622641509434,0.15214523673057556,0.8086646795272827,0.6197268962860107,0.18680597841739655,0.6127552390098572,0.18895691633224487,0.7487739324569702,0.47283539175987244,0.7491546273231506,0.477924108505249,0.8998727798461914,0.7676980495452881,0.8823058009147644,0.7405189871788025,0.9319444444444445,0.8150943396226416,0.9201542735099792,0.7920079231262207,0.8027777777777778,0.8132075471698114,0.7736111111111111,0.7943396226415095
Downward-Facing_Dog_posejpg (17),Downward-Facing_Dog,2,0.4603616133518776,0.8384615384615385,0.4356064200401306,0.8441052436828613,0.43762505054473877,0.8464012742042542,0.4111780524253845,0.651711642742157,0.42278191447257996,0.6208407282829285,0.29624478442280944,0.8307692307692308,0.32127955493741306,0.764102564102564,0.1455267369747162,0.9262250065803528,0.21775338053703308,0.851072371006012,0.0737134909596662,0.9743589743589743,0.11543810848400557,0.8923076923076924,0.10987482614742698,0.9435897435897436,0.16133518776077885,0.8974358974358975,0.5917365550994873,0.14920511841773987,0.595601499080658,0.13130420446395874,0.7644686102867126,0.5273318886756897,0.7550786137580872,0.5070884823799133,0.9423370957374573,0.8375714421272278,0.9207888841629028,0.7942904233932495,0.9749652294853964,0.9025641025641026,0.9640107154846191,0.852960467338562,0.8623087621696801,0.9358974358974359,0.8372739916550765,0.8923076923076924
Downward-Facing_Dog_posejpg (173),Downward-Facing_Dog,2,0.38374972343444824,0.6730747818946838,0.3612419366836548,0.6630955338478088,0.361595094203949,0.6643918752670288,0.4103810787200928,0.5470110177993774,0.3902477025985718,0.5259666442871094,0.3138888888888889,0.7524366471734892,0.3017144501209259,0.713492751121521,0.18333333333333332,0.8460038986354775,0.20675137639045715,0.8306920528411865,0.09583333333333334,0.8674463937621832,0.09444444444444444,0.8421052631578947,0.13770240545272827,0.863972008228302,0.1361111111111111,0.8440545808966862,0.6312652826309204,0.24817971885204315,0.5988993644714355,0.2528098225593567,0.7402777777777778,0.5477582846003899,0.7305555555555555,0.5458089668615984,0.8537353277206421,0.8069299459457397,0.8291666666666667,0.7894736842105263,0.894680380821228,0.8458132743835449,0.8402777777777778,0.8362573099415205,0.7847222222222222,0.8752436647173489,0.7583333333333333,0.8576998050682261
Downward-Facing_Dog_posejpg (174),Downward-Facing_Dog,2,0.4013888888888889,0.6777777777777778,0.38333333333333336,0.6958333333333333,0.3861111111111111,0.6972222222222222,0.36520183086395264,0.5684067606925964,0.36318522691726685,0.5667895674705505,0.2735517919063568,0.7258106470108032,0.28257715702056885,0.7092381715774536,0.13350120186805725,0.8385499119758606,0.15543344616889954,0.808018684387207,0.041666666666666664,0.8583333333333333,0.09166666666666666,0.8166666666666667,0.09622380137443542,0.8483370542526245,0.11640956997871399,0.8213368654251099,0.5915538668632507,0.27129504084587097,0.5792521834373474,0.28541314601898193,0.748668909072876,0.5068893432617188,0.7413334846496582,0.5097328424453735,0.9089511632919312,0.7343722581863403,0.8898491859436035,0.7219033241271973,0.9611111111111111,0.7833333333333333,0.9426339268684387,0.7546522617340088,0.8263888888888888,0.8027777777777778,0.7819444444444444,0.7722222222222223
Downward-Facing_Dog_posejpg (175),Downward-Facing_Dog,2,0.6024216413497925,0.5737872123718262,0.6168048977851868,0.5855617523193359,0.6173993349075317,0.5848553776741028,0.6385606527328491,0.4939385652542114,0.6463669538497925,0.5022764801979065,0.7388888888888889,0.5722222222222222,0.7333333333333333,0.6527777777777778,0.8,0.6569444444444444,0.8347222222222223,0.7430555555555556,0.8597222222222223,0.65,0.9125,0.7569444444444444,0.8319444444444445,0.6777777777777778,0.8666666666666667,0.7208333333333333,0.4564170241355896,0.3250786066055298,0.4498053789138794,0.3246852159500122,0.3471371829509735,0.5034855604171753,0.34125852584838867,0.5070589780807495,0.23732714354991913,0.6358393430709839,0.21543020009994507,0.6588605642318726,0.1875,0.6430555555555556,0.1597222222222222,0.7194444444444444,0.2847222222222222,0.6666666666666666,0.2611111111111111,0.7569444444444444
Downward-Facing_Dog_posejpg (176),Downward-Facing_Dog,2,0.5132127955493742,0.6875,0.5382475660639777,0.725,0.5368567454798331,0.7145833333333333,0.5866309404373169,0.5815309286117554,0.5725664496421814,0.6018138527870178,0.6944427490234375,0.7359901666641235,0.6896399259567261,0.765169084072113,0.8185293674468994,0.8079467415809631,0.8430032134056091,0.8665758967399597,0.8571940660476685,0.8050978779792786,0.952712100139082,0.8625,0.8831710709318498,0.7833333333333333,0.8880639672279358,0.8777683973312378,0.3936942219734192,0.25471290946006775,0.36361822485923767,0.22483408451080322,0.24395835399627686,0.5189675092697144,0.21033719182014465,0.5134126543998718,0.13637001812458038,0.7239494323730469,0.06675938803894298,0.7854166666666667,0.1031838059425354,0.7575912475585938,0.03894297635605007,0.85,0.2086230876216968,0.8145833333333333,0.14464534075104313,0.8875
Downward-Facing_Dog_posejpg (177),Downward-Facing_Dog,2,0.5329761505126953,0.8559873104095459,0.5168056488037109,0.8683944940567017,0.5182843208312988,0.8695600032806396,0.49330615997314453,0.7842501401901245,0.4891800880432129,0.7766705751419067,0.42086806893348694,0.8640417456626892,0.41761794686317444,0.8542819023132324,0.3326859474182129,0.9304330348968506,0.34438949823379517,0.8991527557373047,0.28055555555555556,0.94375,0.3013888888888889,0.8958333333333334,0.3059573769569397,0.9343257546424866,0.3211281895637512,0.9001802206039429,0.6249034404754639,0.5720491409301758,0.6148596405982971,0.5618959665298462,0.7177936434745789,0.7259433269500732,0.7091869115829468,0.7186093330383301,0.7892734408378601,0.8811191320419312,0.7768639922142029,0.8632907867431641,0.8077638149261475,0.9066522121429443,0.7933050394058228,0.8920056819915771,0.7490056157112122,0.9383552074432373,0.7324268817901611,0.9179792404174805
Downward-Facing_Dog_posejpg (178),Downward-Facing_Dog,2,0.44027777777777777,0.6692307692307692,0.4097222222222222,0.6807692307692308,0.4125,0.6865384615384615,0.4029756784439087,0.5288386344909668,0.39287710189819336,0.5230484008789062,0.3006650507450104,0.6538226008415222,0.29433998465538025,0.6349176168441772,0.17288702726364136,0.7415218353271484,0.18895363807678223,0.705074667930603,0.09027777777777778,0.7461538461538462,0.13055555555555556,0.6903846153846154,0.13333333333333333,0.7346153846153847,0.16527777777777777,0.6961538461538461,0.5378654599189758,0.16881981492042542,0.5214763879776001,0.17813459038734436,0.645992636680603,0.4201611876487732,0.6431189179420471,0.4236775040626526,0.7682303786277771,0.6656849980354309,0.7499861717224121,0.6482624411582947,0.7944444444444444,0.7192307692307692,0.7796684503555298,0.6862338185310364,0.7013888888888888,0.7326923076923076,0.6694444444444444,0.7
Downward-Facing_Dog_posejpg (179),Downward-Facing_Dog,2,0.4560513496398926,0.723785400390625,0.43185222148895264,0.741996169090271,0.4363515377044678,0.7501622438430786,0.4023537039756775,0.5449737310409546,0.41523200273513794,0.565833568572998,0.30972222222222223,0.7981651376146789,0.3263888888888889,0.7400611620795107,0.20485159754753113,0.8938919305801392,0.23503053188323975,0.8503051996231079,0.13472222222222222,0.9174311926605505,0.17222222222222222,0.8623853211009175,0.17204377055168152,0.9104865789413452,0.19669029116630554,0.8680375814437866,0.57718825340271,0.10122816264629364,0.5651789903640747,0.13605043292045593,0.6863710880279541,0.4432235658168793,0.6736539602279663,0.4580850601196289,0.7877665162086487,0.7985082864761353,0.7705127000808716,0.770368218421936,0.8185113072395325,0.8557368516921997,0.7937898635864258,0.8372290134429932,0.7335285544395447,0.9077068567276001,0.7149401903152466,0.8866578340530396
Downward-Facing_Dog_posejpg (18),Downward-Facing_Dog,2,0.5583333333333333,0.6713147410358565,0.5861111111111111,0.6872509960159362,0.5902777777777778,0.6932270916334662,0.5873668193817139,0.5510634779930115,0.5874730944633484,0.5630298852920532,0.653386116027832,0.7180166244506836,0.649436354637146,0.7367858290672302,0.7491104602813721,0.8325577974319458,0.7682238817214966,0.8820598125457764,0.8513888888888889,0.8565737051792829,0.8680555555555556,0.8824701195219123,0.8097222222222222,0.8605577689243028,0.8066468834877014,0.8904185891151428,0.4150776267051697,0.2244757115840912,0.4087718427181244,0.21369569003582,0.3885924816131592,0.517608642578125,0.3882916569709778,0.5220407247543335,0.23709839582443237,0.7514908909797668,0.21471752226352692,0.7590112090110779,0.19281135499477386,0.7683027982711792,0.18075954914093018,0.7606558799743652,0.25555555555555554,0.8705179282868526,0.22916666666666666,0.8844621513944223
Downward-Facing_Dog_posejpg (184),Downward-Facing_Dog,2,0.4188794493675232,0.7765746116638184,0.4001309275627136,0.7734384536743164,0.40033984184265137,0.7729926109313965,0.4155392050743103,0.6735972166061401,0.4198339581489563,0.6651303768157959,0.33926647901535034,0.8092509508132935,0.34287917613983154,0.7845735549926758,0.2442007064819336,0.9200865030288696,0.26713448762893677,0.8749374151229858,0.1986111111111111,0.9375,0.2263888888888889,0.8583333333333333,0.2169787883758545,0.9321399927139282,0.2403518259525299,0.8854920864105225,0.61246657371521,0.40478959679603577,0.6049233675003052,0.41008761525154114,0.7113257646560669,0.6135746240615845,0.7044858932495117,0.6250762939453125,0.8160489201545715,0.8555153608322144,0.7980594635009766,0.8305343985557556,0.8532737493515015,0.893240213394165,0.8269294500350952,0.8707548975944519,0.7455690503120422,0.9144295454025269,0.733219563961029,0.9041622877120972
Downward-Facing_Dog_posejpg (185),Downward-Facing_Dog,2,0.44166666666666665,0.6997792494481236,0.41805555555555557,0.7196467991169978,0.4222222222222222,0.7262693156732892,0.3673807382583618,0.5272464752197266,0.38605034351348877,0.5473293662071228,0.26737546920776367,0.7293069362640381,0.296108603477478,0.7307241559028625,0.15712428092956543,0.9015058875083923,0.1979164183139801,0.8687517642974854,0.07777777777777778,0.9249448123620309,0.12361111111111112,0.8852097130242825,0.12174001336097717,0.9159258008003235,0.16039860248565674,0.8841826915740967,0.5761190056800842,0.12638887763023376,0.5863427519798279,0.1413290798664093,0.7288422584533691,0.4618922472000122,0.7339615821838379,0.46344661712646484,0.8638099431991577,0.7799107432365417,0.8545987606048584,0.7671151161193848,0.9002255201339722,0.838948130607605,0.8877944946289062,0.8297498822212219,0.7888888888888889,0.8785871964679912,0.7694444444444445,0.8432671081677704
Downward-Facing_Dog_posejpg (187),Downward-Facing_Dog,2,0.6416666666666667,0.6866666666666666,0.6709122061729431,0.7182862758636475,0.6696525812149048,0.7183519601821899,0.6835516095161438,0.5355513691902161,0.677611231803894,0.5938324928283691,0.7781827449798584,0.7183418869972229,0.7738533020019531,0.7936323285102844,0.8569444444444444,0.7533333333333333,0.9146995544433594,0.9281888604164124,0.9111111111111111,0.7444444444444445,0.9653311371803284,0.9423637986183167,0.9138888888888889,0.7866666666666666,0.9620339274406433,0.9562594294548035,0.4565585255622864,0.13675729930400848,0.4384002685546875,0.14785733819007874,0.3071185350418091,0.48782455921173096,0.2791273295879364,0.5186423063278198,0.1711072325706482,0.7742737531661987,0.13431203365325928,0.8239513635635376,0.12657508254051208,0.7946657538414001,0.08863809704780579,0.8670299649238586,0.24722222222222223,0.8088888888888889,0.1986111111111111,0.9466666666666667
Downward-Facing_Dog_posejpg (189),Downward-Facing_Dog,2,0.39885270595550537,0.7216740250587463,0.37711936235427856,0.7196270227432251,0.37649062275886536,0.7210884690284729,0.4057079255580902,0.6342378854751587,0.40225666761398315,0.621406078338623,0.3294201195240021,0.7746289372444153,0.3312358260154724,0.7514583468437195,0.2211746871471405,0.8743953108787537,0.2631608247756958,0.823066771030426,0.15833333333333333,0.8962962962962963,0.2375,0.7833333333333333,0.18896538019180298,0.8847401738166809,0.26805555555555555,0.8,0.5804926753044128,0.3571733832359314,0.5673560500144958,0.3598242998123169,0.6960017681121826,0.5806223750114441,0.6842420101165771,0.5760103464126587,0.8119045495986938,0.795331597328186,0.7862650156021118,0.766017735004425,0.8420824408531189,0.8293227553367615,0.818143367767334,0.8131527900695801,0.7513888888888889,0.8537037037037037,0.7180555555555556,0.8018518518518518
Downward-Facing_Dog_posejpg (19),Downward-Facing_Dog,2,0.3705728352069855,0.6518095135688782,0.3466132581233978,0.6534234881401062,0.3480830788612366,0.6572234630584717,0.35779130458831787,0.5086263418197632,0.3532212972640991,0.4941401481628418,0.2749587595462799,0.6954725980758667,0.27864569425582886,0.6655392050743103,0.1503254771232605,0.8358171582221985,0.18857243657112122,0.7855337858200073,0.058333333333333334,0.8559498956158664,0.154878169298172,0.8048684597015381,0.11616182327270508,0.8511504530906677,0.15305012464523315,0.8022252321243286,0.5748523473739624,0.13354945182800293,0.5528439879417419,0.1541299968957901,0.7028762698173523,0.4382339119911194,0.6749178767204285,0.43453502655029297,0.8526677489280701,0.7332748174667358,0.8245730996131897,0.7013556957244873,0.8908258676528931,0.7844982147216797,0.8599294424057007,0.752429723739624,0.7665827870368958,0.8486822247505188,0.7411786317825317,0.8214499950408936
Downward-Facing_Dog_posejpg (191),Downward-Facing_Dog,2,0.4198291599750519,0.63162761926651,0.395186185836792,0.6403454542160034,0.3984989523887634,0.6417575478553772,0.35999706387519836,0.5603549480438232,0.38447171449661255,0.571356475353241,0.27137869596481323,0.6597476601600647,0.2967054545879364,0.6547145843505859,0.15160614252090454,0.7156385779380798,0.20875850319862366,0.697022557258606,0.076103500761035,0.7333333333333333,0.17341932654380798,0.7046403884887695,0.11719191074371338,0.7200713157653809,0.17551648616790771,0.7029573321342468,0.586479127407074,0.3959274888038635,0.5914938449859619,0.4128572940826416,0.7468345761299133,0.5223511457443237,0.7348493337631226,0.5299307703971863,0.896328330039978,0.6484916806221008,0.8824445009231567,0.6477437615394592,0.9294590950012207,0.6715590953826904,0.9131999015808105,0.671122670173645,0.8679909706115723,0.719086766242981,0.8538515567779541,0.7123258113861084
Downward-Facing_Dog_posejpg (194),Downward-Facing_Dog,2,0.40135836601257324,0.6474977731704712,0.38236773014068604,0.6481448411941528,0.38015851378440857,0.6452360153198242,0.4010072946548462,0.5448073148727417,0.3889089524745941,0.48964473605155945,0.2920302152633667,0.6699422597885132,0.28769561648368835,0.6125767230987549,0.13492479920387268,0.7408879995346069,0.16530901193618774,0.6663383841514587,0.04861111111111111,0.7699805068226121,0.075,0.6588693957115009,0.09215408563613892,0.7469011545181274,0.12224215269088745,0.6665726900100708,0.6048921346664429,0.17551493644714355,0.5890355110168457,0.14740899205207825,0.7710242867469788,0.41575419902801514,0.7485251426696777,0.4108783006668091,0.9282002449035645,0.6310064196586609,0.8964790105819702,0.6052838563919067,0.9656527042388916,0.6571000814437866,0.934443473815918,0.6336644887924194,0.852070689201355,0.7405613660812378,0.8277777777777777,0.6491228070175439
Downward-Facing_Dog_posejpg (195),Downward-Facing_Dog,2,0.41194984316825867,0.7119864821434021,0.38727378845214844,0.7189807891845703,0.3882565200328827,0.718114972114563,0.37281471490859985,0.5610698461532593,0.3746127486228943,0.5466324090957642,0.2633143961429596,0.7337477803230286,0.27312806248664856,0.7214540243148804,0.1304853856563568,0.8849896192550659,0.15699592232704163,0.8494277000427246,0.05555555555555555,0.9,0.05138888888888889,0.8729166666666667,0.08971881866455078,0.897721529006958,0.12222222222222222,0.86875,0.6154276728630066,0.18781046569347382,0.6139008402824402,0.17764517664909363,0.7828429937362671,0.5076519250869751,0.7720528244972229,0.4917636215686798,0.9279542565345764,0.8152993321418762,0.9130834341049194,0.7854344248771667,0.9651355743408203,0.8582330942153931,0.9525142312049866,0.8437991738319397,0.8416526317596436,0.9119263887405396,0.8192942142486572,0.8862555027008057
Downward-Facing_Dog_posejpg (197),Downward-Facing_Dog,2,0.46156513690948486,0.6755850315093994,0.4722117781639099,0.6835606098175049,0.4595533013343811,0.6897532939910889,0.4885399341583252,0.5481104850769043,0.4200066328048706,0.5998900532722473,0.5399271845817566,0.6690378189086914,0.4545165002346039,0.722030758857727,0.5989450812339783,0.7906293869018555,0.5017064809799194,0.8432013988494873,0.6444444444444445,0.8242574257425742,0.5347222222222222,0.8811881188118812,0.6138888888888889,0.8415841584158416,0.5388888888888889,0.849009900990099,0.3797123432159424,0.31677913665771484,0.3300618529319763,0.3292189836502075,0.33138248324394226,0.5188697576522827,0.275565505027771,0.5287119150161743,0.2783113121986389,0.659264087677002,0.23978659510612488,0.6817330121994019,0.27225661277770996,0.6805243492126465,0.22556467354297638,0.7070260047912598,0.29934680461883545,0.7366499900817871,0.26330024003982544,0.7526112794876099
Downward-Facing_Dog_posejpg (20),Downward-Facing_Dog,2,0.5578533411026001,0.5435607433319092,0.566877007484436,0.5280866622924805,0.5699642896652222,0.5256643295288086,0.512894868850708,0.4605807065963745,0.5220166444778442,0.4881439208984375,0.5677236318588257,0.5901063680648804,0.5961918830871582,0.6434815526008606,0.6330474615097046,0.7168184518814087,0.6756150722503662,0.7726550102233887,0.6564804315567017,0.7261204719543457,0.7164502143859863,0.7930809855461121,0.659157395362854,0.725622296333313,0.7139339447021484,0.8022812008857727,0.32328370213508606,0.29726001620292664,0.30409982800483704,0.28532058000564575,0.25775641202926636,0.5283820033073425,0.2203129231929779,0.5259175896644592,0.1509532481431961,0.6611957550048828,0.095269575715065,0.7160384654998779,0.1278834193944931,0.6810791492462158,0.07158280909061432,0.7423020005226135,0.20833333333333334,0.7416666666666667,0.14444444444444443,0.81875
Downward-Facing_Dog_posejpg (21),Downward-Facing_Dog,2,0.3625873625278473,0.5998772978782654,0.34452807903289795,0.6054563522338867,0.3443671464920044,0.6056207418441772,0.34158220887184143,0.5158560276031494,0.3416943848133087,0.5043038129806519,0.27817949652671814,0.6331396102905273,0.2775189280509949,0.6154252290725708,0.18091070652008057,0.7134793400764465,0.2,0.7064989517819706,0.15583118796348572,0.7054506540298462,0.18055555555555555,0.7044025157232704,0.16034460067749023,0.7233022451400757,0.1763888888888889,0.7044025157232704,0.5175254940986633,0.25597962737083435,0.5070933103561401,0.26173263788223267,0.6010639667510986,0.46673691272735596,0.587989330291748,0.46261581778526306,0.6727450489997864,0.6553477048873901,0.6541591882705688,0.6324182748794556,0.7003222703933716,0.6878879070281982,0.6720370650291443,0.6575849056243896,0.6190639138221741,0.730458676815033,0.6025664806365967,0.7093082070350647
Downward-Facing_Dog_posejpg (22),Downward-Facing_Dog,2,0.4857094883918762,0.6841596364974976,0.47125163674354553,0.6951766014099121,0.47184526920318604,0.6970340013504028,0.44466298818588257,0.6043332815170288,0.44538092613220215,0.6072356700897217,0.3722083270549774,0.6847829818725586,0.3788423538208008,0.6785924434661865,0.2917032837867737,0.7440664768218994,0.30502861738204956,0.7347807884216309,0.26413291692733765,0.7462135553359985,0.2762942612171173,0.7372702360153198,0.26664912700653076,0.7461156845092773,0.27623170614242554,0.7368915677070618,0.5351629853248596,0.3789568245410919,0.5296158194541931,0.39540955424308777,0.6269772052764893,0.5287742614746094,0.6177573204040527,0.5433558821678162,0.7168062925338745,0.7002555727958679,0.7037716507911682,0.6898713111877441,0.7423012852668762,0.7175992727279663,0.7268342971801758,0.7137822508811951,0.6902777777777778,0.75625,0.6555555555555556,0.7270833333333333
Downward-Facing_Dog_posejpg (23),Downward-Facing_Dog,2,0.6111947298049927,0.8145820498466492,0.628587007522583,0.8210508823394775,0.6303679943084717,0.8175252676010132,0.6281318068504333,0.7414350509643555,0.633773684501648,0.745229959487915,0.6927024722099304,0.8266932368278503,0.7086405158042908,0.8424189686775208,0.7808952927589417,0.8925893306732178,0.8123592734336853,0.922974705696106,0.8173340559005737,0.897934079170227,0.8558026552200317,0.9282736778259277,0.8060641288757324,0.8948195576667786,0.8468391299247742,0.9307156801223755,0.4596423804759979,0.5735963582992554,0.4582073986530304,0.5684840083122253,0.3459341824054718,0.7195340394973755,0.33888328075408936,0.7152538895606995,0.24866658449172974,0.8527040481567383,0.23269662261009216,0.8654233813285828,0.22011032700538635,0.8786143660545349,0.20617344975471497,0.8846883177757263,0.29305555555555557,0.8930555555555556,0.2902777777777778,0.9263888888888889
Downward-Facing_Dog_posejpg (25),Downward-Facing_Dog,2,0.4161924719810486,0.7186530232429504,0.39398717880249023,0.7222653031349182,0.398206889629364,0.7267342805862427,0.38053464889526367,0.5725399851799011,0.42534512281417847,0.5918893814086914,0.30334046483039856,0.7140528559684753,0.34445062279701233,0.7166006565093994,0.20393112301826477,0.8365945219993591,0.26095226407051086,0.80877685546875,0.14027777777777778,0.854122621564482,0.21236467361450195,0.8132454752922058,0.16805555555555557,0.8583509513742071,0.2255893051624298,0.8210998177528381,0.5405848026275635,0.28035610914230347,0.5709495544433594,0.28946611285209656,0.5475315451622009,0.573113203048706,0.6507115960121155,0.5475795269012451,0.7115451693534851,0.7530831098556519,0.7277777777777777,0.7357293868921776,0.7833333333333333,0.8224101479915433,0.7621395587921143,0.7717196941375732,0.7041666666666667,0.8435517970401691,0.6984000205993652,0.8369834423065186
Downward-Facing_Dog_posejpg (26),Downward-Facing_Dog,2,0.51161789894104,0.7725591659545898,0.49618762731552124,0.7901830673217773,0.49751704931259155,0.7912722826004028,0.4597470164299011,0.6867294311523438,0.46306246519088745,0.6833904385566711,0.38566887378692627,0.8212612867355347,0.39462941884994507,0.8113025426864624,0.288336843252182,0.9191958904266357,0.31514036655426025,0.8890649080276489,0.225,0.9112554112554112,0.25833333333333336,0.8874458874458875,0.2611111111111111,0.9199134199134199,0.2887652814388275,0.900693416595459,0.6150646805763245,0.42739608883857727,0.6109427809715271,0.4321952164173126,0.7084826231002808,0.6893754005432129,0.702721118927002,0.6772968769073486,0.8092176914215088,0.9032869338989258,0.803815484046936,0.8888320922851562,0.8416666666666667,0.9502164502164502,0.8305813074111938,0.9171379208564758,0.7615023255348206,0.9696875810623169,0.7508612275123596,0.9606280326843262
Downward-Facing_Dog_posejpg (27),Downward-Facing_Dog,2,0.44488757848739624,0.6608970165252686,0.4205325245857239,0.6728302240371704,0.4203965663909912,0.6761313080787659,0.40774571895599365,0.5392824411392212,0.4079693555831909,0.5314581394195557,0.33845239877700806,0.7328629493713379,0.3419031798839569,0.6967892646789551,0.24682164192199707,0.898097038269043,0.26294293999671936,0.848502516746521,0.16111111111111112,0.9164926931106472,0.18888888888888888,0.8684759916492694,0.2093329131603241,0.9171723127365112,0.22990787029266357,0.8599429130554199,0.6214480400085449,0.17950136959552765,0.6073112487792969,0.17672456800937653,0.6969029307365417,0.5167441368103027,0.6964181661605835,0.5076388120651245,0.8136143684387207,0.8280406594276428,0.7965995669364929,0.7956170439720154,0.851392388343811,0.8734757304191589,0.8277614116668701,0.8472543954849243,0.7327970266342163,0.9219220876693726,0.7113044857978821,0.8901994228363037
Downward-Facing_Dog_posejpg (3),Downward-Facing_Dog,2,0.4625,0.7423728813559322,0.4444444444444444,0.764406779661017,0.4375,0.7610169491525424,0.4152777777777778,0.5254237288135594,0.4111111111111111,0.5152542372881356,0.35694444444444445,0.7152542372881356,0.33611111111111114,0.7915254237288135,0.18333333333333332,0.9101694915254237,0.19583333333333333,0.8271186440677966,0.09027777777777778,0.923728813559322,0.10833333333333334,0.847457627118644,0.125,0.9033898305084745,0.13055555555555556,0.8576271186440678,0.5958333333333333,0.28135593220338984,0.5875,0.27627118644067794,0.754565417766571,0.6073518395423889,0.7527777777777778,0.5915254237288136,0.8561388254165649,0.843282163143158,0.8555555555555555,0.8220338983050848,0.9277777777777778,0.9067796610169492,0.8888888888888888,0.8593220338983051,0.7791666666666667,0.9271186440677966,0.7666666666666667,0.8830508474576271
Downward-Facing_Dog_posejpg (34),Downward-Facing_Dog,2,0.3575736880302429,0.7411893606185913,0.3352649509906769,0.7403725981712341,0.3337371051311493,0.7407287359237671,0.3610624670982361,0.6281872391700745,0.3642483949661255,0.6270579099655151,0.31293386220932007,0.7991505861282349,0.3132827877998352,0.7845163941383362,0.21009716391563416,0.9233874082565308,0.2316891849040985,0.8923310041427612,0.1527777777777778,0.9345238095238095,0.16944444444444445,0.9146825396825397,0.18333333333333332,0.9404761904761905,0.19755181670188904,0.9059730768203735,0.5861849188804626,0.4338904619216919,0.571197509765625,0.4454945921897888,0.7031782865524292,0.6551703214645386,0.6785074472427368,0.6644659042358398,0.8201106190681458,0.8544312715530396,0.8042424917221069,0.8317959308624268,0.8501670360565186,0.9015270471572876,0.8313819766044617,0.8707562685012817,0.7498844861984253,0.9398454427719116,0.7375798225402832,0.9187049269676208
Downward-Facing_Dog_posejpg (35),Downward-Facing_Dog,2,0.6652777777777777,0.6367432150313153,0.6888888888888889,0.6576200417536534,0.6916666666666667,0.6534446764091858,0.6941094398498535,0.4952303171157837,0.6899543404579163,0.5210111737251282,0.7588140964508057,0.6385036110877991,0.765531599521637,0.6868219971656799,0.8352863192558289,0.7827362418174744,0.8670915365219116,0.8562503457069397,0.8861111111111111,0.8016701461377871,0.9333333333333333,0.860125260960334,0.8638888888888889,0.8162839248434238,0.9050434231758118,0.8749403953552246,0.4306780993938446,0.18319012224674225,0.4133872389793396,0.17244862020015717,0.2679249048233032,0.4409266710281372,0.2391480952501297,0.42618709802627563,0.13088950514793396,0.6927780508995056,0.10147362947463989,0.7169390916824341,0.0914686918258667,0.7339622974395752,0.054787635803222656,0.75898677110672,0.1882632076740265,0.8113605976104736,0.15416666666666667,0.8747390396659708
Downward-Facing_Dog_posejpg (36),Downward-Facing_Dog,2,0.45501983165740967,0.6239966750144958,0.43818312883377075,0.622728168964386,0.43527305126190186,0.6237147450447083,0.4788399934768677,0.4865421652793884,0.42299503087997437,0.4552955627441406,0.3792433738708496,0.6905279755592346,0.3271525502204895,0.6200820207595825,0.2625957131385803,0.8367124199867249,0.21785420179367065,0.765179455280304,0.19027777777777777,0.8690476190476191,0.14305555555555555,0.7738095238095238,0.2263888888888889,0.85,0.17693951725959778,0.7857346534729004,0.6924579739570618,0.12713885307312012,0.6426230072975159,0.15241390466690063,0.7973794341087341,0.4294688105583191,0.7585294842720032,0.45570993423461914,0.8795518279075623,0.7153409123420715,0.834180474281311,0.6898462176322937,0.9044967293739319,0.7543160915374756,0.8566902875900269,0.7387182712554932,0.8078839182853699,0.7931779623031616,0.7744325399398804,0.7683112621307373
Downward-Facing_Dog_posejpg (37),Downward-Facing_Dog,2,0.4183509051799774,0.7314813733100891,0.40209895372390747,0.733036994934082,0.4015199542045593,0.733515202999115,0.40622687339782715,0.6338644027709961,0.40513038635253906,0.6254063844680786,0.3453904986381531,0.7656890153884888,0.34894275665283203,0.7442200779914856,0.2847267687320709,0.8644518852233887,0.2998753786087036,0.8328816890716553,0.2125,0.8865740740740741,0.22916666666666666,0.8472222222222222,0.25579604506492615,0.8877373337745667,0.2781948447227478,0.8431144952774048,0.5505470633506775,0.34703123569488525,0.5384035706520081,0.354130357503891,0.6344694495201111,0.577874481678009,0.6255671977996826,0.5794574022293091,0.7512065172195435,0.7743064165115356,0.7358231544494629,0.754118800163269,0.7879230380058289,0.8093578815460205,0.7732627987861633,0.7958623170852661,0.706428050994873,0.8548088073730469,0.6971717476844788,0.8418281078338623
Downward-Facing_Dog_posejpg (40),Downward-Facing_Dog,2,0.6091864705085754,0.7201324701309204,0.6300707459449768,0.7151515483856201,0.6314427256584167,0.7126519680023193,0.6032453179359436,0.578666627407074,0.5971278548240662,0.5780181884765625,0.7105896472930908,0.705687403678894,0.7047703266143799,0.7138724327087402,0.8148192763328552,0.7852382659912109,0.8208208680152893,0.825558066368103,0.8553458452224731,0.7928340435028076,0.8643307089805603,0.8287074565887451,0.8515675067901611,0.7871119976043701,0.8587221503257751,0.8403594493865967,0.41557633876800537,0.2798818051815033,0.4015249013900757,0.25363653898239136,0.3004503548145294,0.5223349928855896,0.28579992055892944,0.5193575620651245,0.1952177733182907,0.7546898126602173,0.16796624660491943,0.7704563140869141,0.16184306144714355,0.7962998151779175,0.12789618968963623,0.8147419691085815,0.28194444444444444,0.8147410358565738,0.25416666666666665,0.8266932270916335
Downward-Facing_Dog_posejpg (42),Downward-Facing_Dog,2,0.34215301275253296,0.7480533123016357,0.3234815001487732,0.7469476461410522,0.32043373584747314,0.7468081116676331,0.3612939119338989,0.6483210325241089,0.34487587213516235,0.6348022222518921,0.2932162284851074,0.8091679811477661,0.2807386815547943,0.7636286616325378,0.1987055540084839,0.9246134161949158,0.2132415771484375,0.870274543762207,0.15,0.9522900763358778,0.12777777777777777,0.8854961832061069,0.16723480820655823,0.9319819808006287,0.17838457226753235,0.8821010589599609,0.5674482583999634,0.35526901483535767,0.546416699886322,0.3661938011646271,0.6899272799491882,0.6163089871406555,0.6588748693466187,0.6199147701263428,0.7708333333333334,0.8454198473282443,0.7111111111111111,0.7824427480916031,0.7973408699035645,0.8848086595535278,0.7291666666666666,0.8435114503816794,0.6987456679344177,0.9213996529579163,0.6583333333333333,0.8587786259541985
Downward-Facing_Dog_posejpg (44),Downward-Facing_Dog,2,0.43620774149894714,0.5653877854347229,0.42877745628356934,0.5885838270187378,0.41751137375831604,0.5878408551216125,0.4250408113002777,0.4567917585372925,0.3358948230743408,0.4341549277305603,0.34467652440071106,0.6424528956413269,0.25617578625679016,0.5891463160514832,0.2303706407546997,0.8406325578689575,0.12083333333333333,0.7403100775193798,0.18088114261627197,0.8662125468254089,0.04583333333333333,0.7829457364341085,0.193986713886261,0.8813183307647705,0.08472222222222223,0.7926356589147286,0.6083053350448608,0.14777423441410065,0.5356837511062622,0.1672980785369873,0.7009716629981995,0.3984989821910858,0.6542841792106628,0.4022129774093628,0.8113728761672974,0.587237536907196,0.7350943088531494,0.5612339377403259,0.8384088277816772,0.6148665547370911,0.7375,0.6104651162790697,0.7790196537971497,0.6622599959373474,0.6847222222222222,0.6201550387596899
Downward-Facing_Dog_posejpg (45),Downward-Facing_Dog,2,0.4375739097595215,0.7265257239341736,0.41387367248535156,0.7372015118598938,0.41558194160461426,0.7409067153930664,0.4012055993080139,0.5671470761299133,0.4181198477745056,0.5548087358474731,0.3037368357181549,0.725590705871582,0.3265329897403717,0.7082494497299194,0.17184758186340332,0.8642138242721558,0.21591687202453613,0.7881957292556763,0.10277777777777777,0.8975501113585747,0.1486111111111111,0.844097995545657,0.14305555555555555,0.8708240534521158,0.1736111111111111,0.8396436525612472,0.6223831176757812,0.16261374950408936,0.6180493235588074,0.17145127058029175,0.7550737261772156,0.4700368642807007,0.7446862459182739,0.46746718883514404,0.8800503015518188,0.79836505651474,0.857837975025177,0.7627235054969788,0.8986111111111111,0.8685968819599109,0.8960278034210205,0.8211987614631653,0.7833333333333333,0.8819599109131403,0.7791666666666667,0.8396436525612472
Downward-Facing_Dog_posejpg (46),Downward-Facing_Dog,2,0.5777777777777777,0.6819444444444445,0.6055555555555555,0.7027777777777777,0.5972222222222222,0.7,0.6333333333333333,0.5680555555555555,0.6680555555555555,0.5944444444444444,0.7277777777777777,0.6638888888888889,0.7527777777777778,0.7152777777777778,0.7777777777777778,0.7083333333333334,0.8694444444444445,0.7680555555555556,0.9013888888888889,0.7055555555555556,0.9777777777777777,0.7763888888888889,0.8819444444444444,0.7166666666666667,0.9111111111111111,0.7722222222222223,0.42529794573783875,0.4025803506374359,0.4370029866695404,0.4090452194213867,0.23039062321186066,0.528274416923523,0.2505854368209839,0.5349411964416504,0.12779679894447327,0.6918244361877441,0.10086369514465332,0.6971718072891235,0.10452401638031006,0.7023279666900635,0.0637538731098175,0.7158210277557373,0.14424216747283936,0.7627667188644409,0.12272325158119202,0.7709545493125916
Downward-Facing_Dog_posejpg (48),Downward-Facing_Dog,2,0.6032349467277527,0.5336587429046631,0.6202002167701721,0.5204676389694214,0.6204509139060974,0.5195958614349365,0.5730169415473938,0.4467313289642334,0.5814312696456909,0.4596977233886719,0.6134775280952454,0.5776461362838745,0.6301993131637573,0.610374391078949,0.672917366027832,0.6785848140716553,0.705110490322113,0.7415668964385986,0.6961932182312012,0.6963003277778625,0.735351026058197,0.7594785094261169,0.6903725862503052,0.6904690265655518,0.7320522665977478,0.7723740935325623,0.3704560399055481,0.2436826229095459,0.3545556962490082,0.23704487085342407,0.2887011468410492,0.4754749536514282,0.2607150971889496,0.4771188497543335,0.20073667168617249,0.6675163507461548,0.1854916512966156,0.698243260383606,0.18131586909294128,0.7044858932495117,0.17083333333333334,0.7666666666666667,0.26944444444444443,0.7,0.24861111111111112,0.7648148148148148
Downward-Facing_Dog_posejpg (49),Downward-Facing_Dog,2,0.5662568211555481,0.6980568170547485,0.5473925471305847,0.7127727270126343,0.5463494062423706,0.711540162563324,0.5276739001274109,0.6059647798538208,0.5171624422073364,0.5868797302246094,0.4351511001586914,0.7149360179901123,0.4311668574810028,0.6891801953315735,0.31877684593200684,0.801664412021637,0.3304709792137146,0.7533869743347168,0.2611111111111111,0.791015625,0.28888888888888886,0.724609375,0.28888888888888886,0.7890625,0.31805555555555554,0.728515625,0.6887586116790771,0.33023345470428467,0.6698368787765503,0.32294395565986633,0.7807140946388245,0.5404995083808899,0.7557633519172668,0.5169857740402222,0.848379373550415,0.7080979347229004,0.822055995464325,0.6821479797363281,0.87696373462677,0.740850031375885,0.8420653343200684,0.7098593711853027,0.801983118057251,0.7758450508117676,0.7804684042930603,0.7510221600532532
Downward-Facing_Dog_posejpg (50),Downward-Facing_Dog,2,0.5167115926742554,0.6324706077575684,0.5357083678245544,0.6331603527069092,0.5361657738685608,0.6328932046890259,0.5570763349533081,0.48361480236053467,0.5390293002128601,0.524675190448761,0.6638888888888889,0.5617529880478087,0.6537264585494995,0.6505781412124634,0.7597222222222222,0.6175298804780877,0.7833333333333333,0.7131474103585658,0.8430555555555556,0.6334661354581673,0.8875,0.7390438247011952,0.8138888888888889,0.6414342629482072,0.8402777777777778,0.7151394422310757,0.37773844599723816,0.1264842301607132,0.3598654270172119,0.12224101275205612,0.23924824595451355,0.37430861592292786,0.21692010760307312,0.3754323720932007,0.1333475559949875,0.5861345529556274,0.07083333333333333,0.6135458167330677,0.11666666666666667,0.6215139442231076,0.04583333333333333,0.6733067729083665,0.20416666666666666,0.6294820717131474,0.15138888888888888,0.7051792828685259
Downward-Facing_Dog_posejpg (51),Downward-Facing_Dog,2,0.42802268266677856,0.6289693117141724,0.4146551787853241,0.6363012790679932,0.41375935077667236,0.6377737522125244,0.4128630757331848,0.5519394278526306,0.4113801121711731,0.5477219820022583,0.3512689471244812,0.6612468957901001,0.35691332817077637,0.6477086544036865,0.2705792486667633,0.763136088848114,0.2940200865268707,0.7286756038665771,0.23333333333333334,0.7645833333333333,0.2631310522556305,0.7365367412567139,0.24989381432533264,0.77690589427948,0.26502159237861633,0.72979736328125,0.5814285278320312,0.32220423221588135,0.5712580680847168,0.3311064839363098,0.6588782072067261,0.5590085983276367,0.6467461585998535,0.5544963479042053,0.7444298267364502,0.7380150556564331,0.7228319644927979,0.714152991771698,0.7727515697479248,0.7781285643577576,0.7416536211967468,0.7472169399261475,0.6960728764533997,0.8228344917297363,0.6770184636116028,0.797792911529541
Downward-Facing_Dog_posejpg (52),Downward-Facing_Dog,2,0.25530022382736206,0.7554000616073608,0.23738519847393036,0.7502803206443787,0.23642472922801971,0.7485321760177612,0.2826923727989197,0.6989487409591675,0.28412002325057983,0.6662543416023254,0.20883548259735107,0.8187925219535828,0.21104708313941956,0.774569034576416,0.10564762353897095,0.9285730123519897,0.16111111111111112,0.8222222222222222,0.029166666666666667,0.9375,0.10277777777777777,0.8263888888888888,0.07515287399291992,0.9436483383178711,0.1111111111111111,0.8444444444444444,0.5059565901756287,0.4930705428123474,0.49681171774864197,0.4761110842227936,0.6736111111111112,0.6736111111111112,0.6527777777777778,0.6541666666666667,0.7929469347000122,0.8187903761863708,0.7665101289749146,0.793003499507904,0.8354995846748352,0.8407480716705322,0.7880086898803711,0.7917696237564087,0.7359394431114197,0.8978818655014038,0.7291666666666666,0.8291666666666667
Downward-Facing_Dog_posejpg (54),Downward-Facing_Dog,2,0.4262482523918152,0.6796516180038452,0.4072798788547516,0.6800172328948975,0.4074668884277344,0.6800498962402344,0.4346131980419159,0.5698970556259155,0.4363214075565338,0.5349417328834534,0.34847381711006165,0.7145227193832397,0.34483206272125244,0.6881111860275269,0.22678124904632568,0.8110572099685669,0.22518852353096008,0.7800366282463074,0.12361111111111112,0.84375,0.18840357661247253,0.7861736416816711,0.18472222222222223,0.8359375,0.19050022959709167,0.7848657369613647,0.6409518718719482,0.2646346092224121,0.6306848526000977,0.25897321105003357,0.7623058557510376,0.5069326162338257,0.7450226545333862,0.49551939964294434,0.8824188709259033,0.751505970954895,0.8643090724945068,0.7298868298530579,0.9172056913375854,0.8006905913352966,0.8890849947929382,0.7723702192306519,0.8074562549591064,0.847172200679779,0.7962045073509216,0.8306576013565063
Downward-Facing_Dog_posejpg (56),Downward-Facing_Dog,2,0.5028887987136841,0.7300415635108948,0.48514848947525024,0.7386482954025269,0.4856211543083191,0.7398879528045654,0.4600483775138855,0.6620341539382935,0.4600006341934204,0.6629372239112854,0.413500040769577,0.7719584107398987,0.41564688086509705,0.7629231214523315,0.3327374756336212,0.8583878874778748,0.325,0.8444444444444444,0.24166666666666667,0.8736111111111111,0.25277777777777777,0.8486111111111111,0.2722222222222222,0.8736111111111111,0.28888888888888886,0.8444444444444444,0.6440808176994324,0.49653029441833496,0.6324623227119446,0.5078520178794861,0.7392407059669495,0.6624990105628967,0.7188515663146973,0.6597461104393005,0.8279701471328735,0.8276287317276001,0.8089174032211304,0.8205558061599731,0.8526826500892639,0.8403606414794922,0.8249068260192871,0.8354843854904175,0.7718024253845215,0.8695474863052368,0.7556120157241821,0.8545229434967041
Downward-Facing_Dog_posejpg (60),Downward-Facing_Dog,2,0.45694444444444443,0.9259259259259259,0.44583333333333336,0.928395061728395,0.44583333333333336,0.928395061728395,0.45301803946495056,0.8280321359634399,0.45683395862579346,0.8182060718536377,0.4048687219619751,0.8917796611785889,0.4132362902164459,0.8787776231765747,0.3417856693267822,0.9315468668937683,0.3564113676548004,0.9036756753921509,0.3111111111111111,0.9407407407407408,0.325,0.9135802469135802,0.3236111111111111,0.9358024691358025,0.3375,0.9185185185185185,0.5231571197509766,0.6125625371932983,0.5189114212989807,0.6176751255989075,0.5886083245277405,0.7698013186454773,0.5867310762405396,0.7706164121627808,0.6491434574127197,0.9063818454742432,0.6414721608161926,0.8944504261016846,0.6669411659240723,0.9193974733352661,0.6562051177024841,0.9104112386703491,0.6222222222222222,0.9358024691358025,0.6138888888888889,0.9259259259259259
Downward-Facing_Dog_posejpg (61),Downward-Facing_Dog,2,0.4268656075000763,0.7105152606964111,0.4096906781196594,0.7142670154571533,0.41098588705062866,0.7160181999206543,0.4000031352043152,0.5534104108810425,0.4233807623386383,0.5589171648025513,0.33051934838294983,0.7524722814559937,0.34841927886009216,0.7151520252227783,0.23657718300819397,0.9048079252243042,0.26660072803497314,0.8622002601623535,0.17222222222222222,0.9483870967741935,0.19444444444444445,0.9096774193548387,0.20277777777777778,0.9419354838709677,0.2125,0.9,0.5750897526741028,0.13767990469932556,0.5864017009735107,0.1521424949169159,0.6968733072280884,0.4868161380290985,0.6954600811004639,0.4921517074108124,0.7851623892784119,0.8267172574996948,0.7797125577926636,0.8094644546508789,0.8141586184501648,0.8849474191665649,0.8057488203048706,0.8737143278121948,0.7340724468231201,0.9401075839996338,0.7180070281028748,0.91312575340271
Downward-Facing_Dog_posejpg (66),Downward-Facing_Dog,2,0.5366178750991821,0.7994027137756348,0.5501168966293335,0.8061298727989197,0.5496845841407776,0.8044450283050537,0.5486128926277161,0.7292847633361816,0.5438737273216248,0.7427451014518738,0.5935810208320618,0.7977731227874756,0.5923765897750854,0.8238159418106079,0.6461362838745117,0.848936915397644,0.658847987651825,0.8829449415206909,0.66914963722229,0.8548088073730469,0.684145987033844,0.8904352188110352,0.6689979434013367,0.8530592918395996,0.6833735704421997,0.8970149755477905,0.42770135402679443,0.5404208898544312,0.41960081458091736,0.5422099828720093,0.36380434036254883,0.6987366080284119,0.36469775438308716,0.7047390341758728,0.30604708194732666,0.8267817497253418,0.295712411403656,0.8394932746887207,0.28877490758895874,0.8516784310340881,0.27823472023010254,0.8613842129707336,0.3486111111111111,0.8499025341130604,0.3408436179161072,0.8850580453872681
Downward-Facing_Dog_posejpg (68),Downward-Facing_Dog,2,0.4380683898925781,0.5967406034469604,0.4203200936317444,0.6221359968185425,0.42191189527511597,0.6227946281433105,0.3820279836654663,0.5020208358764648,0.39745771884918213,0.488968163728714,0.27922388911247253,0.6736223697662354,0.3142556846141815,0.6435020565986633,0.1486111111111111,0.779296875,0.16527777777777777,0.76953125,0.06111111111111111,0.8046875,0.06527777777777778,0.779296875,0.0875,0.814453125,0.1125,0.79296875,0.5736105442047119,0.1541285216808319,0.5740143656730652,0.15718138217926025,0.7233608961105347,0.436664342880249,0.7132535576820374,0.42709892988204956,0.8497418165206909,0.7351731061935425,0.8360995054244995,0.713805079460144,0.8833726644515991,0.78013014793396,0.8654227256774902,0.7631031274795532,0.7791666666666667,0.794921875,0.7472222222222222,0.791015625
Downward-Facing_Dog_posejpg (69),Downward-Facing_Dog,2,0.2671346962451935,0.5330106019973755,0.24957501888275146,0.5093199014663696,0.2483370006084442,0.5126864910125732,0.34330636262893677,0.44930434226989746,0.3200412094593048,0.42918384075164795,0.3254852890968323,0.6795879006385803,0.3044564127922058,0.6575283408164978,0.25886866450309753,0.8621093034744263,0.24358230829238892,0.8240122199058533,0.22502338886260986,0.884212076663971,0.21644562482833862,0.8555475473403931,0.23336845636367798,0.8915985226631165,0.21682098507881165,0.8496677279472351,0.6049350500106812,0.18353153765201569,0.5765989422798157,0.17634379863739014,0.6943948268890381,0.4954206347465515,0.6757417321205139,0.4884663224220276,0.8005342483520508,0.7932254076004028,0.7797294855117798,0.7646021246910095,0.835520327091217,0.8427268862724304,0.8143079280853271,0.8176117539405823,0.7136659622192383,0.8666409850120544,0.6996223330497742,0.849111020565033
Downward-Facing_Dog_posejpg (70),Downward-Facing_Dog,2,0.54268479347229,0.7862974405288696,0.5200684070587158,0.7975873351097107,0.5232012867927551,0.7989823222160339,0.4937487244606018,0.6713716387748718,0.5047616362571716,0.6705290079116821,0.39598625898361206,0.8047024607658386,0.4081306755542755,0.7872714400291443,0.2577921748161316,0.8876858353614807,0.3030495345592499,0.8448134660720825,0.16805555555555557,0.9,0.24444444444444444,0.825,0.21682637929916382,0.9013062715530396,0.26830753684043884,0.8466089367866516,0.6675311326980591,0.3663071095943451,0.6774545907974243,0.37387245893478394,0.8169298768043518,0.5852022767066956,0.8112202882766724,0.5895293354988098,0.972514271736145,0.7746834754943848,0.9534802436828613,0.7580872774124146,0.9952913522720337,0.7936756610870361,0.9754971265792847,0.7848593592643738,0.9162702560424805,0.8530325889587402,0.9016882181167603,0.8375797867774963
Downward-Facing_Dog_posejpg (71),Downward-Facing_Dog,2,0.5893672108650208,0.6398767828941345,0.6137499809265137,0.6385595202445984,0.6146292090415955,0.6382306218147278,0.6136177778244019,0.4907178282737732,0.601875901222229,0.5179086923599243,0.7123609185218811,0.6315039992332458,0.7073335647583008,0.6575789451599121,0.8226497173309326,0.7287545800209045,0.8470017910003662,0.789452850818634,0.8847222222222222,0.72265625,0.9416666666666667,0.794921875,0.8640230894088745,0.739790678024292,0.8850580453872681,0.7995308637619019,0.38775867223739624,0.16444145143032074,0.37017276883125305,0.16516005992889404,0.27706629037857056,0.4541914463043213,0.25561580061912537,0.4679378271102905,0.17249280214309692,0.6888629794120789,0.13764040172100067,0.7323819994926453,0.14555932581424713,0.739113450050354,0.10747936367988586,0.774085521697998,0.25,0.73828125,0.19027777777777777,0.810546875
Downward-Facing_Dog_posejpg (72),Downward-Facing_Dog,2,0.553741455078125,0.6612146496772766,0.5633593797683716,0.6580580472946167,0.5368074178695679,0.657505214214325,0.6125,0.4444444444444444,0.46805555555555556,0.45419103313840153,0.6502367258071899,0.7033541798591614,0.5121115446090698,0.7312619686126709,0.7430555555555556,0.8167641325536062,0.5665444731712341,0.866852343082428,0.8444444444444444,0.8713450292397661,0.5932892560958862,0.8787459135055542,0.7597222222222222,0.8693957115009746,0.5780381560325623,0.8908388614654541,0.48194444444444445,0.1364522417153996,0.36527777777777776,0.1442495126705653,0.4027777777777778,0.48927875243664715,0.30416666666666664,0.4697855750487329,0.34305555555555556,0.6764132553606238,0.225,0.6842105263157895,0.31666666666666665,0.7407407407407407,0.2,0.746588693957115,0.4041666666666667,0.7660818713450293,0.26666666666666666,0.7660818713450293
Downward-Facing_Dog_posejpg (78),Downward-Facing_Dog,2,0.4667154550552368,0.6776188015937805,0.4396120607852936,0.6872996687889099,0.4402802586555481,0.6877834796905518,0.40810102224349976,0.5840466022491455,0.42443159222602844,0.5760378837585449,0.2947024703025818,0.687362790107727,0.3184843063354492,0.66130530834198,0.151269793510437,0.7541871666908264,0.21372509002685547,0.7131332159042358,0.07012622720897616,0.7680555555555556,0.12482468443197756,0.7097222222222223,0.12482468443197756,0.7694444444444445,0.18238261342048645,0.7132638692855835,0.599820077419281,0.31389737129211426,0.5972845554351807,0.32531505823135376,0.7581444382667542,0.49459215998649597,0.7518644332885742,0.49437254667282104,0.8917343020439148,0.6889616250991821,0.8745043277740479,0.6748045682907104,0.9401760101318359,0.7210498452186584,0.9219419360160828,0.7145167589187622,0.8429172510518934,0.7541666666666667,0.8120617110799438,0.7152777777777778
Downward-Facing_Dog_posejpg (79),Downward-Facing_Dog,2,0.47286903858184814,0.7303528189659119,0.45539164543151855,0.7453783750534058,0.44820719957351685,0.743806779384613,0.47608843445777893,0.5936592221260071,0.39156675338745117,0.5587658286094666,0.32726216316223145,0.6934430003166199,0.25960472226142883,0.6774463057518005,0.16397014260292053,0.8301895260810852,0.11093586683273315,0.8126329183578491,0.10937196016311646,0.8453212380409241,0.058532774448394775,0.8292388319969177,0.1339608132839203,0.8682311773300171,0.05834043025970459,0.8220167756080627,0.6551559567451477,0.2474854439496994,0.5749627947807312,0.23943522572517395,0.7833483219146729,0.5304546356201172,0.4662991166114807,0.485328733921051,0.8988885283470154,0.7755554914474487,0.4487282633781433,0.694489061832428,0.9179702997207642,0.7958739995956421,0.46260127425193787,0.722426176071167,0.8291666666666667,0.797270955165692,0.3757972717285156,0.7831979393959045
Downward-Facing_Dog_posejpg (8),Downward-Facing_Dog,2,0.34501540660858154,0.6650274991989136,0.3274536430835724,0.6569042801856995,0.326507568359375,0.657450795173645,0.3640366196632385,0.5527018904685974,0.35628172755241394,0.5427024364471436,0.30040571093559265,0.7117340564727783,0.2899155914783478,0.6792463064193726,0.2062731683254242,0.8400206565856934,0.21933919191360474,0.7826693654060364,0.12777777777777777,0.8661087866108786,0.14305555555555555,0.8326359832635983,0.16805555555555557,0.8661087866108786,0.16527777777777777,0.8305439330543933,0.5512937903404236,0.30335795879364014,0.5420923829078674,0.30578622221946716,0.6646206974983215,0.5369893908500671,0.6488603353500366,0.5271240472793579,0.7633993029594421,0.7705196142196655,0.7490246891975403,0.7451533079147339,0.790070652961731,0.81119704246521,0.7722346782684326,0.7876725196838379,0.7444444444444445,0.8514644351464435,0.6939992904663086,0.8232873678207397
Downward-Facing_Dog_posejpg (82),Downward-Facing_Dog,2,0.4131661653518677,0.7655671834945679,0.39288079738616943,0.772508442401886,0.39211758971214294,0.7724901437759399,0.39254456758499146,0.6731082797050476,0.39089852571487427,0.6585808396339417,0.32195064425468445,0.7961784601211548,0.321145236492157,0.7755529284477234,0.21907952427864075,0.9034788608551025,0.2382664680480957,0.8526965975761414,0.16527777777777777,0.9209138840070299,0.15138888888888888,0.859402460456942,0.19197431206703186,0.911531925201416,0.2105661928653717,0.8505448698997498,0.6102930903434753,0.4726777672767639,0.6024247407913208,0.4824967682361603,0.7144845724105835,0.6619292497634888,0.699562668800354,0.6648805737495422,0.8106852769851685,0.845822811126709,0.7925069332122803,0.8263888359069824,0.8413183689117432,0.8724116086959839,0.8211873173713684,0.8624193668365479,0.7495242357254028,0.8965400457382202,0.7432986497879028,0.884093701839447
Downward-Facing_Dog_posejpg (91),Downward-Facing_Dog,2,0.5168936252593994,0.7051767110824585,0.5090788006782532,0.7236493229866028,0.5006464719772339,0.7214717864990234,0.5090322494506836,0.6195175647735596,0.4588642120361328,0.59018474817276,0.44061407446861267,0.730124294757843,0.39379796385765076,0.6984170079231262,0.34636440873146057,0.8281089067459106,0.31148695945739746,0.7971833944320679,0.30833333333333335,0.8666666666666667,0.2856239974498749,0.8122217655181885,0.32033395767211914,0.843193769454956,0.25972222222222224,0.8270833333333333,0.6660575866699219,0.33903422951698303,0.623327910900116,0.35273176431655884,0.7346178293228149,0.563598096370697,0.698745846748352,0.5671470165252686,0.815268874168396,0.7630816698074341,0.7841350436210632,0.7355958223342896,0.8417805433273315,0.8039587736129761,0.8029888868331909,0.7757744789123535,0.779019832611084,0.832477331161499,0.7418559789657593,0.8204059600830078
Downward-Facing_Dog_posejpg (98),Downward-Facing_Dog,2,0.47053152322769165,0.7661583423614502,0.4527771472930908,0.7782418727874756,0.4516288936138153,0.7768843173980713,0.4286004900932312,0.6448549628257751,0.4287465214729309,0.6282672882080078,0.33295342326164246,0.792655348777771,0.3430885076522827,0.772064208984375,0.1763888888888889,0.9128630705394191,0.21805555555555556,0.9128630705394191,0.09444444444444444,0.9294605809128631,0.2111111111111111,0.9045643153526971,0.1625,0.9294605809128631,0.22616875171661377,0.8648746013641357,0.5821577310562134,0.24382641911506653,0.5813483595848083,0.2428082525730133,0.74053955078125,0.5257503390312195,0.7385672926902771,0.5256102681159973,0.8726459741592407,0.8057006597518921,0.8582413196563721,0.7814725637435913,0.9149301052093506,0.8491408824920654,0.8888416886329651,0.8247624635696411,0.8218365907669067,0.9253218173980713,0.8007000684738159,0.9053022861480713
Tree_Pose (100),Tree,4,0.37192314863204956,0.281009703874588,0.3814530670642853,0.27104899287223816,0.3603532314300537,0.27099692821502686,0.41850540041923523,0.34518665075302124,0.32902103662490845,0.3444334864616394,0.4544978141784668,0.24924412369728088,0.2935343384742737,0.24237307906150818,0.4629552364349365,0.13884255290031433,0.28551167249679565,0.1332433819770813,0.45,0.06111111111111111,0.28888888888888886,0.06111111111111111,0.43472222222222223,0.09814814814814815,0.3055555555555556,0.1,0.40090233087539673,0.5757648348808289,0.3376462161540985,0.5617890954017639,0.37905699014663696,0.7369018793106079,0.2481752634048462,0.5964028239250183,0.3594428598880768,0.9043812155723572,0.368733674287796,0.6471586227416992,0.35346922278404236,0.9247586727142334,0.37695425748825073,0.6815909147262573,0.3597494959831238,0.9573173522949219,0.3766699731349945,0.7583061456680298
Tree_Pose (111),Tree,4,0.5642611384391785,0.11534985899925232,0.5857756733894348,0.0979287326335907,0.5428770184516907,0.09991759061813354,0.6972774863243103,0.21692824363708496,0.45044171810150146,0.22502905130386353,0.7987254858016968,0.2850390076637268,0.32604318857192993,0.2985731363296509,0.6327647566795349,0.211841881275177,0.4998058080673218,0.20817899703979492,0.5888113379478455,0.18553411960601807,0.5370026230812073,0.18134227395057678,0.591843843460083,0.18668150901794434,0.5368896126747131,0.18186041712760925,0.5874983072280884,0.5121423602104187,0.451482355594635,0.47967249155044556,0.5549680590629578,0.7255179286003113,0.2012878954410553,0.5157855153083801,0.5346344113349915,0.9174774885177612,0.43401288986206055,0.6639310121536255,0.5133675336837769,0.9404957890510559,0.4892551898956299,0.6738588213920593,0.5708870887756348,0.9714952111244202,0.49567099567099565,0.7458333333333333
Tree_Pose (117),Tree,4,0.5194753408432007,0.5035684704780579,0.5339059829711914,0.495482861995697,0.5038512349128723,0.49330925941467285,0.579375684261322,0.5806115865707397,0.44864141941070557,0.5493711829185486,0.618595540523529,0.6581185460090637,0.43718641996383667,0.46467143297195435,0.6793595552444458,0.726714015007019,0.4270833333333333,0.3866481223922114,0.7035067677497864,0.7419627904891968,0.44166666666666665,0.3282336578581363,0.7041217088699341,0.7417914271354675,0.46041666666666664,0.36022253129346316,0.553453803062439,0.7179569602012634,0.4744369685649872,0.7276781797409058,0.7177672386169434,0.7862405776977539,0.5050985813140869,0.8658435344696045,0.5504650473594666,0.7856506109237671,0.5262617468833923,0.9780229330062866,0.5254313349723816,0.7752784490585327,0.5324990153312683,0.9870132207870483,0.5297637581825256,0.8309206962585449,0.5343636274337769,1.0042003393173218
Tree_Pose (128),Tree,4,0.3407137989997864,0.3563891351222992,0.3378028869628906,0.34371060132980347,0.3384333550930023,0.34404250979423523,0.30972222222222223,0.41875,0.3486111111111111,0.42916666666666664,0.28888888888888886,0.29375,0.37083333333333335,0.3,0.32734933495521545,0.2068079710006714,0.33017903566360474,0.20689010620117188,0.3241904675960541,0.17859426140785217,0.32816800475120544,0.1801181137561798,0.3231033384799957,0.1803615391254425,0.3304559886455536,0.17764458060264587,0.3486111111111111,0.6229166666666667,0.3055555555555556,0.6229166666666667,0.3240194022655487,0.78485506772995,0.37098002433776855,0.7165791988372803,0.3182763159275055,0.8976107835769653,0.3472222222222222,0.69375,0.30972222222222223,0.9270833333333334,0.3285320997238159,0.7025161981582642,0.3259515166282654,0.9366111755371094,0.3277777777777778,0.75
Tree_Pose (136),Tree,4,0.473842054605484,0.2858344316482544,0.48926061391830444,0.2684345543384552,0.44893860816955566,0.2712448239326477,0.568415105342865,0.34242022037506104,0.37812885642051697,0.34373411536216736,0.579082190990448,0.23413464426994324,0.3710189461708069,0.24448129534721375,0.5177853107452393,0.1357021927833557,0.42184269428253174,0.13396921753883362,0.4807564914226532,0.10862702131271362,0.4427976608276367,0.10945931077003479,0.487204909324646,0.10821691155433655,0.4401744306087494,0.10896632075309753,0.5467945337295532,0.5575571060180664,0.4171958565711975,0.5572597980499268,0.695125937461853,0.6642252206802368,0.44385167956352234,0.6556082367897034,0.4880694143167028,0.6152777777777778,0.4938986897468567,0.8305448293685913,0.41718804836273193,0.6081455945968628,0.4867366850376129,0.842877984046936,0.36225596529284165,0.6305555555555555,0.49846652150154114,0.9027665853500366
Tree_Pose (26),Tree,4,0.44035476446151733,0.16438278555870056,0.43774908781051636,0.14898589253425598,0.4084080159664154,0.15062445402145386,0.48756295442581177,0.2662339508533478,0.3071199059486389,0.2575647830963135,0.5835140997830802,0.37777777777777777,0.3028392791748047,0.38626331090927124,0.5379609544468547,0.35833333333333334,0.48129531741142273,0.35370075702667236,0.527445375919342,0.3237082064151764,0.5140997830802603,0.28888888888888886,0.48156182212581344,0.30694444444444446,0.4880694143167028,0.3125,0.4675001800060272,0.48526713252067566,0.34837353229522705,0.4942599833011627,0.688460111618042,0.5447326898574829,0.3774403470715835,0.6680555555555555,0.48590021691973967,0.6277777777777778,0.38081809878349304,0.8301440477371216,0.4229934924078091,0.6291666666666667,0.36917707324028015,0.8463419675827026,0.41865509761388287,0.7055555555555556,0.4530435800552368,0.8935667276382446
Tree_Pose (27),Tree,4,0.5416666666666666,0.16944444444444445,0.55625,0.15555555555555556,0.5104166666666666,0.15416666666666667,0.7416666666666667,0.35,0.37083333333333335,0.3611111111111111,0.6604166666666667,0.2625,0.42916666666666664,0.2652777777777778,0.5833333333333334,0.3194444444444444,0.5083333333333333,0.33055555555555555,0.5416666666666666,0.2388888888888889,0.5458333333333333,0.24305555555555555,0.5520833333333334,0.2791666666666667,0.5479166666666667,0.24305555555555555,0.5211036801338196,0.566187858581543,0.47068437933921814,0.5625756978988647,0.54375,0.7472222222222222,0.21458333333333332,0.6013888888888889,0.4948914647102356,0.9469637274742126,0.48126694560050964,0.654903769493103,0.4910901188850403,0.9687734842300415,0.4925890564918518,0.6388130784034729,0.5229166666666667,0.9611111111111111,0.5031535029411316,0.7253885269165039
Tree_Pose (3),Tree,4,0.6095444685466378,0.19027777777777777,0.6052060737527115,0.1736111111111111,0.5661605206073753,0.1638888888888889,0.6334056399132321,0.2638888888888889,0.4793926247288503,0.28055555555555556,0.7787418655097614,0.33611111111111114,0.5314533622559653,0.35555555555555557,0.7114967462039046,0.3347222222222222,0.665943600867679,0.34444444444444444,0.6898047722342733,0.28055555555555556,0.7071583514099783,0.27361111111111114,0.6399132321041214,0.30694444444444446,0.6594360086767896,0.30277777777777776,0.6420824295010846,0.5,0.5032537960954447,0.4708333333333333,0.579175704989154,0.6666666666666666,0.3969631236442516,0.5861111111111111,0.4592892825603485,0.6948045492172241,0.5336225596529284,0.5569444444444445,0.5010845986984815,0.8583333333333333,0.5553145336225597,0.55,0.6095444685466378,0.8722222222222222,0.5336225596529284,0.6277777777777778
Tree_Pose (35),Tree,4,0.5042039155960083,0.27580496668815613,0.49410468339920044,0.2631779909133911,0.5145118236541748,0.2637540400028229,0.45463407039642334,0.3251287341117859,0.5657560229301453,0.3223188519477844,0.4617548882961273,0.21368935704231262,0.5374196767807007,0.22185593843460083,0.4866860806941986,0.11462444067001343,0.5110477805137634,0.12330645322799683,0.4957585334777832,0.08586880564689636,0.5085692405700684,0.09339725971221924,0.48638471961021423,0.08585533499717712,0.5116934180259705,0.09510472416877747,0.4735754728317261,0.5669084191322327,0.5282304286956787,0.5650492310523987,0.4728209376335144,0.7391996383666992,0.5564757585525513,0.7078984379768372,0.5,0.9444444444444444,0.4950088560581207,0.6633107662200928,0.5194444444444445,0.9736111111111111,0.4828375577926636,0.6584830284118652,0.48055555555555557,0.9666666666666667,0.47284555435180664,0.6631739735603333
Tree_Pose (46),Tree,4,0.49598991870880127,0.13256415724754333,0.4984647333621979,0.11832422018051147,0.4819837510585785,0.1190083920955658,0.5279260873794556,0.23646850883960724,0.4288173317909241,0.22609810531139374,0.5762052536010742,0.3426783084869385,0.4285672903060913,0.3469797670841217,0.5163858532905579,0.2968778610229492,0.4979766309261322,0.2979865074157715,0.5070005059242249,0.2568819224834442,0.5070830583572388,0.2629227638244629,0.5100402235984802,0.268882155418396,0.5098282098770142,0.2721296548843384,0.5061523914337158,0.4583149552345276,0.46241891384124756,0.4690951406955719,0.6016344428062439,0.6004164814949036,0.47623348236083984,0.6503172516822815,0.5,0.5226415094339623,0.47222110629081726,0.8347496390342712,0.49444444444444446,0.5037735849056604,0.4633197486400604,0.8595138788223267,0.44722222222222224,0.5075471698113208,0.5182852149009705,0.8764840364456177
Tree_Pose (54),Tree,4,0.48444444444444446,0.46111111111111114,0.5044444444444445,0.4527777777777778,0.4666666666666667,0.45416666666666666,0.60093754529953,0.5075653195381165,0.4311111111111111,0.5166666666666667,0.6167673468589783,0.5781173706054688,0.3734259307384491,0.5846420526504517,0.4996802508831024,0.5428981781005859,0.4694594144821167,0.5423177480697632,0.4777777777777778,0.5013888888888889,0.4711111111111111,0.49444444444444446,0.48470208048820496,0.5262211561203003,0.47555555555555556,0.5208333333333334,0.5731554627418518,0.6713504195213318,0.4802819490432739,0.6780281066894531,0.6925368905067444,0.7634793519973755,0.5093309879302979,0.8058958053588867,0.5381578803062439,0.7498213648796082,0.5424692630767822,0.9281491041183472,0.5078932642936707,0.7328804135322571,0.5733333333333334,0.9527777777777777,0.5266666666666666,0.7708333333333334,0.5317829847335815,0.9590035676956177
Tree_Pose (57),Tree,4,0.5220729366602687,0.3111111111111111,0.5127623081207275,0.3057502210140228,0.5145663619041443,0.30675315856933594,0.42226487523992323,0.36666666666666664,0.5604606525911708,0.3625,0.4728880226612091,0.23915377259254456,0.48671281337738037,0.24656105041503906,0.48452770709991455,0.14318081736564636,0.4948909282684326,0.1441190242767334,0.48301222920417786,0.11813932657241821,0.4934062957763672,0.11785760521888733,0.47653573751449585,0.11637076735496521,0.49625054001808167,0.11862188577651978,0.54510556621881,0.55,0.46257197696737046,0.5569444444444445,0.4836852207293666,0.7263888888888889,0.7063339731285988,0.6222222222222222,0.5239923224568138,0.8666666666666667,0.5547024952015355,0.6125,0.5124760076775432,0.8847222222222222,0.5028790786948176,0.6055555555555555,0.5574887990951538,0.8828521966934204,0.5220729366602687,0.6625
Tree_Pose (61),Tree,4,0.6861313868613139,0.2,0.7104622871046229,0.18194444444444444,0.681265206812652,0.18194444444444444,0.8829638957977295,0.26138657331466675,0.6876726150512695,0.2722817063331604,0.938197135925293,0.34035101532936096,0.5862302184104919,0.35230952501296997,0.7768372297286987,0.3291672468185425,0.7113765478134155,0.3355340361595154,0.7469850182533264,0.30912989377975464,0.7434421181678772,0.3162505626678467,0.7463001012802124,0.32064706087112427,0.7363770604133606,0.32764092087745667,0.8296613097190857,0.4581834673881531,0.722373366355896,0.4472214877605438,0.7933071255683899,0.604810357093811,0.506818413734436,0.5072592496871948,0.7722943425178528,0.7502626776695251,0.7373674511909485,0.5086297392845154,0.7722635865211487,0.7651540040969849,0.7690765857696533,0.4959735572338104,0.732360097323601,0.8027777777777778,0.7508637309074402,0.5550593137741089
Tree_Pose (91),Tree,4,0.4295233488082886,0.2646738588809967,0.44043445587158203,0.25536441802978516,0.40602606534957886,0.2539389431476593,0.48640885949134827,0.34871673583984375,0.31827402114868164,0.33469709753990173,0.5675791501998901,0.43032407760620117,0.2892797589302063,0.4278806149959564,0.46534860134124756,0.39902228116989136,0.4354504346847534,0.4179767966270447,0.44071581959724426,0.37925347685813904,0.4655351936817169,0.40241411328315735,0.45247605443000793,0.38554877042770386,0.46170544624328613,0.40825164318084717,0.4753471612930298,0.51442551612854,0.3726045489311218,0.5295238494873047,0.6837618947029114,0.563408374786377,0.4362114369869232,0.6730297803878784,0.4446876347064972,0.5862118005752563,0.4326675832271576,0.8155910968780518,0.45089285714285715,0.5694444444444444,0.41517857142857145,0.8444444444444444,0.3861607142857143,0.6055555555555555,0.48943591117858887,0.8526269197463989
Upward-Facing_Dog_Pose (102),Upward-Facing_Dog,6,0.4625,0.2152777777777778,0.4895833333333333,0.21805555555555556,0.4125,0.24722222222222223,0.6821712851524353,0.37330466508865356,0.4242267906665802,0.47185757756233215,0.7472784519195557,0.5594474673271179,0.4831557869911194,0.6806760430335999,0.8083411455154419,0.7364684343338013,0.5490970611572266,0.8519414067268372,0.8979166666666667,0.7805555555555556,0.59375,0.9166666666666666,0.8083333333333333,0.7833333333333333,0.6375,0.8666666666666667,0.5735154151916504,0.5867597460746765,0.4741567373275757,0.6276003122329712,0.4367426633834839,0.5968490242958069,0.31666666666666665,0.6388888888888888,0.14791666666666667,0.4597222222222222,0.05416666666666667,0.4986111111111111,0.125,0.43333333333333335,0.06458333333333334,0.45694444444444443,0.11458333333333333,0.4638888888888889,0.016666666666666666,0.4791666666666667
Upward-Facing_Dog_Pose (103),Upward-Facing_Dog,6,0.49913400411605835,0.3069421052932739,0.5510953068733215,0.27287936210632324,0.443564236164093,0.2763117253780365,0.7372018098831177,0.43241506814956665,0.26106899976730347,0.4319181740283966,0.756094217300415,0.6026018261909485,0.2593457102775574,0.6126955151557922,0.7685089707374573,0.7354779243469238,0.25379928946495056,0.7437028884887695,0.8091106290672451,0.8097222222222222,0.2299349240780911,0.8236111111111111,0.6984815618221258,0.7819444444444444,0.30151843817787416,0.7888888888888889,0.6246604919433594,0.6498906016349792,0.3823559880256653,0.6543138027191162,0.6287611722946167,0.5699536800384521,0.4060586392879486,0.604507327079773,0.5797776579856873,0.4969937801361084,0.4295679032802582,0.5182714462280273,0.5432576537132263,0.48681187629699707,0.44048839807510376,0.5035707354545593,0.6172000169754028,0.5323300361633301,0.40330272912979126,0.5563046336174011
Upward-Facing_Dog_Pose (25),Upward-Facing_Dog,6,0.4136800169944763,0.2086888551712036,0.4409009516239166,0.17790180444717407,0.4120798110961914,0.17654335498809814,0.5353289842605591,0.41221538186073303,0.43023574352264404,0.39570173621177673,0.4890506863594055,0.6752548217773438,0.374943345785141,0.6283024549484253,0.35555555555555557,0.7875243664717348,0.2373843491077423,0.7446510195732117,0.24722222222222223,0.8206627680311891,0.1375,0.7738791423001949,0.29305555555555557,0.7855750487329435,0.20101767778396606,0.7658606171607971,0.6194444444444445,0.7115009746588694,0.5555555555555556,0.6764132553606238,0.9013888888888889,0.6920077972709552,0.8458333333333333,0.645224171539961,nan,nan,nan,nan,nan,nan,nan,nan,nan,nan,nan,nan
Upward-Facing_Dog_Pose (28),Upward-Facing_Dog,6,0.6684591174125671,0.34063971042633057,0.667860209941864,0.3150138258934021,0.6407480239868164,0.3179033398628235,0.6870828866958618,0.49616745114326477,0.5336236953735352,0.48954635858535767,0.6972222222222222,0.7264150943396226,0.5402777777777777,0.7660377358490567,0.7924593687057495,0.7675238847732544,0.662752628326416,0.785912275314331,0.8666666666666667,0.7811320754716982,0.7319444444444444,0.7981132075471699,0.8222613334655762,0.7839635014533997,0.6977255344390869,0.8000845909118652,0.53571617603302,0.7161136865615845,0.46738776564598083,0.6961848139762878,0.37131446599960327,0.7577225565910339,0.30315470695495605,0.7274631857872009,0.18663886189460754,0.7226895689964294,0.14064297080039978,0.7097971439361572,0.20833333333333334,0.6528301886792452,0.1375,0.6641509433962264,0.21388888888888888,0.730188679245283,0.08409398794174194,0.7410132884979248
Upward-Facing_Dog_Pose (35),Upward-Facing_Dog,6,0.6296713948249817,0.23721423745155334,0.6210475564002991,0.22773858904838562,0.6123809814453125,0.23466050624847412,0.6454184055328369,0.36812952160835266,0.5630012154579163,0.39457079768180847,0.6631597280502319,0.5251359939575195,0.5631059408187866,0.5759210586547852,0.6960503458976746,0.6793720126152039,0.5794408917427063,0.7383478879928589,0.7652777777777777,0.6937984496124031,0.6333333333333333,0.7790697674418605,0.7152777777777778,0.7170542635658915,0.6222222222222222,0.7383720930232558,0.5972222222222222,0.6550387596899225,0.5125,0.6589147286821705,0.41388888888888886,0.6298449612403101,0.3625,0.6763565891472868,0.32083333333333336,0.6065891472868217,0.23194444444444445,0.6472868217054264,0.30416666666666664,0.5910852713178295,0.22361111111111112,0.6046511627906976,0.3,0.6085271317829457,0.19166666666666668,0.6375968992248062
Upward-Facing_Dog_Pose (42),Upward-Facing_Dog,6,0.7599995732307434,0.34070682525634766,0.7492202520370483,0.31576335430145264,0.7451263666152954,0.3184870481491089,0.6905016303062439,0.5082018971443176,0.7070286870002747,0.5240199565887451,0.6752400994300842,0.7519954442977905,0.6995015144348145,0.7824682593345642,0.6996176242828369,0.9516818523406982,nan,nan,0.7296284437179565,0.9686983227729797,nan,nan,0.7247836589813232,0.9587409496307373,nan,nan,0.561267614364624,0.853827953338623,0.5720114707946777,0.8817159533500671,0.3861396312713623,0.9407714605331421,0.38761740922927856,0.9593369364738464,0.21999463438987732,0.947824239730835,0.21432307362556458,0.9581215977668762,0.20024797320365906,0.91771399974823,0.19888070225715637,0.9239419102668762,nan,nan,nan,nan
Upward-Facing_Dog_Pose (46),Upward-Facing_Dog,6,0.36551633477211,0.35974884033203125,0.37961289286613464,0.3543846607208252,0.3797590732574463,0.35319235920906067,0.3881112039089203,0.4943491816520691,0.38186416029930115,0.4653903841972351,0.3182084858417511,0.6352500915527344,0.32909873127937317,0.6099303364753723,0.25678643584251404,0.7464399337768555,0.2633029818534851,0.7096604704856873,0.21388888888888888,0.7680140597539543,0.2111111111111111,0.718804920913884,0.23237170279026031,0.7610646486282349,0.24305555555555555,0.7240773286467487,0.4375,0.7135325131810193,0.45416666666666666,0.671353251318102,0.6291666666666667,0.718804920913884,0.6291666666666667,0.6783831282952548,0.7805555555555556,0.718804920913884,0.7611111111111111,0.6818980667838312,0.8097222222222222,0.7100175746924429,0.7819444444444444,0.671353251318102,0.85,0.7381370826010545,0.8125,0.6942003514938488
Upward-Facing_Dog_Pose (49),Upward-Facing_Dog,6,0.5291430354118347,0.3476763963699341,0.5345653295516968,0.3204101324081421,0.5110973119735718,0.3188020884990692,0.5490504503250122,0.4354420006275177,0.4135507047176361,0.4421963393688202,0.5861111111111111,0.6230936819172114,0.39861111111111114,0.681917211328976,0.5914418697357178,0.6827630996704102,0.46757522225379944,0.7183733582496643,0.5888888888888889,0.7254901960784313,0.5625,0.7450980392156863,0.5722222222222222,0.7124183006535948,0.5166666666666667,0.7298474945533769,0.4222222222222222,0.579520697167756,0.36527777777777776,0.5708061002178649,0.3486111111111111,0.4749455337690632,0.24861111111111112,0.5119825708061002,0.30277777777777776,0.477124183006536,0.20421816408634186,0.5010980367660522,0.2875,0.46187363834422657,0.19583333333333333,0.46187363834422657,0.2652777777777778,0.48366013071895425,0.14722222222222223,0.4880174291938998
Upward-Facing_Dog_Pose (51),Upward-Facing_Dog,6,0.5188568234443665,0.41359999775886536,0.5240499973297119,0.39387813210487366,0.5031499862670898,0.39620542526245117,0.5289181470870972,0.4720572531223297,0.43675199151039124,0.48545438051223755,0.5545269846916199,0.5857667922973633,0.4222222222222222,0.6471734892787524,0.5765073895454407,0.6490296125411987,0.5201196074485779,0.6640538573265076,0.5844429731369019,0.6611743569374084,0.5497041940689087,0.6579511761665344,0.5888326168060303,0.6636517643928528,0.5395797491073608,0.6692953705787659,0.3888888888888889,0.5653021442495126,0.37222222222222223,0.5828460038986355,0.30833333333333335,0.5185185185185185,0.24444444444444444,0.557504873294347,0.25,0.5087719298245614,0.14886198937892914,0.547757089138031,0.23055555555555557,0.49707602339181284,0.1389068067073822,0.5351653695106506,0.23055555555555557,0.5107212475633528,0.12387639284133911,0.5520737767219543
Upward-Facing_Dog_Pose (62),Upward-Facing_Dog,6,0.3692425787448883,0.20455148816108704,0.3958336114883423,0.17341575026512146,0.36489877104759216,0.16843318939208984,0.4881795644760132,0.38187161087989807,0.3487280607223511,0.3647151291370392,0.5213384628295898,0.6269738078117371,0.32875901460647583,0.5551648139953613,0.5337861776351929,0.8468952775001526,0.29019924998283386,0.7525123357772827,0.5402777777777777,0.9422222222222222,0.2361111111111111,0.7866666666666666,0.49444444444444446,0.8977777777777778,0.2777777777777778,0.7977777777777778,0.4990898668766022,0.6412737965583801,0.42989206314086914,0.64741450548172,0.5958333333333333,0.5488888888888889,0.5416666666666666,0.5333333333333333,0.6555555555555556,0.47333333333333333,0.6055555555555555,0.4533333333333333,0.6555555555555556,0.44222222222222224,0.6138888888888889,0.4288888888888889,0.6805555555555556,0.4577777777777778,0.6388888888888888,0.44666666666666666
Upward-Facing_Dog_Pose (72),Upward-Facing_Dog,6,0.18882718682289124,0.5579293966293335,0.19545401632785797,0.5496867299079895,0.19301564991474152,0.5493685603141785,0.2756248116493225,0.5774046182632446,0.27955636382102966,0.5715348124504089,0.37652578949928284,0.5774932503700256,0.36426281929016113,0.5809606909751892,0.34334316849708557,0.6319934129714966,0.3411155045032501,0.6258373856544495,0.25742574257425743,0.6347222222222222,0.327877014875412,0.6307057738304138,0.297029702970297,0.6375,0.3292079207920792,0.6291666666666667,0.4573315680027008,0.6127843260765076,0.4524453282356262,0.6098611950874329,0.6137088537216187,0.6172682642936707,0.5860453844070435,0.6147967576980591,0.7623762376237624,0.6194444444444445,0.8292079207920792,0.6180555555555556,0.7721583843231201,0.6107857823371887,0.8094059405940595,0.6083333333333333,0.8712871287128713,0.6361111111111111,0.8638613861386139,0.6277777777777778
Upward-Facing_Dog_Pose (73),Upward-Facing_Dog,6,0.26244881749153137,0.28786569833755493,0.2805261015892029,0.28674978017807007,0.2788095474243164,0.2825387418270111,0.30578136444091797,0.46223127841949463,0.31366655230522156,0.4381219148635864,0.3255349397659302,0.6489694118499756,0.3358749449253082,0.6163520812988281,0.2315312922000885,0.7320041656494141,0.2725708484649658,0.7003399133682251,0.16666666666666666,0.7410207939508506,0.18055555555555555,0.7051039697542533,0.19460980594158173,0.740500271320343,0.22361111111111112,0.7088846880907372,0.4394413232803345,0.6891165375709534,0.440644234418869,0.6580999493598938,0.674376904964447,0.6999903321266174,0.6637009382247925,0.6779396533966064,0.8839697241783142,0.7098309397697449,0.8580912351608276,0.6822590827941895,0.8997385501861572,0.681136965751648,0.8784174919128418,0.6522641181945801,0.9479795694351196,0.7476255893707275,0.9307283163070679,0.7319485545158386
Upward-Facing_Dog_Pose (76),Upward-Facing_Dog,6,0.1302732527256012,0.301891952753067,0.15473578870296478,0.3060511350631714,0.15274256467819214,0.29883575439453125,0.21810609102249146,0.49702370166778564,0.19082671403884888,0.46667811274528503,0.33040300011634827,0.6419237852096558,0.22690020501613617,0.6070891618728638,0.23801358044147491,0.7866329550743103,0.22916666666666666,0.7784090909090909,0.16111111111111112,0.8011363636363636,0.16805555555555557,0.7821969696969697,0.19722222222222222,0.7954545454545454,0.20277777777777778,0.7784090909090909,0.3674420118331909,0.7432791590690613,0.340906023979187,0.7258453965187073,0.5941837430000305,0.7553696632385254,0.5742818117141724,0.7344642877578735,0.8513888888888889,0.75,0.8236111111111111,0.7196969696969697,0.8680555555555556,0.7121212121212122,0.8402777777777778,0.6950757575757576,0.9361111111111111,0.7954545454545454,0.9347222222222222,0.7784090909090909
Upward-Facing_Dog_Pose (8),Upward-Facing_Dog,6,0.38431432843208313,0.24775151908397675,0.3822386860847473,0.23922407627105713,0.374467134475708,0.24336549639701843,0.3961166739463806,0.31874436140060425,0.3406215012073517,0.3276733458042145,0.3988795876502991,0.3979569375514984,0.33705776929855347,0.4135119318962097,0.4050784111022949,0.46855342388153076,0.344023734331131,0.4881022572517395,0.4080875515937805,0.4943394064903259,0.3524796962738037,0.5026662945747375,0.41136422753334045,0.48811396956443787,0.3430863320827484,0.5027674436569214,0.3657737672328949,0.43263745307922363,0.3366823196411133,0.43407905101776123,0.2847222222222222,0.41130604288499023,0.25972222222222224,0.4249512670565302,0.2363075613975525,0.4015701711177826,0.21388888888888888,0.40545808966861596,0.2308495044708252,0.3879227638244629,0.2,0.38791423001949316,0.22361111111111112,0.3937621832358674,0.1875,0.4074074074074074
Upward-Facing_Dog_Pose (83),Upward-Facing_Dog,6,0.2033485621213913,0.612250804901123,0.2134947031736374,0.5898391604423523,0.21063852310180664,0.5900353193283081,0.28274527192115784,0.7010973691940308,0.2898489832878113,0.676993191242218,0.38200685381889343,0.7455951571464539,0.38064542412757874,0.7310908436775208,0.33881568908691406,0.9183205962181091,0.3491712212562561,0.8793062567710876,0.28055555555555556,0.9306930693069307,0.2972222222222222,0.9034653465346535,0.31805555555555554,0.9232673267326733,0.3263888888888889,0.9084158415841584,0.46598294377326965,0.8435922861099243,0.466706246137619,0.8220949172973633,0.6251221299171448,0.8733831644058228,0.6162663698196411,0.8500951528549194,0.7805555555555556,0.8712871287128713,0.7631064653396606,0.8592483401298523,0.8152777777777778,0.8589108910891089,0.8208333333333333,0.8415841584158416,0.8708333333333333,0.905940594059406,0.8916666666666667,0.9183168316831684
Upward-Facing_Dog_Pose (97),Upward-Facing_Dog,6,0.7487524151802063,0.2901243567466736,0.7348716855049133,0.2654562294483185,0.7187344431877136,0.2776951193809509,0.6968396306037903,0.37422502040863037,0.6047917604446411,0.4517163634300232,0.66432785987854,0.5001800060272217,0.48779261112213135,0.5383060574531555,0.6961060762405396,0.6042896509170532,0.5569183826446533,0.6826480627059937,0.7204225659370422,0.6231250762939453,0.5975643992424011,0.7128955721855164,0.7191314101219177,0.625289797782898,0.5773922204971313,0.7227400541305542,0.5606739521026611,0.5688835382461548,0.47638888888888886,0.6037037037037037,0.34305555555555556,0.4777777777777778,0.30416666666666664,0.5481481481481482,0.2361111111111111,0.4444444444444444,0.16718074679374695,0.4575650095939636,0.16805555555555557,0.4074074074074074,0.1388888888888889,0.4148148148148148,0.12361111111111112,0.45925925925925926,0.10748186707496643,0.47433263063430786
Upward_Bow_Pose (104),Upward_Bow,5,0.20317807793617249,0.5641318559646606,0.22653713822364807,0.5727197527885437,0.2313389778137207,0.5683232545852661,0.2350126951932907,0.42994412779808044,0.2633602023124695,0.40197253227233887,0.19051092863082886,0.6153824925422668,0.2251044511795044,0.6353841423988342,0.164695143699646,0.8149206638336182,0.20972967147827148,0.8599643707275391,0.18794697523117065,0.851970911026001,0.22879093885421753,0.8880712985992432,0.18309423327445984,0.8510061502456665,0.2296575903892517,0.8898078203201294,0.4881627559661865,0.16379493474960327,0.5085368156433105,0.1405256688594818,0.697733461856842,0.3415830731391907,0.7658122777938843,0.34537386894226074,0.6478041410446167,0.7230658531188965,0.7554410099983215,0.7413641214370728,0.6330644488334656,0.7796597480773926,0.7025636434555054,0.7720624208450317,0.6611111111111111,0.8499025341130604,0.8069444444444445,0.884990253411306
Upward_Bow_Pose (107),Upward_Bow,5,0.8263888888888888,0.4803738317757009,0.8194444444444444,0.5065420560747663,0.8208333333333333,0.508411214953271,0.7309383153915405,0.4580156207084656,0.7295410633087158,0.439937949180603,0.7728856801986694,0.6357365846633911,0.7521705031394958,0.6063371896743774,0.7661652565002441,0.7898862361907959,0.7486111111111111,0.7700934579439253,0.7055555555555556,0.8205607476635514,0.6819444444444445,0.7962616822429907,0.7451604008674622,0.8117071390151978,0.7138888888888889,0.8,0.5462249517440796,0.2967104911804199,0.5514260530471802,0.2845475673675537,0.39635005593299866,0.47038936614990234,0.407908171415329,0.46566563844680786,0.2638888888888889,0.7439252336448599,0.26666666666666666,0.7439252336448599,0.25555555555555554,0.805607476635514,0.2708333333333333,0.8018691588785046,0.1625,0.8149532710280374,0.17777777777777778,0.7962616822429907
Upward_Bow_Pose (109),Upward_Bow,5,0.7665431499481201,0.6505604982376099,0.7570196390151978,0.6669180989265442,0.7568600177764893,0.6663738489151001,0.7240997552871704,0.5850423574447632,0.7075420618057251,0.5559632778167725,0.7888888888888889,0.746031746031746,0.7412880659103394,0.709314227104187,0.8277777777777777,0.9047619047619048,0.7319444444444444,0.81859410430839,0.7208333333333333,0.909297052154195,0.6666666666666666,0.8390022675736961,0.7402777777777778,0.9297052154195011,0.7111111111111111,0.8480725623582767,0.4837161898612976,0.34562867879867554,0.4826444685459137,0.3114601969718933,0.29984796047210693,0.5172460079193115,0.3143080472946167,0.4917079210281372,0.2249561995267868,0.7902253270149231,0.23800991475582123,0.7257261872291565,0.23386530578136444,0.8462938070297241,0.235434889793396,0.7931485772132874,0.1388888888888889,0.854875283446712,0.14444444444444443,0.7913832199546486
Upward_Bow_Pose (112),Upward_Bow,5,0.827538247566064,0.7083333333333334,0.8289290681502086,0.7347222222222223,0.8219749652294854,0.7361111111111112,0.7538247566063978,0.7486111111111111,0.7112661004066467,0.7347486019134521,0.8372739916550765,0.8430555555555556,0.7204450625869263,0.7652777777777777,0.8636995827538247,0.9541666666666667,0.7872044506258693,0.8944444444444445,0.7885952712100139,0.9569444444444445,0.7329624478442281,0.9166666666666666,0.8052851182197497,0.9555555555555556,0.780250347705146,0.9208333333333333,0.5113903284072876,0.5567845702171326,0.46760645508766174,0.5850342512130737,0.43449071049690247,0.34328603744506836,0.2873940169811249,0.715410053730011,0.3616133518776078,0.12222222222222222,0.233062744140625,0.9022397994995117,0.32684283727399166,0.10833333333333334,0.2336016595363617,0.917049765586853,0.4151003062725067,0.027509033679962158,0.14909806847572327,0.9293119311332703
Upward_Bow_Pose (117),Upward_Bow,5,0.7357584238052368,0.57595294713974,0.7198482751846313,0.5986771583557129,0.7200839519500732,0.601779043674469,0.6853107810020447,0.4703521132469177,0.6515058279037476,0.4822801947593689,0.7554188966751099,0.6724270582199097,0.7161744832992554,0.6729468107223511,0.7512012720108032,0.8960822820663452,0.7113901972770691,0.8484607934951782,0.6652777777777777,0.9333333333333333,0.6194444444444445,0.86875,0.7208333333333333,0.91875,0.6979894638061523,0.8645374774932861,0.4539822041988373,0.2174811065196991,0.45332053303718567,0.24350477755069733,0.21078142523765564,0.4451063275337219,0.2286970317363739,0.4429571330547333,0.19220709800720215,0.8211413621902466,0.1970614194869995,0.8048948049545288,0.20270279049873352,0.8626562356948853,0.2105972170829773,0.8521660566329956,0.10803288221359253,0.8869568109512329,0.1285962164402008,0.8608567714691162
Upward_Bow_Pose (119),Upward_Bow,5,0.7509282231330872,0.6008961200714111,0.7166666666666667,0.608786610878661,0.7263888888888889,0.6255230125523012,0.6536126136779785,0.45651721954345703,0.7779558897018433,0.4741813540458679,0.6767145991325378,0.6999102234840393,0.8252257108688354,0.6678550243377686,0.6506860256195068,0.9275180101394653,0.784767746925354,0.8740955591201782,0.5847222222222223,0.9351464435146444,0.7277777777777777,0.9079497907949791,0.6236111111111111,0.9393305439330544,0.7388888888888889,0.9288702928870293,0.5216869115829468,0.2868032455444336,0.5733133554458618,0.31218221783638,0.348926842212677,0.5078295469284058,0.4527777777777778,0.5188284518828452,0.38055555555555554,0.7824267782426778,0.4666666666666667,0.801255230125523,0.39444444444444443,0.8723849372384938,0.475,0.8619246861924686,0.30972222222222223,0.8870292887029289,0.4166666666666667,0.8577405857740585
Upward_Bow_Pose (122),Upward_Bow,5,0.46293017268180847,0.35145753622055054,0.473371684551239,0.3593927025794983,0.46054208278656006,0.3573673963546753,0.5366007089614868,0.28433579206466675,0.4624018669128418,0.29175853729248047,0.5316986441612244,0.40575337409973145,0.3921774625778198,0.39932161569595337,0.5258120894432068,0.5039612054824829,0.3727187514305115,0.5348020792007446,0.5269433259963989,0.5241008996963501,0.38800135254859924,0.5543248653411865,0.533094584941864,0.5224015116691589,0.3709622323513031,0.5585623979568481,0.6607791781425476,0.13607165217399597,0.6223517060279846,0.1348242610692978,0.826795756816864,0.2876080274581909,0.7597222222222222,0.3465909090909091,0.8694444444444445,0.4810606060606061,0.7759485244750977,0.590865969657898,0.8555555555555555,0.5340909090909091,0.7777777777777778,0.6363636363636364,0.9055489301681519,0.5972118377685547,0.7833333333333333,0.6875
Upward_Bow_Pose (123),Upward_Bow,5,0.7864807844161987,0.5304888486862183,0.7718591690063477,0.5591087341308594,0.7698580622673035,0.5601106882095337,0.7292125225067139,0.4535641372203827,0.6750724911689758,0.4443707764148712,0.8388084173202515,0.617571234703064,0.7832080125808716,0.6015939712524414,0.8527932167053223,0.8348062634468079,0.7597222222222222,0.6652719665271967,0.8236745595932007,0.8613160252571106,0.7194444444444444,0.7175732217573222,0.8364733457565308,0.8648068308830261,0.7458333333333333,0.7217573221757322,0.4464666247367859,0.1662653535604477,0.42957741022109985,0.15671736001968384,0.207085520029068,0.42315763235092163,0.22026818990707397,0.41259196400642395,0.19006100296974182,0.826171875,0.19344738125801086,0.7861567139625549,0.21479979157447815,0.8807569742202759,0.21816962957382202,0.8537589907646179,0.08260008692741394,0.9010463356971741,0.1093904972076416,0.8660058975219727
Upward_Bow_Pose (124),Upward_Bow,5,0.6162102222442627,0.65272057056427,0.6063777804374695,0.6532840132713318,0.6010434031486511,0.655491292476654,0.6023249626159668,0.564871072769165,0.5778005123138428,0.5626657605171204,0.6407326459884644,0.6883077621459961,0.6361111111111111,0.6640625,0.635750412940979,0.8539559841156006,0.6025714874267578,0.8284307718276978,0.6142156720161438,0.8634029626846313,0.5837916731834412,0.8432979583740234,0.5916666666666667,0.859375,0.5871529579162598,0.8443804979324341,0.4510059952735901,0.4029773771762848,0.44489073753356934,0.41599756479263306,0.2947671115398407,0.5659962296485901,0.34489738941192627,0.5639710426330566,0.3138888888888889,0.8046875,0.3347222222222222,0.798828125,0.33055555555555555,0.849609375,0.34305555555555556,0.833984375,0.263676255941391,0.8560317754745483,0.2652777777777778,0.828125
Upward_Bow_Pose (125),Upward_Bow,5,0.7589960098266602,0.5826247930526733,0.7457271814346313,0.590030312538147,0.7390512824058533,0.5913580060005188,0.7196149826049805,0.5087977647781372,0.6730886101722717,0.5085189342498779,0.7778184413909912,0.6675335168838501,0.7112472653388977,0.6495761871337891,0.7342348098754883,0.8202470541000366,0.6789509057998657,0.7565227746963501,0.6666666666666666,0.8408736349453978,0.6263888888888889,0.7737909516380655,0.6999700665473938,0.8284831047058105,0.6649542450904846,0.775611400604248,0.499041348695755,0.21991805732250214,0.4884697496891022,0.23130616545677185,0.20640406012535095,0.4068829417228699,0.25088950991630554,0.4194772243499756,0.21595901250839233,0.728162407875061,0.22019577026367188,0.7168530225753784,0.2222222222222222,0.8049921996879875,0.25833333333333336,0.7613104524180967,0.10869613289833069,0.8179932832717896,0.1552458107471466,0.7742732763290405
Upward_Bow_Pose (126),Upward_Bow,5,0.18240287899971008,0.4726144075393677,0.20217084884643555,0.48317214846611023,0.1988428831100464,0.4826347231864929,0.24657180905342102,0.33751505613327026,0.2141299545764923,0.3420490622520447,0.17606818675994873,0.5466595888137817,0.13310736417770386,0.5584274530410767,0.13777881860733032,0.7361018657684326,0.10655656456947327,0.7878756523132324,0.2125,0.7816764132553606,0.1638888888888889,0.8265107212475633,0.16402849555015564,0.7750720977783203,0.11634209752082825,0.8239386081695557,0.4883107841014862,0.1472225785255432,0.4797769784927368,0.12366762012243271,0.7288594841957092,0.3778740167617798,0.7450105547904968,0.3661503791809082,0.8139895796775818,0.7092719078063965,0.8220493793487549,0.7292239665985107,0.7993481159210205,0.7721161842346191,0.8089229464530945,0.7848432064056396,0.9356440305709839,0.7841285467147827,0.9518423080444336,0.801681637763977
Upward_Bow_Pose (133),Upward_Bow,5,0.6680555555555555,0.5509433962264151,0.6375,0.5490566037735849,0.6486111111111111,0.5509433962264151,0.6698214411735535,0.4351298213005066,0.6464223861694336,0.4195263087749481,0.7184338569641113,0.5747726559638977,0.702418327331543,0.5613927245140076,0.7030749917030334,0.7140908241271973,0.6986111111111111,0.7094339622641509,0.6825354099273682,0.7271665930747986,0.675,0.7150943396226415,0.6950746178627014,0.7272684574127197,0.6652777777777777,0.720754716981132,0.533528208732605,0.23658272624015808,0.5270975232124329,0.2307082563638687,0.36973267793655396,0.42009758949279785,0.4015054702758789,0.410358726978302,0.4263441264629364,0.6411159038543701,0.40694444444444444,0.660377358490566,0.45694444444444443,0.6830188679245283,0.4375,0.6716981132075471,0.423746794462204,0.7066822052001953,0.42979928851127625,0.6884282827377319
Upward_Bow_Pose (138),Upward_Bow,5,0.6753328442573547,0.5109708309173584,0.6608673930168152,0.5241167545318604,0.6604589819908142,0.5258302688598633,0.6207865476608276,0.4150964021682739,0.6227511167526245,0.4223993718624115,0.6379804611206055,0.5668632984161377,0.6375042796134949,0.5532006025314331,0.5711305141448975,0.7454907894134521,0.6030264496803284,0.6519038677215576,0.5391726493835449,0.768982470035553,0.5796490907669067,0.6617206335067749,0.5461373329162598,0.7842406034469604,0.5848475098609924,0.669094443321228,0.4494931101799011,0.23295222222805023,0.4507305324077606,0.25029686093330383,0.32916666666666666,0.42483660130718953,0.33194444444444443,0.42483660130718953,0.3541666666666667,0.7189542483660131,0.35,0.6928104575163399,0.35555555555555557,0.7690631808278867,0.3638888888888889,0.7342047930283224,0.28055555555555556,0.7973856209150327,0.28463488817214966,0.7418287992477417
Upward_Bow_Pose (140),Upward_Bow,5,0.24305555555555555,0.564453125,0.2638888888888889,0.572265625,0.2763888888888889,0.58984375,0.3026089072227478,0.44653651118278503,0.30874836444854736,0.4404258728027344,0.18888888888888888,0.60546875,0.23837122321128845,0.6282880902290344,0.15555555555555556,0.8203125,0.2388888888888889,0.82421875,0.22083333333333333,0.865234375,0.30833333333333335,0.88671875,0.2013888888888889,0.859375,0.2722222222222222,0.87890625,0.5238265991210938,0.2332114279270172,0.5446867942810059,0.20093141496181488,0.6793467998504639,0.4743465781211853,0.7736066579818726,0.46138790249824524,0.6472222222222223,0.78125,0.6999619007110596,0.8239884376525879,0.6263888888888889,0.8671875,0.6745235323905945,0.8650475740432739,0.7083333333333334,0.8515625,0.8444444444444444,0.900390625
Upward_Bow_Pose (141),Upward_Bow,5,0.295688271522522,0.5772997140884399,0.31844520568847656,0.5696218013763428,0.3141661286354065,0.5649200677871704,0.31549617648124695,0.46508580446243286,0.2826264202594757,0.47157734632492065,0.26571428571428574,0.6083333333333333,0.21857142857142858,0.6569444444444444,0.276303231716156,0.7579962611198425,0.23714285714285716,0.8527777777777777,0.3314285714285714,0.7777777777777778,0.3485714285714286,0.8722222222222222,0.3028571428571429,0.8069444444444445,0.2857142857142857,0.8416666666666667,0.4942857142857143,0.2569444444444444,0.5085714285714286,0.2388888888888889,0.6757142857142857,0.55,0.7471428571428571,0.5625,0.6214285714285714,0.7305555555555555,0.6428571428571429,0.8027777777777778,0.5971428571428572,0.7569444444444444,0.5871428571428572,0.85,0.6985714285714286,0.7722222222222223,0.75,0.8875
Upward_Bow_Pose (153),Upward_Bow,5,0.7468509674072266,0.48964810371398926,0.7260083449235049,0.5272373540856031,0.7371349095966621,0.5252918287937743,0.5977188348770142,0.4005924463272095,0.7024974226951599,0.3766663670539856,0.6254513263702393,0.6495563983917236,0.7595575451850891,0.539546012878418,0.6189151599443672,0.9046692607003891,0.7248923778533936,0.6924181580543518,0.545201668984701,0.8949416342412452,0.6689847009735744,0.7042801556420234,0.5841446453407511,0.8521400778210116,0.6954102920723226,0.7431906614785992,0.3987690806388855,0.22980302572250366,0.47303909063339233,0.21971271932125092,0.2683989405632019,0.37320035696029663,0.39986732602119446,0.3960992693901062,0.3255186676979065,0.6707279682159424,0.40751043115438107,0.5914396887159533,0.3337969401947149,0.7198443579766537,0.42698191933240615,0.6536964980544747,0.27327725291252136,0.7127939462661743,0.36022253129346316,0.622568093385214
Upward_Bow_Pose (155),Upward_Bow,5,0.889567494392395,0.5755965113639832,0.8711467981338501,0.5974450707435608,0.8722023367881775,0.5997588634490967,0.8092321753501892,0.4978816509246826,0.7843206524848938,0.4799429178237915,0.8815104961395264,0.7062861919403076,0.849496603012085,0.6699323654174805,0.8967466950416565,0.9313576221466064,0.8732844591140747,0.880553126335144,0.8333333333333334,0.9557522123893806,0.8027777777777778,0.9132743362831859,0.8736630082130432,0.9512528777122498,0.8583333333333333,0.9150442477876106,0.5608314275741577,0.26084092259407043,0.553917407989502,0.24273012578487396,0.2344232201576233,0.49304133653640747,0.26060348749160767,0.465190052986145,0.18123149871826172,0.8817592859268188,0.19313901662826538,0.8329974412918091,0.1986111111111111,0.9433628318584071,0.2022998034954071,0.8940547704696655,0.059722222222222225,0.9486725663716814,0.09245717525482178,0.9050288200378418
Upward_Bow_Pose (157),Upward_Bow,5,0.2167879045009613,0.501270592212677,0.22559234499931335,0.5264626741409302,0.22648277878761292,0.5320798754692078,0.2960309684276581,0.43548327684402466,0.28207913041114807,0.45073896646499634,0.247598797082901,0.6313698291778564,0.22323089838027954,0.6771732568740845,0.2550782561302185,0.7998491525650024,0.22775378823280334,0.8789457082748413,0.3263888888888889,0.7975308641975308,0.2916666666666667,0.9111111111111111,0.28196918964385986,0.811942458152771,0.2763888888888889,0.8765432098765432,0.4901808202266693,0.20030194520950317,0.49438127875328064,0.1951526403427124,0.6510567665100098,0.3534347712993622,0.676385760307312,0.3791751265525818,0.6763888888888889,0.6666666666666666,0.6888888888888889,0.7234567901234568,0.6555555555555556,0.7012345679012346,0.6625,0.762962962962963,0.7111111111111111,0.8395061728395061,0.725,0.8839506172839506
Upward_Bow_Pose (158),Upward_Bow,5,0.2805158793926239,0.5202188491821289,0.28833210468292236,0.5412135124206543,0.29020407795906067,0.5437800288200378,0.35992753505706787,0.4567905068397522,0.35150545835494995,0.45507141947746277,0.3139383792877197,0.6181644797325134,0.30274146795272827,0.6468445062637329,0.33194444444444443,0.813953488372093,0.3033530116081238,0.8288125991821289,0.39166666666666666,0.8202959830866807,0.3611111111111111,0.8435517970401691,0.3486111111111111,0.8308668076109936,0.3225497007369995,0.844700813293457,0.5618429183959961,0.27873164415359497,0.559569239616394,0.2865915298461914,0.7109754681587219,0.468643456697464,0.7220631837844849,0.4970855712890625,0.67909836769104,0.7824721336364746,0.6850729584693909,0.8078514337539673,0.6506381630897522,0.8351254463195801,0.6763888888888889,0.8435517970401691,0.7449671030044556,0.8424500226974487,0.7579647898674011,0.8682141304016113
Upward_Bow_Pose (161),Upward_Bow,5,0.8027777777777778,0.546875,0.7888888888888889,0.576171875,0.7791666666666667,0.572265625,0.8833333333333333,0.556640625,0.7097222222222223,0.578125,0.84421706199646,0.6297632455825806,0.6924724578857422,0.6590818166732788,0.725,0.859375,0.9222222222222223,0.830078125,0.6402777777777777,0.8984375,0.8083333333333333,0.87890625,0.7069444444444445,0.900390625,0.8555555555555555,0.87890625,0.5597222222222222,0.30078125,0.5208333333333334,0.28515625,0.24722222222222223,0.498046875,0.44166666666666665,0.509765625,0.26666666666666666,0.830078125,0.4097222222222222,0.8046875,0.8643399477005005,0.8411957025527954,0.4388888888888889,0.873046875,0.1875,0.89453125,0.3638888888888889,0.861328125
Upward_Bow_Pose (168),Upward_Bow,5,0.21532350778579712,0.6891223192214966,0.23559457063674927,0.7009464502334595,0.23558136820793152,0.7010244131088257,0.296436071395874,0.6131464242935181,0.2631292939186096,0.6178563237190247,0.2261514663696289,0.7485921382904053,0.17958077788352966,0.7644842863082886,0.24176627397537231,0.8635029792785645,0.1649458408355713,0.9395163655281067,0.2568874657154083,0.8884577751159668,0.2095031440258026,0.9570858478546143,0.2538597285747528,0.885862410068512,0.19505420327186584,0.9662343263626099,0.5160014629364014,0.43014055490493774,0.51640385389328,0.42482712864875793,0.7404782772064209,0.5849554538726807,0.7993704080581665,0.6114105582237244,0.72779381275177,0.828183650970459,0.7795096635818481,0.8743040561676025,0.6903633491311216,0.8652777777777778,0.7772511848341233,0.9263888888888889,0.7694111466407776,0.8782579302787781,0.8879541158676147,0.9311561584472656
Upward_Bow_Pose (172),Upward_Bow,5,0.33012819290161133,0.55141282081604,0.3456217050552368,0.5693358182907104,0.3462517559528351,0.5679864287376404,0.3964155316352844,0.449552983045578,0.38187509775161743,0.4492962956428528,0.3492691218852997,0.6051316261291504,0.3239923417568207,0.6303318738937378,0.33024704456329346,0.7757017612457275,0.3002833127975464,0.8272092342376709,0.3958333333333333,0.8125,0.37777777777777777,0.8708333333333333,0.3638888888888889,0.8104166666666667,0.3185277283191681,0.8623831272125244,0.6188439726829529,0.2864675521850586,0.6204944252967834,0.2772144377231598,0.792924165725708,0.4177311360836029,0.8323439359664917,0.4261561334133148,0.7347222222222223,0.65,0.7819444444444444,0.7145833333333333,0.7027777777777777,0.7083333333333334,0.7444444444444445,0.7291666666666666,0.7583333333333333,0.8416666666666667,0.7813961505889893,0.870407223701477
Upward_Bow_Pose (174),Upward_Bow,5,0.7875,0.6015625,0.7583333333333333,0.625,0.7527777777777778,0.625,0.754935085773468,0.5144566893577576,0.6737900972366333,0.49449431896209717,0.7724796533584595,0.669655442237854,0.7194444444444444,0.64453125,0.7680555555555556,0.837890625,0.7055555555555556,0.8125,0.6819444444444445,0.865234375,0.6486111111111111,0.857421875,0.717156708240509,0.868158757686615,0.6752233505249023,0.8368390798568726,0.6180555555555556,0.2265625,0.6152777777777778,0.22265625,0.3236111111111111,0.41796875,0.3111111111111111,0.4296875,0.29444444444444445,0.689453125,0.2222222222222222,0.7265625,0.22361111111111112,0.791015625,0.31527777777777777,0.7421875,0.1388888888888889,0.857421875,0.26666666666666666,0.83984375
Upward_Bow_Pose (176),Upward_Bow,5,0.8030097484588623,0.5069721937179565,0.7849013805389404,0.5247944593429565,0.7829365134239197,0.5248475670814514,0.7394651770591736,0.44214290380477905,0.7187569737434387,0.41611453890800476,0.7952775955200195,0.6337981224060059,0.7559739947319031,0.5917178392410278,0.7923508286476135,0.8410443663597107,0.7441821694374084,0.773301899433136,0.7208333333333333,0.8715415019762845,0.7013888888888888,0.7964426877470355,0.7649550437927246,0.8616060018539429,0.7234885692596436,0.793736457824707,0.49742960929870605,0.203253373503685,0.49175071716308594,0.17192240059375763,0.2513194978237152,0.4187367558479309,0.3074808418750763,0.36398404836654663,0.28800469636917114,0.7542986273765564,0.3025028109550476,0.7169916033744812,0.3097124993801117,0.7992492914199829,0.3235734701156616,0.7689433693885803,0.21007615327835083,0.821684718132019,0.24164608120918274,0.7802480459213257
Upward_Bow_Pose (184),Upward_Bow,5,0.7873954176902771,0.47412848472595215,0.7700128555297852,0.49686187505722046,0.7722235918045044,0.49638059735298157,0.674793541431427,0.4129042625427246,0.6883202791213989,0.3921175003051758,0.7368210554122925,0.6336798667907715,0.7244820594787598,0.5865407586097717,0.7432676553726196,0.8590152263641357,0.6997455358505249,0.7766001224517822,0.7090407609939575,0.8915929794311523,0.650904033379694,0.7178988326848249,0.7174909114837646,0.8932591676712036,0.694019471488178,0.7315175097276264,0.4236648678779602,0.23898780345916748,0.4378802180290222,0.24622909724712372,0.23007167875766754,0.4443168342113495,0.2853986918926239,0.42456239461898804,0.3055531084537506,0.7704700231552124,0.33927470445632935,0.7258158922195435,0.3421437740325928,0.8086165189743042,0.367876797914505,0.7571359276771545,0.21756884455680847,0.8501616716384888,0.27136075496673584,0.8273496627807617
Upward_Bow_Pose (193),Upward_Bow,5,0.272381067276001,0.6304882168769836,0.30425071716308594,0.6228629350662231,0.3033090829849243,0.6223365664482117,0.2783275246620178,0.5111799240112305,0.2903944253921509,0.5198668241500854,0.22673079371452332,0.6822594404220581,0.23003146052360535,0.6974622011184692,0.22361111111111112,0.8611111111111112,0.2611111111111111,0.8958333333333334,0.28194444444444444,0.8944444444444445,0.28888888888888886,0.9194444444444444,0.20267143845558167,0.8706377148628235,0.2569444444444444,0.9152777777777777,0.5425831079483032,0.32769709825515747,0.5408028364181519,0.3380937874317169,0.7409285306930542,0.556908369064331,0.7639793753623962,0.5777702331542969,0.6583333333333333,0.8430555555555556,0.6694444444444444,0.8555555555555555,0.6166666666666667,0.8888888888888888,0.6402777777777777,0.9069444444444444,0.7597222222222222,0.8861111111111111,0.7708333333333334,0.9180555555555555
Upward_Bow_Pose (198),Upward_Bow,5,0.6975042223930359,0.6139692068099976,0.6981970071792603,0.6145693063735962,0.6888018846511841,0.6154813766479492,0.704086422920227,0.536522388458252,0.6444471478462219,0.542385995388031,0.7244493961334229,0.6477507948875427,0.6916666666666667,0.6423487544483986,0.7122770547866821,0.7583087086677551,0.6847222222222222,0.7455516014234875,0.7012317180633545,0.7691615223884583,0.625,0.7597864768683275,0.7141417264938354,0.7702568769454956,0.6625,0.7615658362989324,0.608527660369873,0.36466145515441895,0.5828582048416138,0.3727588653564453,0.39305555555555555,0.5729537366548043,0.3680555555555556,0.5355871886120996,0.4000374674797058,0.7379395961761475,0.4027777777777778,0.7384341637010676,0.4222222222222222,0.8042704626334519,0.4111111111111111,0.7562277580071174,0.3498768210411072,0.8005653023719788,0.3402777777777778,0.7740213523131673
Upward_Bow_Pose (208),Upward_Bow,5,0.24444444444444444,0.6150627615062761,0.24861111111111112,0.6527196652719666,0.2722222222222222,0.6485355648535565,0.27361111111111114,0.4895397489539749,0.3819444444444444,0.502092050209205,0.2430194914340973,0.6944987773895264,0.3311111032962799,0.7202632427215576,0.18055555555555555,0.8640167364016736,0.3507611155509949,0.9149738550186157,0.20694444444444443,0.893305439330544,0.36458709836006165,0.9316424131393433,0.2111111111111111,0.899581589958159,0.36469778418540955,0.9346989393234253,0.4597222222222222,0.3577405857740586,0.5138888888888888,0.3472803347280335,0.5958333333333333,0.5920502092050209,0.6272545456886292,0.5823692679405212,0.6916666666666667,0.8242677824267782,0.7228129506111145,0.8231929540634155,0.6763888888888889,0.8661087866108786,0.7152777777777778,0.8661087866108786,0.7458333333333333,0.8347280334728033,0.7885141968727112,0.8355065584182739
Upward_Bow_Pose (210),Upward_Bow,5,0.8027777777777778,0.5791666666666667,0.7541666666666667,0.5888888888888889,0.7569444444444444,0.5791666666666667,0.7983704209327698,0.41930660605430603,0.7528810501098633,0.41461846232414246,0.8917832970619202,0.653520941734314,0.8358326554298401,0.6241479516029358,0.8911228179931641,0.9036110639572144,0.8902777777777777,0.8583333333333333,0.8369302749633789,0.9380223155021667,0.7785940170288086,0.8841972351074219,0.8097222222222222,0.9402777777777778,0.7860972881317139,0.8819563984870911,0.5658497214317322,0.09910749644041061,0.5308926701545715,0.08806867152452469,0.1893676519393921,0.4167273938655853,0.2172916829586029,0.3922324776649475,0.24027777777777778,0.8777777777777778,0.23871749639511108,0.8215470910072327,0.26805555555555555,0.9416666666666667,0.2986111111111111,0.8833333333333333,0.09861111111111111,0.9652777777777778,0.11805555555555555,0.8833333333333333
Upward_Bow_Pose (213),Upward_Bow,5,0.6846686601638794,0.647750973701477,0.6616889238357544,0.6500623822212219,0.6660400629043579,0.6504247188568115,0.6500562429428101,0.5053516626358032,0.6325767040252686,0.5229699015617371,0.7207633256912231,0.6755608320236206,0.7005901336669922,0.6718357801437378,0.7556185722351074,0.88353431224823,0.7413924932479858,0.8462399840354919,0.753541111946106,0.9092031717300415,0.7125,0.8864197530864197,0.7628424763679504,0.9098497629165649,0.7222222222222222,0.9259259259259259,0.45178064703941345,0.2818867266178131,0.44846609234809875,0.3199743330478668,0.25905072689056396,0.47528016567230225,0.2741362154483795,0.4857493042945862,0.2770836055278778,0.8133904933929443,0.28203296661376953,0.7840911149978638,0.30277777777777776,0.9209876543209876,0.30833333333333335,0.8740740740740741,0.20416666666666666,0.9333333333333333,0.20944862067699432,0.8735967874526978
Upward_Bow_Pose (3),Upward_Bow,5,0.675,0.6296296296296297,0.6513888888888889,0.6246913580246913,0.6527777777777778,0.6197530864197531,0.6333333333333333,0.42962962962962964,0.6178988218307495,0.438355416059494,0.6973738074302673,0.5800541043281555,0.7083333333333334,0.582716049382716,0.7583333333333333,0.8518518518518519,0.7791666666666667,0.891358024691358,0.6930555555555555,0.8790123456790123,0.6972222222222222,0.9382716049382716,0.7097222222222223,0.8888888888888888,0.7291666666666666,0.9209876543209876,0.41234004497528076,0.27856677770614624,0.41156652569770813,0.2704567611217499,0.19027777777777777,0.4345679012345679,0.2722222222222222,0.5061728395061729,0.21944444444444444,0.8345679012345679,0.2861111111111111,0.8,0.25277777777777777,0.9061728395061729,0.3055555555555556,0.8567901234567902,0.14583333333333334,0.9160493827160494,0.24305555555555555,0.8518518518518519
Upward_Bow_Pose (38),Upward_Bow,5,0.2240142524242401,0.5448698997497559,0.23271507024765015,0.5822548270225525,0.23354247212409973,0.5869920253753662,0.319978803396225,0.46864083409309387,0.2965819239616394,0.49003008008003235,0.2425161600112915,0.5892607569694519,0.19431033730506897,0.657308042049408,0.2051253318786621,0.7493872046470642,0.17421981692314148,0.8340204954147339,0.23264431953430176,0.7879034280776978,0.2361111111111111,0.8574074074074074,0.22908687591552734,0.787772536277771,0.20090711116790771,0.8593633770942688,0.6084455847740173,0.3121722936630249,0.5977683663368225,0.33187034726142883,0.8106424808502197,0.499417245388031,0.8246597051620483,0.5243926048278809,0.7309722900390625,0.7855730056762695,0.7462772130966187,0.8321806192398071,0.7083333333333334,0.7722222222222223,0.7166666666666667,0.8944444444444445,0.7619566917419434,0.8866267204284668,0.8263888888888888,0.9037037037037037
Upward_Bow_Pose (60),Upward_Bow,5,0.12960150837898254,0.5983092784881592,0.16055980324745178,0.6019483804702759,0.15934033691883087,0.6021350026130676,0.20031338930130005,0.49289238452911377,0.13802030682563782,0.4773596525192261,0.16453289985656738,0.6560181379318237,0.09175631403923035,0.6545068025588989,0.1655445098876953,0.8247954845428467,0.08477228879928589,0.8769534826278687,0.1890954077243805,0.8589524030685425,0.11875581741333008,0.9062609672546387,0.1933152675628662,0.8580341339111328,0.10352084040641785,0.9144554138183594,0.44851312041282654,0.252858966588974,0.425744891166687,0.2254086285829544,0.7503036260604858,0.45952308177948,0.7882822751998901,0.4679231345653534,0.7951233386993408,0.7902692556381226,0.8059032559394836,0.8145231008529663,0.7569444444444444,0.8347222222222223,0.7861111111111111,0.8652777777777778,0.8902777777777777,0.8458333333333333,0.9111111111111111,0.925
Upward_Bow_Pose (62),Upward_Bow,5,0.22964811325073242,0.4408612847328186,0.2508483827114105,0.45422351360321045,0.2508958876132965,0.4520970582962036,0.2992321252822876,0.3427927494049072,0.2822924852371216,0.3300878405570984,0.24365940690040588,0.5254277586936951,0.22558680176734924,0.531230628490448,0.2512635290622711,0.7221660614013672,0.23237287998199463,0.7514157891273499,0.29549652338027954,0.7514765858650208,0.2717859745025635,0.7693600058555603,0.2911943197250366,0.7498210668563843,0.2600398361682892,0.7746930718421936,0.521194577217102,0.18481327593326569,0.5150993466377258,0.15957406163215637,0.7296785712242126,0.3947640061378479,0.7560445070266724,0.39106762409210205,0.679655134677887,0.7190141081809998,0.7113785147666931,0.7394072413444519,0.6319444444444444,0.7303149606299213,0.6791666666666667,0.7637795275590551,0.7458333333333333,0.7362204724409449,0.7847222222222222,0.7736220472440944
Upward_Bow_Pose (69),Upward_Bow,5,0.8125623464584351,0.5493694543838501,0.802306592464447,0.5730591416358948,0.8017988204956055,0.574026346206665,0.7264204025268555,0.5265405774116516,0.6995526552200317,0.5216681957244873,0.810430645942688,0.662580132484436,0.7831013202667236,0.6578174829483032,0.844179630279541,0.8066281080245972,0.7985386848449707,0.7713541388511658,0.8272022604942322,0.831750750541687,0.781121015548706,0.7897861003875732,0.8374419212341309,0.82929927110672,0.7797880172729492,0.7860731482505798,0.4977416396141052,0.2766253650188446,0.48972469568252563,0.2831515073776245,0.20694444444444443,0.4152777777777778,0.21666666666666667,0.41944444444444445,0.17222222222222222,0.6527777777777778,0.19818329811096191,0.6811771988868713,0.21666666666666667,0.6888888888888889,0.2263888888888889,0.7277777777777777,0.14444444444444443,0.8333333333333334,0.1388888888888889,0.7763888888888889
Upward_Bow_Pose (70),Upward_Bow,5,0.784112811088562,0.4837349057197571,0.7658336162567139,0.5043729543685913,0.7677487134933472,0.5035935640335083,0.6749275922775269,0.4156315326690674,0.6861079931259155,0.39095455408096313,0.7369834184646606,0.6356968879699707,0.7241626977920532,0.581820011138916,0.7579972183588317,0.8560311284046692,0.7399165507649513,0.7295719844357976,0.6926286509040334,0.914396887159533,0.6467315716272601,0.6867704280155642,0.7023643949930459,0.8404669260700389,0.6912378303198887,0.7354085603112841,0.4246259033679962,0.2427825629711151,0.4405808746814728,0.25115489959716797,0.23337724804878235,0.44051504135131836,0.28664031624794006,0.4290428161621094,0.3016788959503174,0.7696751952171326,0.3463143254520167,0.6828793774319066,0.33339598774909973,0.805809497833252,0.3796940194714882,0.7373540856031129,0.21463340520858765,0.8485609292984009,0.26842837273991654,0.7295719844357976
Upward_Bow_Pose (72),Upward_Bow,5,0.3543463349342346,0.6221500635147095,0.36944444444444446,0.6432748538011696,0.37468868494033813,0.6402987837791443,0.43020978569984436,0.5256253480911255,0.4282241463661194,0.5054948329925537,0.3788360357284546,0.6416234970092773,0.36912399530410767,0.5581538081169128,0.38333333333333336,0.8382066276803118,0.36527777777777776,0.8576998050682261,0.45,0.8499025341130604,0.45416666666666666,0.8732943469785575,0.4444444444444444,0.8499025341130604,0.4222222222222222,0.8615984405458089,0.6555240154266357,0.3337419927120209,0.653967559337616,0.3288637399673462,0.8543816208839417,0.462877094745636,0.8707261085510254,0.4655401110649109,0.8079283237457275,0.7870850563049316,0.8199442625045776,0.7901577949523926,0.7805555555555556,0.7875243664717348,0.7847222222222222,0.7855750487329435,0.8588086366653442,0.8893218040466309,0.8720324635505676,0.8908606767654419
Upward_Bow_Pose (74),Upward_Bow,5,0.7422739863395691,0.5598340034484863,0.7206625938415527,0.5550036430358887,0.7217562198638916,0.5554401874542236,0.7329661846160889,0.46610304713249207,0.722482442855835,0.44823992252349854,0.8061333298683167,0.6048905849456787,0.7959867715835571,0.5877670049667358,0.8279754519462585,0.761771559715271,0.8162150382995605,0.7277174592018127,0.7541666666666667,0.7927382753403933,0.7555555555555555,0.7397881996974282,0.7708333333333334,0.789712556732224,0.7916666666666666,0.7518910741301059,0.5508665442466736,0.24921934306621552,0.5572384595870972,0.2305581420660019,0.2882838547229767,0.44872087240219116,0.316170334815979,0.4366140365600586,0.2497355043888092,0.7308616638183594,0.25807201862335205,0.7204527854919434,0.26487213373184204,0.7616961002349854,0.27815428376197815,0.7511040568351746,0.15138888888888888,0.7881996974281392,0.19444444444444445,0.7246596066565809
Upward_Bow_Pose (75),Upward_Bow,5,0.4888888888888889,0.4405737704918033,0.4652777777777778,0.4733606557377049,0.5152777777777777,0.48155737704918034,0.37881678342819214,0.2972932755947113,0.6190551519393921,0.2985331416130066,0.27913302183151245,0.5460188388824463,0.687198281288147,0.543549120426178,0.26510298252105713,0.836426317691803,0.6948641538619995,0.8428614139556885,0.2951374650001526,0.8912718296051025,0.6688401103019714,0.8778199553489685,0.2685784101486206,0.8843052983283997,0.6984710693359375,0.8833568692207336,0.44180622696876526,-0.021077781915664673,0.5613969564437866,-0.045429330319166183,0.3846876323223114,0.3496834337711334,0.5886983275413513,0.2537629306316376,0.3702184557914734,0.5859286189079285,0.565616250038147,0.572409451007843,0.3840968608856201,0.5878032445907593,0.5697425603866577,0.5749439597129822,0.34940487146377563,0.7579041719436646,0.5755980610847473,0.793777585029602
Upward_Bow_Pose (77),Upward_Bow,5,0.6841696500778198,0.5724614858627319,0.6728191375732422,0.6013716459274292,0.6846362948417664,0.5998312830924988,0.5615701079368591,0.5466773509979248,0.6391708254814148,0.536673367023468,0.6316421627998352,0.7289332747459412,0.7252202033996582,0.6823024153709412,0.6527777777777778,0.9145833333333333,0.7624288201332092,0.8492907285690308,0.5791666666666667,0.9083333333333333,0.7111111111111111,0.85625,0.6208333333333333,0.9083333333333333,0.725,0.8604166666666667,0.3768352270126343,0.4218476414680481,0.4273342788219452,0.4104701578617096,0.2382582426071167,0.5420017242431641,0.33191943168640137,0.5498872995376587,0.2426675409078598,0.8107565641403198,0.3745032548904419,0.7720632553100586,0.2610631287097931,0.8455373048782349,0.37325623631477356,0.796034574508667,0.20416666666666666,0.8208333333333333,0.322150319814682,0.8073525428771973
Upward_Bow_Pose (78),Upward_Bow,5,0.6722222222222223,0.5882352941176471,0.6430555555555556,0.6053130929791272,0.65,0.6072106261859582,0.6523688435554504,0.4684826135635376,0.6472222222222223,0.45351043643263755,0.7507036924362183,0.614591121673584,0.7183799147605896,0.6058377027511597,0.7777777777777778,0.7836812144212524,0.7680555555555556,0.7722960151802657,0.7138888888888889,0.8311195445920304,0.6972222222222222,0.7950664136622391,0.7319444444444444,0.7969639468690702,0.7375,0.8102466793168881,0.4678199589252472,0.24121840298175812,0.46964702010154724,0.26948970556259155,0.21311217546463013,0.44111499190330505,0.2620863914489746,0.4452841281890869,0.23641782999038696,0.751187801361084,0.25263306498527527,0.7403229475021362,0.26996973156929016,0.7656205892562866,0.29444444444444445,0.7722960151802657,0.13194444444444445,0.8140417457305503,0.24722222222222223,0.8121442125237192
Upward_Bow_Pose (8),Upward_Bow,5,0.24861111111111112,0.5568181818181818,0.25277777777777777,0.5928030303030303,0.26805555555555555,0.5795454545454546,0.2652777777777778,0.42234848484848486,0.3819444444444444,0.45454545454545453,0.2263888888888889,0.6060606060606061,0.3527777777777778,0.6458333333333334,0.20694444444444443,0.7935606060606061,0.3416666666666667,0.8503787878787878,0.22777777777777777,0.8200757575757576,0.3763888888888889,0.8579545454545454,0.19583333333333333,0.8143939393939394,0.3611111111111111,0.8598484848484849,0.4888888888888889,0.3390151515151515,0.4736111111111111,0.3352272727272727,0.6667374968528748,0.42231518030166626,0.691907525062561,0.4154680073261261,0.6857774257659912,0.6865776777267456,0.7083333333333334,0.7140151515151515,0.6819444444444445,0.7670454545454546,0.7236111111111111,0.7821969696969697,0.7276349067687988,0.761300802230835,0.7369558811187744,0.7569868564605713
Upward_Bow_Pose (80),Upward_Bow,5,0.6813752055168152,0.5870044231414795,0.662880539894104,0.5849571228027344,0.660993218421936,0.5860644578933716,0.6683112978935242,0.4885562062263489,0.639467716217041,0.47317034006118774,0.7124308943748474,0.641594409942627,0.6789534091949463,0.6136895418167114,0.7038119435310364,0.7971609830856323,0.7055555555555556,0.7729166666666667,0.6857859492301941,0.8164761066436768,0.6861111111111111,0.8333333333333334,0.6935635805130005,0.8258225917816162,0.6791666666666667,0.8291666666666667,0.5307397842407227,0.2548823058605194,0.5224856734275818,0.2613527178764343,0.3640492260456085,0.460451602935791,0.38955605030059814,0.4662899076938629,0.4152777777777778,0.75,0.4166666666666667,0.7479166666666667,0.4597222222222222,0.7395833333333334,0.4597222222222222,0.7625,0.44583333333333336,0.81875,0.44583333333333336,0.7979166666666667
Upward_Bow_Pose (82),Upward_Bow,5,0.7833333333333333,0.5555555555555556,0.7638888888888888,0.5730994152046783,0.7666666666666667,0.5867446393762183,0.7078578472137451,0.4488546848297119,0.6689785122871399,0.45185989141464233,0.8052992820739746,0.6001879572868347,0.7944444444444444,0.5282651072124757,0.8286023139953613,0.7792859673500061,0.8138888888888889,0.7192982456140351,0.8137610554695129,0.8116070628166199,0.7430555555555556,0.7524366471734892,0.8338954448699951,0.8148590326309204,0.7958333333333333,0.7563352826510721,0.48770374059677124,0.19521792232990265,0.4877874553203583,0.21467632055282593,0.2130548059940338,0.40249818563461304,0.2636747360229492,0.38633856177330017,0.21455350518226624,0.7553747892379761,0.23744753003120422,0.6965035200119019,0.2311495840549469,0.7957479953765869,0.24942079186439514,0.7524222731590271,0.1466587781906128,0.8083686828613281,0.1564294695854187,0.7298980355262756
Upward_Bow_Pose (94),Upward_Bow,5,0.8492250442504883,0.5820997357368469,0.8413850665092468,0.6080793142318726,0.8398439884185791,0.6093045473098755,0.7894580364227295,0.5494239330291748,0.7543677687644958,0.5422242879867554,0.8594032526016235,0.7078136205673218,0.800317108631134,0.6935637593269348,0.8555759191513062,0.9094828367233276,0.8361111111111111,0.8831168831168831,0.7861111111111111,0.9517625231910947,0.7611111111111111,0.8979591836734694,0.8484815359115601,0.9352595806121826,0.7933701276779175,0.9043399095535278,0.4955233335494995,0.353827565908432,0.4880273938179016,0.3443039059638977,0.24313822388648987,0.5316675901412964,0.25872719287872314,0.5279500484466553,0.2262449860572815,0.8829317092895508,0.23023825883865356,0.8684897422790527,0.23674821853637695,0.9186621904373169,0.24065294861793518,0.9026298522949219,0.1388888888888889,0.9424860853432282,0.1375,0.8923933209647495
Upward_Bow_Pose (98),Upward_Bow,5,0.8344731330871582,0.48309487104415894,0.8260077834129333,0.498876690864563,0.823940634727478,0.4977795481681824,0.7305126190185547,0.440670371055603,0.726574182510376,0.4152514338493347,0.7859905362129211,0.6444954872131348,0.7646780014038086,0.5686145424842834,0.8476052249637155,0.85,0.7329462989840348,0.675,0.7213352685050798,0.8638888888888889,0.6879535558780842,0.7388888888888889,0.8011611030478955,0.8541666666666666,0.6894049346879536,0.7388888888888889,0.4528301886792453,0.16111111111111112,0.46153846153846156,0.10416666666666667,0.11175616835994194,0.4986111111111111,0.21190130624092887,0.38055555555555554,0.25544267053701014,0.7916666666666666,0.33381712626995647,0.6333333333333333,0.3309143686502177,0.8875,0.35123367198838895,0.6875,0.17271407837445574,0.9375,0.28011611030478956,0.6527777777777778
Upward_Bow_Pose (99),Upward_Bow,5,0.631565272808075,0.6009721159934998,0.6177735924720764,0.609498143196106,0.6166973114013672,0.6104025840759277,0.6041971445083618,0.5323832631111145,0.5971317291259766,0.5343360304832458,0.6472222222222223,0.6075156576200418,0.6333337426185608,0.5972281098365784,0.6791666666666667,0.7181628392484343,0.6763888888888889,0.6993736951983298,0.675,0.7202505219206681,0.6652777777777777,0.7265135699373695,0.6625,0.7411273486430062,0.6569444444444444,0.7244258872651357,0.46778374910354614,0.4198373556137085,0.46642571687698364,0.4261701703071594,0.35845696926116943,0.536246657371521,0.37640365958213806,0.517151951789856,0.3819444444444444,0.6951983298538622,0.3875,0.697286012526096,0.3875,0.7160751565762005,0.39166666666666666,0.7453027139874739,0.35833333333333334,0.732776617954071,0.3527777777777778,0.7411273486430062
Bound_Angle_Pose (1),Bound_Angle,0,0.502464234828949,0.3334539532661438,0.5142497420310974,0.29287585616111755,0.5209652781486511,0.2901804447174072,0.5272631645202637,0.2868157923221588,0.4893864095211029,0.29649388790130615,0.48290741443634033,0.29544880986213684,0.47707733511924744,0.2931075096130371,0.5434571504592896,0.2773894667625427,0.46949297189712524,0.2855704724788666,0.5164570808410645,0.3614667057991028,0.49119794368743896,0.3686818778514862,0.6074613332748413,0.4256966710090637,0.41611248254776,0.43798211216926575,0.6180440187454224,0.6876978874206543,0.4207499623298645,0.7010039687156677,0.5730738043785095,0.8830724954605103,0.47061675786972046,0.8909863233566284,0.5595046281814575,0.9449445009231567,0.4750719368457794,0.9449222087860107,0.543300449848175,0.9230039715766907,0.4902152121067047,0.9304531216621399,0.5456482768058777,0.898302435874939,0.4905558228492737,0.9115152359008789
Bound_Angle_Pose (100),Bound_Angle,0,0.4751284420490265,0.21316659450531006,0.4934825301170349,0.18641716241836548,0.5034816861152649,0.1869984269142151,0.512410044670105,0.18750548362731934,0.4612552523612976,0.1844782829284668,0.44960319995880127,0.18362373113632202,0.4401996433734894,0.18319642543792725,0.5300307869911194,0.20412224531173706,0.4310937225818634,0.1988808512687683,0.49341636896133423,0.24844682216644287,0.45413172245025635,0.24374467134475708,0.5997238159179688,0.4053120017051697,0.36057066917419434,0.3994731903076172,0.604371190071106,0.6535840034484863,0.34531575441360474,0.6366140842437744,0.5771523118019104,0.8572335839271545,0.37048497796058655,0.8447388410568237,0.5767371654510498,0.9074966311454773,0.3688153624534607,0.899882435798645,0.5482403635978699,0.9026573896408081,0.39467936754226685,0.9002084136009216,0.5445039868354797,0.8888453841209412,0.40178602933883667,0.8804569244384766
Bound_Angle_Pose (101),Bound_Angle,0,0.498079389333725,0.18942320346832275,0.5145478844642639,0.1635172963142395,0.5223454833030701,0.16390091180801392,0.5310913324356079,0.16433823108673096,0.501591145992279,0.16162711381912231,0.49985840916633606,0.16124224662780762,0.4983067512512207,0.160527765750885,0.5551217198371887,0.18378746509552002,0.5165721774101257,0.17457908391952515,0.5101944208145142,0.2262246012687683,0.49695101380348206,0.2235972285270691,0.5973822474479675,0.3856337070465088,0.4798659682273865,0.3646731674671173,0.5292438864707947,0.6356258392333984,0.4392523765563965,0.5969775319099426,0.4357823133468628,0.8233697414398193,0.3660503923892975,0.7645773887634277,0.41370922327041626,0.8630678057670593,0.3470326364040375,0.8093324303627014,0.3929898142814636,0.8488488793373108,0.35020968317985535,0.8131747841835022,0.4010598361492157,0.8356813192367554,0.35653823614120483,0.8025305867195129
Bound_Angle_Pose (103),Bound_Angle,0,0.5018482208251953,0.12529203295707703,0.5162690877914429,0.10224997997283936,0.5242139101028442,0.10208433866500854,0.5315747857093811,0.10229313373565674,0.48961472511291504,0.10189443826675415,0.4799683094024658,0.10166120529174805,0.4717559814453125,0.10154891014099121,0.5447207093238831,0.11415863037109375,0.46105048060417175,0.11272555589675903,0.5161384344100952,0.15333032608032227,0.4852789342403412,0.1534590721130371,0.6071689128875732,0.2828328311443329,0.396716833114624,0.2771882712841034,0.6222636103630066,0.4799785017967224,0.38451898097991943,0.4799671769142151,0.5700265169143677,0.5950112342834473,0.46341532468795776,0.5965656638145447,0.5660874247550964,0.6426683664321899,0.4758628010749817,0.6494032144546509,0.5465933680534363,0.6368672847747803,0.4934670627117157,0.6397454142570496,0.5441412329673767,0.6240592002868652,0.49232083559036255,0.6201993227005005
Bound_Angle_Pose (104),Bound_Angle,0,0.49947258830070496,0.28013482689857483,0.5103829503059387,0.25565558671951294,0.5163455009460449,0.2560349404811859,0.5223584771156311,0.2564906179904938,0.48742327094078064,0.25463342666625977,0.4797344505786896,0.25457292795181274,0.4734736979007721,0.25443580746650696,0.5315490961074829,0.26590779423713684,0.466319739818573,0.26407620310783386,0.5116258263587952,0.3035908639431,0.4840294122695923,0.3029106855392456,0.5755437016487122,0.39017799496650696,0.4199286699295044,0.38939863443374634,0.5882428288459778,0.5652341842651367,0.41334420442581177,0.5622912049293518,0.6147565245628357,0.7109460830688477,0.3994627594947815,0.7055240869522095,0.6247872114181519,0.7407106757164001,0.3864944577217102,0.7403448820114136,0.6185117959976196,0.7434657216072083,0.3889007866382599,0.7427750825881958,0.6090192198753357,0.7360879778862,0.3980972170829773,0.7320036292076111
Bound_Angle_Pose (106),Bound_Angle,0,0.5010873079299927,0.3075670301914215,0.5218560695648193,0.2764745354652405,0.532577395439148,0.2738705277442932,0.5429045557975769,0.270887553691864,0.48083844780921936,0.27860480546951294,0.4677124321460724,0.27788740396499634,0.4585060179233551,0.2766859531402588,0.562534511089325,0.26581209897994995,0.4405655264854431,0.2747279405593872,0.5236244797706604,0.33412882685661316,0.4782964587211609,0.3368593752384186,0.6427570581436157,0.4236000180244446,0.37150049209594727,0.4224484860897064,0.6420607566833496,0.6394711136817932,0.3799701929092407,0.6321733593940735,0.5751241445541382,0.8094809055328369,0.40045949816703796,0.7829754948616028,0.5482730865478516,0.8586246371269226,0.41141557693481445,0.847754180431366,0.5302395224571228,0.8494217991828918,0.4333970546722412,0.8327088952064514,0.5349860191345215,0.833841860294342,0.4339950680732727,0.8161619901657104
Bound_Angle_Pose (107),Bound_Angle,0,0.49029889702796936,0.20615920424461365,0.5060554146766663,0.19679966568946838,0.514862060546875,0.19761747121810913,0.5223928689956665,0.19820863008499146,0.47629421949386597,0.19509902596473694,0.4667735695838928,0.19530171155929565,0.46025723218917847,0.19554343819618225,0.5384011268615723,0.20896965265274048,0.45052066445350647,0.20904681086540222,0.5096623301506042,0.2271384596824646,0.47126469016075134,0.22751712799072266,0.6085361242294312,0.32681912183761597,0.3762807846069336,0.3197004795074463,0.6466330885887146,0.45491263270378113,0.3317069411277771,0.4475318193435669,0.7444323301315308,0.5076265335083008,0.22076641023159027,0.5040581822395325,0.7825414538383484,0.5258183479309082,0.17686638236045837,0.5233889818191528,0.7855709791183472,0.5216619372367859,0.1770750880241394,0.5170366764068604,0.7690310478210449,0.5140045285224915,0.19244983792304993,0.5125917792320251
Bound_Angle_Pose (108),Bound_Angle,0,0.6395748257637024,0.19083887338638306,0.6509767174720764,0.16027867794036865,0.6584604978561401,0.16072475910186768,0.6651476621627808,0.16102612018585205,0.6255842447280884,0.15910041332244873,0.6160019040107727,0.15914636850357056,0.6081711053848267,0.15938615798950195,0.6748545169830322,0.1755303144454956,0.5979633927345276,0.17499995231628418,0.6525371074676514,0.22160261869430542,0.6231312155723572,0.22134792804718018,0.7273126244544983,0.36509788036346436,0.5488690733909607,0.3652837574481964,0.7368994951248169,0.6005361080169678,0.5647708177566528,0.6097980737686157,0.7420932054519653,0.821695864200592,0.5735621452331543,0.8298051357269287,0.7350373268127441,0.8723892569541931,0.5780889391899109,0.8772713541984558,0.7190355658531189,0.871802031993866,0.595425009727478,0.8735524415969849,0.715039849281311,0.8555567860603333,0.5968870520591736,0.8572779893875122
Bound_Angle_Pose (109),Bound_Angle,0,0.5207265019416809,0.29578569531440735,0.5433486104011536,0.2753393054008484,0.557442307472229,0.27514493465423584,0.5745082497596741,0.27505573630332947,0.5167089104652405,0.27402979135513306,0.5099862217903137,0.27316197752952576,0.5035560131072998,0.2721879184246063,0.6101523041725159,0.2821548581123352,0.5228410959243774,0.2779468894004822,0.5443008542060852,0.3192579746246338,0.5150514841079712,0.31659236550331116,0.70087069272995,0.4230191111564636,0.48469242453575134,0.38014212250709534,0.7440339922904968,0.5902021527290344,0.4711030125617981,0.5127453207969666,0.5651131272315979,0.653873085975647,0.4394614100456238,0.6070051193237305,0.5157459378242493,0.6748085618019104,0.42519867420196533,0.6401583552360535,0.4960085451602936,0.6580924987792969,0.43417659401893616,0.639432966709137,0.5051365494728088,0.6499617695808411,0.44112494587898254,0.6291528940200806
Bound_Angle_Pose (11),Bound_Angle,0,0.49483510851860046,0.31361761689186096,0.5134416222572327,0.27737411856651306,0.5220727920532227,0.27563562989234924,0.5310371518135071,0.2730327248573303,0.4818454086780548,0.27590516209602356,0.4695640802383423,0.27260681986808777,0.4598597586154938,0.26858821511268616,0.5485347509384155,0.2605031132698059,0.4420696198940277,0.2564520835876465,0.506690502166748,0.340250700712204,0.4734833836555481,0.33835941553115845,0.6079902052879333,0.370991051197052,0.3669663965702057,0.36068275570869446,0.7022015452384949,0.5972644090652466,0.26258164644241333,0.5859152674674988,0.6009998917579651,0.7784928679466248,0.3643897771835327,0.7622109055519104,0.5792746543884277,0.8333866000175476,0.37326687574386597,0.8321744203567505,0.5583817958831787,0.8101566433906555,0.4031069874763489,0.8048586845397949,0.5611704587936401,0.7876083254814148,0.4044433534145355,0.781830906867981
Bound_Angle_Pose (110),Bound_Angle,0,0.4798088073730469,0.40341413021087646,0.4876977503299713,0.3866136372089386,0.49252358078956604,0.38651716709136963,0.4972040355205536,0.3866918087005615,0.47155770659446716,0.3865661025047302,0.4657987952232361,0.3866840600967407,0.46116599440574646,0.38690194487571716,0.5056532025337219,0.39088407158851624,0.4543868899345398,0.3944968283176422,0.48873209953308105,0.4231102764606476,0.4702830910682678,0.42238426208496094,0.5419246554374695,0.4910425543785095,0.42230597138404846,0.5112394690513611,0.5422369837760925,0.6369904279708862,0.4370970129966736,0.6607284545898438,0.5262834429740906,0.7753465175628662,0.4630904197692871,0.7759914994239807,0.5280527472496033,0.8171253204345703,0.4653049409389496,0.8245676755905151,0.5136384963989258,0.8171048164367676,0.4763994812965393,0.8206332325935364,0.5113145112991333,0.8059996962547302,0.4801708459854126,0.8075350522994995
Bound_Angle_Pose (112),Bound_Angle,0,0.5182865858078003,0.18865609169006348,0.5311772227287292,0.16148465871810913,0.5401477217674255,0.16292619705200195,0.548392653465271,0.16388845443725586,0.49740660190582275,0.16075104475021362,0.48389530181884766,0.1625990867614746,0.4720669686794281,0.16502386331558228,0.5570008754730225,0.18179106712341309,0.453213632106781,0.1887115240097046,0.5360282063484192,0.22814148664474487,0.4910793602466583,0.2297549843788147,0.6431973576545715,0.3990078568458557,0.36772093176841736,0.4122914671897888,0.6392918825149536,0.6297501921653748,0.39246848225593567,0.6653504371643066,0.6038027405738831,0.8298369646072388,0.4597388803958893,0.851945698261261,0.5926892757415771,0.8847382068634033,0.48512551188468933,0.9011720418930054,0.5700386166572571,0.87264084815979,0.510362446308136,0.8839027881622314,0.5699778199195862,0.8539215326309204,0.5096105337142944,0.8658308386802673
Bound_Angle_Pose (113),Bound_Angle,0,0.5696195960044861,0.8271547555923462,0.5750868916511536,0.8259702324867249,0.581632137298584,0.8256937861442566,0.5830875635147095,0.8239162564277649,0.5731866955757141,0.8277430534362793,0.5726602077484131,0.8255252838134766,0.5723406076431274,0.8243861198425293,0.5844274163246155,0.7843821048736572,0.5676692128181458,0.7858580350875854,0.5592414140701294,0.8017765879631042,0.5579246282577515,0.8030058741569519,0.587874174118042,0.673713743686676,0.49844253063201904,0.6854552626609802,0.5372234582901001,0.7581874132156372,0.4061388373374939,0.8239232301712036,0.5887284874916077,0.806820273399353,0.5125389099121094,0.8545990586280823,0.6099480390548706,0.8158825635910034,0.5321590900421143,0.8749276399612427,0.6051050424575806,0.8184652924537659,0.544386625289917,0.8544366955757141,0.5960673093795776,0.8115893006324768,0.5395970344543457,0.8439342975616455
Bound_Angle_Pose (117),Bound_Angle,0,0.4962271749973297,0.25804153084754944,0.5092926621437073,0.2371097207069397,0.5168176889419556,0.23802465200424194,0.5232347846031189,0.23899471759796143,0.4862489402294159,0.23526045680046082,0.48019105195999146,0.23506873846054077,0.4762181341648102,0.235179603099823,0.5372650027275085,0.2527924180030823,0.47447431087493896,0.2519470155239105,0.5110253095626831,0.28749555349349976,0.48602384328842163,0.28778570890426636,0.5883060693740845,0.42847535014152527,0.4238387942314148,0.42915764451026917,0.5769666433334351,0.6055858135223389,0.41910356283187866,0.6092971563339233,0.5323230028152466,0.7675545811653137,0.43058115243911743,0.7677726745605469,0.5164278745651245,0.8005534410476685,0.4384247064590454,0.8030011057853699,0.5015024542808533,0.7857521772384644,0.44938579201698303,0.7898890972137451,0.5033724904060364,0.7711248993873596,0.448727548122406,0.7776278257369995
Bound_Angle_Pose (119),Bound_Angle,0,0.511354386806488,0.3101919889450073,0.5290942788124084,0.28786027431488037,0.5355386734008789,0.28667014837265015,0.5419710874557495,0.28554242849349976,0.5104495882987976,0.286876380443573,0.5062826871871948,0.28544145822525024,0.5022140741348267,0.28401193022727966,0.564162015914917,0.2713947892189026,0.5017572641372681,0.26871657371520996,0.5207881927490234,0.31786930561065674,0.5068151950836182,0.3177506923675537,0.6077953577041626,0.30896246433258057,0.4751724898815155,0.3132244646549225,0.6122032999992371,0.527870237827301,0.48209425806999207,0.5348139405250549,0.5345578193664551,0.7183300256729126,0.49727126955986023,0.7141695618629456,0.5371975898742676,0.736749529838562,0.46749693155288696,0.7453774809837341,0.4965630769729614,0.7425025701522827,0.49403586983680725,0.7413830757141113,0.5040223002433777,0.7329639792442322,0.5003640055656433,0.7354069948196411
Bound_Angle_Pose (120),Bound_Angle,0,0.5453444719314575,0.2708202004432678,0.5523859262466431,0.23927220702171326,0.5601158142089844,0.23619583249092102,0.568223774433136,0.23256346583366394,0.5368760228157043,0.24177953600883484,0.5322574973106384,0.2408948540687561,0.5278759598731995,0.23943543434143066,0.5916080474853516,0.22403186559677124,0.5370950102806091,0.23380163311958313,0.5620909929275513,0.2935870587825775,0.5450662970542908,0.29579219222068787,0.6809511184692383,0.36282116174697876,0.5169813632965088,0.3739449381828308,0.6782819628715515,0.6208376884460449,0.475843608379364,0.5768616795539856,0.5691370964050293,0.777941882610321,0.486656129360199,0.7534628510475159,0.5405522584915161,0.818530261516571,0.4926851689815521,0.8094959259033203,0.5267014503479004,0.7911834716796875,0.5037131905555725,0.7950003147125244,0.5327880382537842,0.7738043665885925,0.508316695690155,0.7743538618087769
Bound_Angle_Pose (121),Bound_Angle,0,0.509194552898407,0.23919057846069336,0.5373553037643433,0.21440762281417847,0.5515685081481934,0.21546947956085205,0.5636391639709473,0.21599018573760986,0.4893237054347992,0.2102373242378235,0.47532355785369873,0.20899903774261475,0.4660445749759674,0.20804959535598755,0.5850538611412048,0.2317204475402832,0.45227569341659546,0.2220371961593628,0.536979615688324,0.275440514087677,0.48025184869766235,0.26831573247909546,0.6680240631103516,0.4276498854160309,0.3453758955001831,0.4205961227416992,0.6452525854110718,0.6635414958000183,0.37903010845184326,0.6472569108009338,0.5811619162559509,0.8629392385482788,0.42322880029678345,0.8471155166625977,0.5557680130004883,0.9204208850860596,0.43103867769241333,0.9144262075424194,0.5310437083244324,0.9027780294418335,0.45931145548820496,0.9017024040222168,0.5364189743995667,0.8841522932052612,0.46087512373924255,0.8838019371032715
Bound_Angle_Pose (122),Bound_Angle,0,0.48622792959213257,0.32666975259780884,0.5023561716079712,0.30851998925209045,0.5136575698852539,0.30727773904800415,0.5276121497154236,0.30555421113967896,0.48186206817626953,0.3093706965446472,0.47709283232688904,0.30942174792289734,0.4726770222187042,0.30913224816322327,0.572661817073822,0.3090980350971222,0.5000495910644531,0.3153621554374695,0.5121756792068481,0.3451046347618103,0.48956406116485596,0.3460615575313568,0.6971147656440735,0.42721816897392273,0.479774534702301,0.43358415365219116,0.655957043170929,0.5945076942443848,0.42553257942199707,0.5747525095939636,0.47629082202911377,0.709867000579834,0.3850317597389221,0.6921893954277039,0.44064459204673767,0.739739179611206,0.36647021770477295,0.7230279445648193,0.4131956696510315,0.727466881275177,0.37514957785606384,0.7171745896339417,0.42302465438842773,0.7153454422950745,0.3855206072330475,0.709106981754303
Bound_Angle_Pose (124),Bound_Angle,0,0.5000622272491455,0.26671043038368225,0.4977993071079254,0.24569183588027954,0.5011605024337769,0.24554914236068726,0.5039724111557007,0.24532324075698853,0.48406025767326355,0.2471129298210144,0.47485682368278503,0.24765440821647644,0.46385788917541504,0.2479054033756256,0.48770150542259216,0.2549344599246979,0.4304874539375305,0.25693273544311523,0.5038759708404541,0.29258522391319275,0.4855346083641052,0.29201173782348633,0.5446082353591919,0.3990817666053772,0.35425880551338196,0.4120021462440491,0.5784072875976562,0.5667626857757568,0.43941646814346313,0.5968596935272217,0.6310234665870667,0.6941195726394653,0.5601619482040405,0.7457327246665955,0.6487196683883667,0.7308399081230164,0.5865035653114319,0.7810328006744385,0.6441622972488403,0.7232824563980103,0.6030787825584412,0.756860613822937,0.6345585584640503,0.7113296389579773,0.596709668636322,0.7459493279457092
Bound_Angle_Pose (125),Bound_Angle,0,0.4921790361404419,0.31588849425315857,0.5078229904174805,0.29582273960113525,0.5211374759674072,0.29401880502700806,0.5347208380699158,0.29212480783462524,0.4873937964439392,0.29817429184913635,0.48352742195129395,0.29866525530815125,0.47895777225494385,0.2990758717060089,0.5718576908111572,0.29423558712005615,0.5014429688453674,0.30347511172294617,0.5211915373802185,0.33356475830078125,0.49675875902175903,0.33585578203201294,0.7025080323219299,0.40895578265190125,0.47878405451774597,0.4154714047908783,0.6627815961837769,0.5699076652526855,0.4268757402896881,0.5485047698020935,0.47708186507225037,0.6846075654029846,0.3901897966861725,0.6689593195915222,0.4432971477508545,0.7089473605155945,0.37082552909851074,0.6959390640258789,0.4167782664299011,0.6975326538085938,0.38101136684417725,0.6932722330093384,0.42847204208374023,0.6873956918716431,0.3904460668563843,0.6847324371337891
Bound_Angle_Pose (126),Bound_Angle,0,0.4893251955509186,0.31549519300460815,0.5075444579124451,0.2899646759033203,0.5185785889625549,0.2892313599586487,0.5262578725814819,0.28875768184661865,0.473653644323349,0.2925805449485779,0.46378734707832336,0.2930856943130493,0.45761141180992126,0.29343658685684204,0.5421753525733948,0.29648369550704956,0.44795748591423035,0.303931325674057,0.5122355818748474,0.3407071530818939,0.4711761176586151,0.34070906043052673,0.6306370496749878,0.46844321489334106,0.3762357831001282,0.46389928460121155,0.650218665599823,0.6667459607124329,0.34998005628585815,0.6567574143409729,0.607032835483551,0.8224983811378479,0.37485361099243164,0.817539632320404,0.6061131358146667,0.8726832866668701,0.37228256464004517,0.8680536150932312,0.5705527663230896,0.8681963682174683,0.4001625180244446,0.8644894361495972,0.5651673674583435,0.8549754023551941,0.40832072496414185,0.8479892611503601
Bound_Angle_Pose (13),Bound_Angle,0,0.5033518075942993,0.22343555092811584,0.5040407180786133,0.20363810658454895,0.5041276216506958,0.20453190803527832,0.504555344581604,0.20575997233390808,0.5048415064811707,0.2038334608078003,0.5053755044937134,0.20488029718399048,0.506325900554657,0.2062964141368866,0.5039826035499573,0.21872544288635254,0.5106852054595947,0.21994176506996155,0.5078479051589966,0.2449825406074524,0.5048915147781372,0.2449249029159546,0.5325683951377869,0.3590618073940277,0.4202357530593872,0.3605777621269226,0.5577979683876038,0.5341615080833435,0.4712134003639221,0.5530665516853333,0.5039349794387817,0.6929999589920044,0.4863249361515045,0.702842652797699,0.49969804286956787,0.7428183555603027,0.48712292313575745,0.748144268989563,0.4801097512245178,0.7361769676208496,0.49650412797927856,0.7413851618766785,0.481861412525177,0.7206814289093018,0.465634822845459,0.7236418724060059
Bound_Angle_Pose (130),Bound_Angle,0,0.5133852958679199,0.26772794127464294,0.5243195295333862,0.2397007942199707,0.5304707288742065,0.23962008953094482,0.5359044075012207,0.23952406644821167,0.5032818913459778,0.2389734983444214,0.4955579936504364,0.2381625771522522,0.48907527327537537,0.2369111180305481,0.5457720160484314,0.24674862623214722,0.48119431734085083,0.2419925332069397,0.5240064859390259,0.2946747839450836,0.5008203983306885,0.2947339117527008,0.5985164642333984,0.4173721969127655,0.4294145703315735,0.4122728705406189,0.5758275985717773,0.6127340197563171,0.43896621465682983,0.6187918186187744,0.5455647706985474,0.7790116667747498,0.45852524042129517,0.7736610174179077,0.5345614552497864,0.8176811337471008,0.46535634994506836,0.8219321966171265,0.5226803421974182,0.8073549866676331,0.47917041182518005,0.8075028657913208,0.5238334536552429,0.7952584624290466,0.47984960675239563,0.7928411960601807
Bound_Angle_Pose (132),Bound_Angle,0,0.5033077597618103,0.5903614163398743,0.4970143437385559,0.5866178274154663,0.49226054549217224,0.586852490901947,0.4873576760292053,0.5871395468711853,0.5097562670707703,0.5877065658569336,0.5142972469329834,0.588549017906189,0.5193758606910706,0.5892618894577026,0.4767472743988037,0.594012975692749,0.5287100076675415,0.5976580381393433,0.49695098400115967,0.5999263525009155,0.511040449142456,0.599280834197998,0.43882787227630615,0.6207796931266785,0.5521530508995056,0.6206128001213074,0.4493084251880646,0.5610637664794922,0.5451434850692749,0.5638660788536072,0.4751148521900177,0.5013744831085205,0.5103821754455566,0.501396894454956,0.47346213459968567,0.4869687855243683,0.5067450404167175,0.4881129562854767,0.4813885986804962,0.48716914653778076,0.5002610087394714,0.4883487820625305,0.48243391513824463,0.49096423387527466,0.49990156292915344,0.4919237792491913
Bound_Angle_Pose (136),Bound_Angle,0,0.5123661756515503,0.3909134864807129,0.5331027507781982,0.3778848946094513,0.545478105545044,0.37939637899398804,0.5556437373161316,0.38105133175849915,0.4987510144710541,0.373786985874176,0.48922041058540344,0.3730938732624054,0.4798869788646698,0.3726748824119568,0.5684844851493835,0.3938360810279846,0.46571436524391174,0.38524162769317627,0.535469114780426,0.4165191650390625,0.4919664263725281,0.4108545780181885,0.6373254060745239,0.5161294937133789,0.4040989577770233,0.5085684061050415,0.6410366296768188,0.6597380042076111,0.4069148004055023,0.6626811027526855,0.6227026581764221,0.7714023590087891,0.45475077629089355,0.7842572927474976,0.6349567770957947,0.8195139169692993,0.4770551025867462,0.8212107419967651,0.5921961665153503,0.8010697960853577,0.5126665234565735,0.8066889047622681,0.5929540991783142,0.7880913019180298,0.5094006061553955,0.7948925495147705
Bound_Angle_Pose (137),Bound_Angle,0,0.4447965621948242,0.32989269495010376,0.45689061284065247,0.3103874921798706,0.4678373336791992,0.3089943826198578,0.4793556034564972,0.3073616325855255,0.4398214817047119,0.31165385246276855,0.4368484616279602,0.3117251992225647,0.4332789182662964,0.3115718364715576,0.5151667594909668,0.3094792366027832,0.45455658435821533,0.3168913424015045,0.46853208541870117,0.3476133346557617,0.4495335817337036,0.34930476546287537,0.6300858855247498,0.43036603927612305,0.4331124424934387,0.4350823163986206,0.592270016670227,0.5984005331993103,0.378018319606781,0.5809929370880127,0.4378342628479004,0.7161940336227417,0.34789618849754333,0.6992734670639038,0.40390637516975403,0.7425347566604614,0.33303672075271606,0.7327156066894531,0.3808630704879761,0.7321026921272278,0.34441936016082764,0.7284578084945679,0.3882126808166504,0.7229641079902649,0.3515695631504059,0.7185580730438232
Bound_Angle_Pose (138),Bound_Angle,0,0.5024807453155518,0.3546823561191559,0.5181676745414734,0.31643086671829224,0.5274479389190674,0.31615835428237915,0.5368306636810303,0.3160555958747864,0.48378169536590576,0.3150453567504883,0.47148483991622925,0.3141782879829407,0.46203935146331787,0.3136376738548279,0.5543740391731262,0.3265917897224426,0.44365841150283813,0.3231281042098999,0.5189104080200195,0.38876867294311523,0.4784272015094757,0.38836705684661865,0.6089534163475037,0.492726594209671,0.361392080783844,0.47366687655448914,0.713996171951294,0.7203531265258789,0.22734667360782623,0.6743994951248169,0.5469973683357239,0.7997903227806091,0.3873524069786072,0.7844412922859192,0.5134102702140808,0.8423060178756714,0.4111194312572479,0.8283262848854065,0.4893552362918854,0.8039430379867554,0.4303901493549347,0.8006895184516907,0.49683764576911926,0.7890240550041199,0.4250471889972687,0.7851173877716064
Bound_Angle_Pose (139),Bound_Angle,0,0.5013511180877686,0.2240757942199707,0.5202352404594421,0.19961762428283691,0.5307720899581909,0.19928744435310364,0.5403581261634827,0.19940108060836792,0.48210012912750244,0.20100629329681396,0.46902209520339966,0.20166364312171936,0.45934951305389404,0.2022508680820465,0.5539917945861816,0.2080708146095276,0.4453273415565491,0.2140757441520691,0.520902156829834,0.254838228225708,0.4812568724155426,0.2557930648326874,0.6238664984703064,0.3761729896068573,0.3835379481315613,0.3844834864139557,0.6154106855392456,0.5830180644989014,0.39811402559280396,0.5897743701934814,0.5863116979598999,0.7658815979957581,0.41970908641815186,0.7623242139816284,0.5862133502960205,0.823165237903595,0.4184102416038513,0.8185791969299316,0.5623185038566589,0.8213042616844177,0.4392913579940796,0.8188715577125549,0.5544224977493286,0.7985468506813049,0.44350606203079224,0.7959562540054321
Bound_Angle_Pose (140),Bound_Angle,0,0.4294736683368683,0.2854112684726715,0.4538421034812927,0.26065415143966675,0.46673476696014404,0.2627313733100891,0.48223745822906494,0.26457473635673523,0.42560896277427673,0.2499796748161316,0.41853606700897217,0.24619829654693604,0.4127289354801178,0.24288144707679749,0.5363267660140991,0.2669561505317688,0.4456869661808014,0.24627044796943665,0.45659253001213074,0.3098769187927246,0.4256983995437622,0.30377036333084106,0.6815104484558105,0.4250246584415436,0.37839940190315247,0.38310378789901733,0.5606027841567993,0.6464348435401917,0.3575780987739563,0.5870997309684753,0.4203864336013794,0.8140949606895447,0.28455373644828796,0.7660483121871948,0.3785640001296997,0.8618813753128052,0.2717524766921997,0.8195757865905762,0.34747833013534546,0.8463695645332336,0.28862276673316956,0.8174857497215271,0.35562705993652344,0.8289463520050049,0.2972390353679657,0.7969582080841064
Bound_Angle_Pose (141),Bound_Angle,0,0.49107834696769714,0.27100902795791626,0.508542001247406,0.2369433045387268,0.5178683400154114,0.23647379875183105,0.5260806083679199,0.23615503311157227,0.4753354787826538,0.23933786153793335,0.46550723910331726,0.24080616235733032,0.4582093358039856,0.242375910282135,0.5438910722732544,0.24669873714447021,0.44954821467399597,0.25464707612991333,0.5092020630836487,0.30845898389816284,0.47277921438217163,0.31143268942832947,0.6082315444946289,0.42844536900520325,0.3899722993373871,0.41532236337661743,0.6996935606002808,0.688085675239563,0.2938767671585083,0.6730586290359497,0.5595768094062805,0.7998064756393433,0.42138147354125977,0.7988973259925842,0.5217396020889282,0.8344405889511108,0.4501856863498688,0.8271510601043701,0.5091329216957092,0.7859543561935425,0.46301430463790894,0.787236213684082,0.5140225291252136,0.7649813890457153,0.4558652639389038,0.7733595371246338
Bound_Angle_Pose (143),Bound_Angle,0,0.4897860884666443,0.20549935102462769,0.5092223286628723,0.17462950944900513,0.5212379693984985,0.17336678504943848,0.5296363830566406,0.1725134253501892,0.4715367257595062,0.18045729398727417,0.45993995666503906,0.182636559009552,0.4529936611652374,0.18419712781906128,0.5514153838157654,0.18746870756149292,0.4440478980541229,0.20217180252075195,0.5162801742553711,0.23808562755584717,0.47064924240112305,0.2381494641304016,0.6479795575141907,0.384989470243454,0.377267986536026,0.39780882000923157,0.6213250160217285,0.611844003200531,0.40399688482284546,0.6211812496185303,0.5691176056861877,0.7965875267982483,0.4144582152366638,0.8107936382293701,0.5517265200614929,0.8586274981498718,0.4188910126686096,0.8713064193725586,0.5264446139335632,0.8494481444358826,0.4452820420265198,0.8673269748687744,0.5277273058891296,0.8308090567588806,0.44602471590042114,0.8437590003013611
Bound_Angle_Pose (145),Bound_Angle,0,0.5217402577400208,0.22500962018966675,0.5444175601005554,0.20792177319526672,0.5542231798171997,0.20785215497016907,0.5636326670646667,0.20779550075531006,0.5041542053222656,0.20915955305099487,0.4915837049484253,0.2093483805656433,0.48391279578208923,0.20967969298362732,0.5785304307937622,0.21619638800621033,0.47227758169174194,0.21926623582839966,0.5451103448867798,0.24578770995140076,0.4987165033817291,0.2462511956691742,0.6627070903778076,0.3389616012573242,0.38593199849128723,0.3398485779762268,0.6817828416824341,0.48196133971214294,0.3690067529678345,0.4870481491088867,0.6352006793022156,0.611140251159668,0.41972076892852783,0.6190153956413269,0.6511347889900208,0.6477628350257874,0.4123777151107788,0.6507506370544434,0.6125409603118896,0.6469110250473022,0.4538905620574951,0.6495133638381958,0.5956926345825195,0.6368477940559387,0.45890921354293823,0.636939525604248
Bound_Angle_Pose (147),Bound_Angle,0,0.513680100440979,0.19607198238372803,0.5212235450744629,0.16708332300186157,0.5250200033187866,0.16666311025619507,0.52890545129776,0.16617023944854736,0.5065270066261292,0.1700872778892517,0.5020409226417542,0.17117524147033691,0.49815991520881653,0.1723152995109558,0.5349514484405518,0.17750370502471924,0.49466124176979065,0.18441611528396606,0.5224459767341614,0.22599142789840698,0.5057507157325745,0.22654104232788086,0.5668432712554932,0.38203665614128113,0.4598560929298401,0.3853670656681061,0.5656628012657166,0.6287570595741272,0.45684078335762024,0.6326735615730286,0.5450167655944824,0.8277261853218079,0.4886579215526581,0.8250879645347595,0.5357204675674438,0.8817788362503052,0.49688947200775146,0.8794291615486145,0.5280646085739136,0.8657954335212708,0.5052506923675537,0.8628389835357666,0.5286164283752441,0.846616804599762,0.5052933096885681,0.8447105884552002
Bound_Angle_Pose (149),Bound_Angle,0,0.48482146859169006,0.24186986684799194,0.5047311782836914,0.21320611238479614,0.5171279311180115,0.2126026749610901,0.5285459756851196,0.21196025609970093,0.45977783203125,0.2137497365474701,0.4429725706577301,0.21285277605056763,0.43065276741981506,0.21224066615104675,0.549901008605957,0.21671608090400696,0.4098331332206726,0.21726173162460327,0.505317211151123,0.2663026452064514,0.454193651676178,0.26921913027763367,0.6482464075088501,0.34790363907814026,0.32151341438293457,0.3594423830509186,0.6476809978485107,0.5561889410018921,0.34025585651397705,0.5667467713356018,0.6026356816291809,0.7338157892227173,0.3978769779205322,0.7419687509536743,0.6020929217338562,0.7842851877212524,0.3985036313533783,0.7983120679855347,0.5675987005233765,0.7783458232879639,0.43292272090911865,0.7903246879577637,0.5580251216888428,0.7629902958869934,0.4359143078327179,0.770255446434021
Bound_Angle_Pose (15),Bound_Angle,0,0.5013811588287354,0.43837758898735046,0.5150412321090698,0.4228023886680603,0.5249965786933899,0.4216638505458832,0.5340365171432495,0.420560747385025,0.4878677725791931,0.42400750517845154,0.48191264271736145,0.4239742159843445,0.47608861327171326,0.4237418472766876,0.5523982048034668,0.4203512966632843,0.47976410388946533,0.42469432950019836,0.5237773656845093,0.449770987033844,0.49306267499923706,0.45062634348869324,0.6340392827987671,0.5031017065048218,0.42418283224105835,0.4948078989982605,0.5912157297134399,0.6178957223892212,0.3924641013145447,0.6048144698143005,0.46846771240234375,0.716426432132721,0.3585497736930847,0.7154527306556702,0.4427858889102936,0.743574321269989,0.3538992404937744,0.7451410889625549,0.4240541160106659,0.7330315709114075,0.36837852001190186,0.7396807670593262,0.4283823072910309,0.7231296896934509,0.37446701526641846,0.7291897535324097
Bound_Angle_Pose (151),Bound_Angle,0,0.5277173519134521,0.6588966846466064,0.5430043935775757,0.6572984457015991,0.553428053855896,0.6571922302246094,0.5625041127204895,0.6566023826599121,0.5207762122154236,0.6560578346252441,0.5103739500045776,0.652350664138794,0.5044287443161011,0.6513108611106873,0.5687462091445923,0.635535478591919,0.48476865887641907,0.6201566457748413,0.5418605804443359,0.6531451344490051,0.5132028460502625,0.6515295505523682,0.6404466032981873,0.5910505056381226,0.40699461102485657,0.5837125182151794,0.6392898559570312,0.6990630030632019,0.38598185777664185,0.681937038898468,0.5766054391860962,0.7429555058479309,0.4570915997028351,0.7385841608047485,0.5502821803092957,0.7594822645187378,0.4678422510623932,0.7570061087608337,0.538385808467865,0.740678608417511,0.48820969462394714,0.7438238859176636,0.5395140647888184,0.7327772974967957,0.48708561062812805,0.7359533309936523
Bound_Angle_Pose (153),Bound_Angle,0,0.3572556674480438,0.21302810311317444,0.36603668332099915,0.2012908160686493,0.3710879385471344,0.20159998536109924,0.376135915517807,0.20207208395004272,0.34971681237220764,0.2007337510585785,0.3438084125518799,0.20089370012283325,0.339067667722702,0.20130956172943115,0.38477781414985657,0.2083749771118164,0.33405056595802307,0.20806068181991577,0.368021696805954,0.22724661231040955,0.3483884930610657,0.2271653413772583,0.42545652389526367,0.28708165884017944,0.2930048406124115,0.2873849868774414,0.4218292236328125,0.3851272165775299,0.29693934321403503,0.3819829225540161,0.3906412720680237,0.47061407566070557,0.31779950857162476,0.471769779920578,0.38305267691612244,0.4992867708206177,0.32639485597610474,0.4985501170158386,0.3721557855606079,0.49911022186279297,0.3326703906059265,0.4945058524608612,0.37299609184265137,0.48973581194877625,0.3388487696647644,0.49030792713165283
Bound_Angle_Pose (155),Bound_Angle,0,0.4480961561203003,0.17499804496765137,0.46577364206314087,0.1480236053466797,0.4758213758468628,0.14855223894119263,0.48438528180122375,0.14949077367782593,0.4336811304092407,0.14669406414031982,0.4222990572452545,0.14700883626937866,0.4125714600086212,0.14758247137069702,0.5053628087043762,0.16564375162124634,0.40372276306152344,0.16352248191833496,0.4669213593006134,0.2117210030555725,0.4274265766143799,0.21085232496261597,0.5770001411437988,0.34786227345466614,0.33437687158584595,0.34991851449012756,0.5691847801208496,0.5753474235534668,0.3502226173877716,0.5810368061065674,0.5158165097236633,0.7620126605033875,0.40259450674057007,0.7681739926338196,0.4989853501319885,0.8140308260917664,0.42187854647636414,0.8241942524909973,0.4777092933654785,0.7999563217163086,0.43702125549316406,0.8051164746284485,0.47999075055122375,0.7832629680633545,0.43094509840011597,0.7859382033348083
Bound_Angle_Pose (158),Bound_Angle,0,0.49241217970848083,0.22555160522460938,0.5098103284835815,0.20676392316818237,0.5194234848022461,0.20722228288650513,0.5285068154335022,0.20785313844680786,0.4762004315853119,0.20772266387939453,0.465252548456192,0.20899054408073425,0.456351101398468,0.21013838052749634,0.5425882339477539,0.21986964344978333,0.44853004813194275,0.22099828720092773,0.5130711793899536,0.25003501772880554,0.4724709987640381,0.24837899208068848,0.6158999800682068,0.35208478569984436,0.3835897445678711,0.35735568404197693,0.6302292346954346,0.508639931678772,0.37714335322380066,0.5081875920295715,0.6674972176551819,0.6358333230018616,0.34024760127067566,0.6259963512420654,0.6780469417572021,0.6631797552108765,0.322084903717041,0.6567432284355164,0.6739614009857178,0.6647865176200867,0.3286210894584656,0.6581169366836548,0.6633543372154236,0.6575126647949219,0.3352557420730591,0.6468496322631836
Bound_Angle_Pose (160),Bound_Angle,0,0.4409366548061371,0.28110170364379883,0.4626513719558716,0.26157963275909424,0.47476789355278015,0.26102957129478455,0.48481521010398865,0.26077279448509216,0.4249562621116638,0.26281869411468506,0.4125344753265381,0.2636757493019104,0.4024772047996521,0.2641030251979828,0.5055809020996094,0.2678355276584625,0.3956183195114136,0.27031445503234863,0.4671045243740082,0.3019278943538666,0.4213079512119293,0.3031894266605377,0.5951164364814758,0.39361661672592163,0.32916855812072754,0.3997333347797394,0.5936169028282166,0.5710598826408386,0.32435786724090576,0.5736741423606873,0.5166387557983398,0.7212259769439697,0.38804367184638977,0.7109050750732422,0.4968163073062897,0.7574314475059509,0.3996458053588867,0.752289354801178,0.46844735741615295,0.7471190094947815,0.41781654953956604,0.7425203323364258,0.4723983108997345,0.7333954572677612,0.4157958924770355,0.7265930771827698
Bound_Angle_Pose (163),Bound_Angle,0,0.524587869644165,0.4823598563671112,0.5420504808425903,0.4663357138633728,0.5523741245269775,0.46584028005599976,0.5611968636512756,0.4652905762195587,0.507188618183136,0.466286838054657,0.49608731269836426,0.4661117196083069,0.4880674481391907,0.46623319387435913,0.5786278247833252,0.47353553771972656,0.4797981381416321,0.4764404594898224,0.5454386472702026,0.5011318325996399,0.5066438317298889,0.5007346868515015,0.6536058783531189,0.5812167525291443,0.4035935401916504,0.5831525921821594,0.6534090042114258,0.7169246673583984,0.4047733545303345,0.7197045087814331,0.5977329611778259,0.8285503387451172,0.46805232763290405,0.8284598588943481,0.5754019618034363,0.8583233952522278,0.48600897192955017,0.8586363196372986,0.5569682717323303,0.8484393358230591,0.5005242228507996,0.8456223011016846,0.5623310804367065,0.8381209969520569,0.4976934790611267,0.8362096548080444
Bound_Angle_Pose (166),Bound_Angle,0,0.499761164188385,0.23157936334609985,0.5124669075012207,0.2076767086982727,0.5200149416923523,0.20933538675308228,0.5286920666694641,0.2113284468650818,0.48747095465660095,0.20521730184555054,0.47619155049324036,0.2051265835762024,0.4658500850200653,0.20507490634918213,0.5410759449005127,0.22949272394180298,0.44899454712867737,0.2217579483985901,0.5105719566345215,0.26633957028388977,0.47934430837631226,0.2622055411338806,0.5934017896652222,0.4052492678165436,0.38451439142227173,0.4104447662830353,0.6255332231521606,0.6225398778915405,0.4151955842971802,0.6514081358909607,0.650610089302063,0.8290915489196777,0.4848097264766693,0.8517639636993408,0.6476029753684998,0.8803467154502869,0.5119620561599731,0.8964890241622925,0.6189075708389282,0.8723383545875549,0.5338584780693054,0.8745574951171875,0.6091490983963013,0.8576030135154724,0.5314897894859314,0.8617529273033142
Bound_Angle_Pose (169),Bound_Angle,0,0.5006226301193237,0.32782143354415894,0.513922393321991,0.28856778144836426,0.5219428539276123,0.2853752374649048,0.528789222240448,0.2818986177444458,0.48784247040748596,0.2891150116920471,0.4800551235675812,0.28595811128616333,0.4733663499355316,0.28244876861572266,0.5383588075637817,0.2731192111968994,0.4630212187767029,0.27319180965423584,0.516319751739502,0.34761422872543335,0.4854358732700348,0.34912747144699097,0.6051517128944397,0.43106216192245483,0.4012439548969269,0.44656118750572205,0.6194888949394226,0.6878114938735962,0.4036385416984558,0.690385103225708,0.5581893920898438,0.8818128108978271,0.44036567211151123,0.8846359848976135,0.5541731715202332,0.9381508827209473,0.4462592601776123,0.9422430396080017,0.5271647572517395,0.9307385087013245,0.4622582793235779,0.9378959536552429,0.5279626846313477,0.9089450836181641,0.4629358649253845,0.9161338210105896
Bound_Angle_Pose (171),Bound_Angle,0,0.5081828236579895,0.2848687767982483,0.5250130295753479,0.25735098123550415,0.5362372994422913,0.255090594291687,0.5472472310066223,0.25226959586143494,0.4855369031429291,0.2589048445224762,0.4720143973827362,0.257612407207489,0.4626791775226593,0.2564344108104706,0.5638877153396606,0.25155094265937805,0.44358348846435547,0.26047712564468384,0.529571533203125,0.307251900434494,0.48554685711860657,0.3088972866535187,0.6392661333084106,0.393203467130661,0.3645968437194824,0.4061216115951538,0.6601085066795349,0.5933611989021301,0.3724260926246643,0.5902075171470642,0.5853394865989685,0.7481327056884766,0.4028685688972473,0.7541926503181458,0.5609740018844604,0.7974578142166138,0.4138031601905823,0.8108301162719727,0.5349237322807312,0.7851597666740417,0.43582266569137573,0.7933332324028015,0.5398942232131958,0.7710731029510498,0.4376593828201294,0.77713543176651
Bound_Angle_Pose (173),Bound_Angle,0,0.5045791268348694,0.359010249376297,0.5139001607894897,0.3367457389831543,0.5191082954406738,0.3371625542640686,0.5246240496635437,0.33773693442344666,0.4949163496494293,0.33641013503074646,0.4885813295841217,0.33688318729400635,0.4830734133720398,0.33741259574890137,0.5328842997550964,0.3482331931591034,0.47666993737220764,0.34823885560035706,0.515388548374176,0.387054979801178,0.49275878071784973,0.38549625873565674,0.5752778649330139,0.49671319127082825,0.42995157837867737,0.4948778450489044,0.5814635753631592,0.6586816906929016,0.42953208088874817,0.6618240475654602,0.5806061029434204,0.7906065583229065,0.4379258453845978,0.79753178358078,0.5859042406082153,0.8303951025009155,0.4333045482635498,0.8391974568367004,0.5723633766174316,0.8293188214302063,0.4429595172405243,0.8379029035568237,0.5667845606803894,0.8199563026428223,0.4490024447441101,0.8251166939735413
Bound_Angle_Pose (175),Bound_Angle,0,0.49487608671188354,0.2222663164138794,0.5099050402641296,0.20161819458007812,0.516814649105072,0.20209389925003052,0.5243876576423645,0.20277345180511475,0.4817054271697998,0.20165348052978516,0.47307488322257996,0.203252911567688,0.465813010931015,0.20451492071151733,0.5363478660583496,0.22503763437271118,0.4570080041885376,0.22795236110687256,0.5113478302955627,0.2614009380340576,0.4769940674304962,0.2606392502784729,0.5962698459625244,0.447871595621109,0.3996428847312927,0.4467291235923767,0.588516354560852,0.7034052014350891,0.40742743015289307,0.6924149394035339,0.5455675721168518,0.8903959393501282,0.43149247765541077,0.8968151211738586,0.5269951224327087,0.9370182156562805,0.44237059354782104,0.9416458606719971,0.5127219557762146,0.9213287234306335,0.45287030935287476,0.9287793040275574,0.5158970952033997,0.9045141339302063,0.45228472352027893,0.9126771092414856
Bound_Angle_Pose (176),Bound_Angle,0,0.5095412135124207,0.18796980381011963,0.532682478427887,0.16400456428527832,0.5445905327796936,0.1647995114326477,0.5550469160079956,0.1653904914855957,0.4895336925983429,0.16375577449798584,0.4755473732948303,0.1644495725631714,0.4668813645839691,0.16567999124526978,0.5737245678901672,0.1844457983970642,0.45214173197746277,0.18472737073898315,0.5340642333030701,0.22402656078338623,0.4826081097126007,0.2216511368751526,0.6660536527633667,0.39054811000823975,0.3705691397190094,0.3945463001728058,0.6677343845367432,0.608741044998169,0.3534473180770874,0.610397219657898,0.6074168682098389,0.7783564925193787,0.39620116353034973,0.7814984917640686,0.5905579328536987,0.8293210864067078,0.40459948778152466,0.8331230282783508,0.5609899759292603,0.8189506530761719,0.42863643169403076,0.8249754905700684,0.5542157292366028,0.805974543094635,0.4292817711830139,0.8052659630775452
Bound_Angle_Pose (177),Bound_Angle,0,0.5076646208763123,0.15417486429214478,0.5301125049591064,0.1268598437309265,0.5413756370544434,0.12740188837051392,0.5534175038337708,0.12825483083724976,0.48955586552619934,0.1257951259613037,0.4758155643939972,0.1260257363319397,0.4634319543838501,0.12615269422531128,0.5709684491157532,0.14123976230621338,0.4470275640487671,0.13867175579071045,0.5299112796783447,0.18826133012771606,0.48193737864494324,0.18817633390426636,0.6745321154594421,0.32308700680732727,0.3319854140281677,0.3148198425769806,0.6836611032485962,0.5283125042915344,0.33906590938568115,0.5297588109970093,0.6603356599807739,0.7030801773071289,0.37934479117393494,0.7095992565155029,0.6561445593833923,0.7453556060791016,0.37512773275375366,0.7450073957443237,0.6443732976913452,0.7443653345108032,0.3938314914703369,0.7435660362243652,0.6415368914604187,0.7337962985038757,0.396924763917923,0.7308028340339661
Bound_Angle_Pose (178),Bound_Angle,0,0.4928809702396393,0.16687577962875366,0.513918399810791,0.1400212049484253,0.524748682975769,0.1402265429496765,0.5341423749923706,0.14117056131362915,0.47667184472084045,0.1414569616317749,0.4642612636089325,0.14333844184875488,0.4543587565422058,0.1447523832321167,0.5493763089179993,0.15532571077346802,0.445554256439209,0.16071826219558716,0.5179860591888428,0.20090043544769287,0.47152894735336304,0.20067429542541504,0.6442070007324219,0.36227500438690186,0.363666832447052,0.3679324686527252,0.651451826095581,0.5905343294143677,0.3636781871318817,0.6073814034461975,0.6069576740264893,0.771732747554779,0.4051710367202759,0.7868584394454956,0.602462649345398,0.83030766248703,0.4075874984264374,0.8319599032402039,0.56892329454422,0.8239760398864746,0.4294511675834656,0.824894368648529,0.5660450458526611,0.8079275488853455,0.4322596490383148,0.8101415634155273
Bound_Angle_Pose (179),Bound_Angle,0,0.4949037730693817,0.20441216230392456,0.508370578289032,0.16953933238983154,0.5172938108444214,0.1701357364654541,0.5245676040649414,0.17071318626403809,0.4784078001976013,0.1703532338142395,0.4688117504119873,0.17207026481628418,0.46075454354286194,0.17396414279937744,0.5358123779296875,0.1836431622505188,0.44785696268081665,0.1905617117881775,0.5096196532249451,0.23916101455688477,0.47546494007110596,0.2383250594139099,0.598440945148468,0.390623539686203,0.3965457081794739,0.40285202860832214,0.5916227102279663,0.6253870725631714,0.4065910577774048,0.6405761241912842,0.5902319550514221,0.8449364900588989,0.408660888671875,0.8613770008087158,0.5797891616821289,0.8970416784286499,0.412746399641037,0.9175924062728882,0.5634512901306152,0.8916895389556885,0.429267019033432,0.9142066240310669,0.5576443672180176,0.8728577494621277,0.43152397871017456,0.8932476043701172
Bound_Angle_Pose (180),Bound_Angle,0,0.5073190331459045,0.2586350440979004,0.5224546194076538,0.23242533206939697,0.5310308337211609,0.23262012004852295,0.5392869114875793,0.23265725374221802,0.4907991588115692,0.2322412133216858,0.4796135723590851,0.23265087604522705,0.47081297636032104,0.2333177924156189,0.5516813397407532,0.24649572372436523,0.4597271978855133,0.2521318793296814,0.5231982469558716,0.29482728242874146,0.4884997606277466,0.2967372536659241,0.6272058486938477,0.46557918190956116,0.3878268301486969,0.46828699111938477,0.6182461977005005,0.6945206522941589,0.39873653650283813,0.7054160237312317,0.5844579339027405,0.8940937519073486,0.4185015559196472,0.902607798576355,0.568068265914917,0.9389410018920898,0.4369475245475769,0.9445126056671143,0.551365077495575,0.9273813962936401,0.45292574167251587,0.9281195402145386,0.5475683212280273,0.9117833375930786,0.45093879103660583,0.9112248420715332
Bound_Angle_Pose (181),Bound_Angle,0,0.5161175727844238,0.21127286553382874,0.5388491749763489,0.18719521164894104,0.5506282448768616,0.18701431155204773,0.5626417398452759,0.18720972537994385,0.49492430686950684,0.1864086389541626,0.47774073481559753,0.1860029101371765,0.464693158864975,0.18582448363304138,0.5805200338363647,0.19859015941619873,0.44724756479263306,0.1967467963695526,0.5356870889663696,0.2404707670211792,0.48591873049736023,0.23870909214019775,0.6623539924621582,0.35823550820350647,0.3390207290649414,0.3526759743690491,0.6723095178604126,0.5526233315467834,0.3213671147823334,0.5494228005409241,0.605981171131134,0.709634006023407,0.35968977212905884,0.7040295004844666,0.6031011343002319,0.764663577079773,0.3590546250343323,0.7513082027435303,0.5533989071846008,0.7625824213027954,0.3929121494293213,0.7504491806030273,0.5458346009254456,0.7467913627624512,0.3987084627151489,0.7369579076766968
Bound_Angle_Pose (184),Bound_Angle,0,0.48684245347976685,0.24649184942245483,0.4973699450492859,0.22382980585098267,0.5030537843704224,0.2239762544631958,0.5076886415481567,0.2246670126914978,0.4772483706474304,0.22623848915100098,0.46990513801574707,0.22769588232040405,0.46463295817375183,0.22904837131500244,0.517157256603241,0.23801612854003906,0.4579504728317261,0.24323594570159912,0.49902835488319397,0.2793082594871521,0.47492215037345886,0.28045764565467834,0.5645516514778137,0.4267352819442749,0.4099448025226593,0.4373685419559479,0.5650901198387146,0.6272158026695251,0.4121098816394806,0.6388771533966064,0.5483676195144653,0.795820951461792,0.4294239282608032,0.8018896579742432,0.5504800081253052,0.8462340831756592,0.4270736873149872,0.851552426815033,0.5293685793876648,0.8424671292304993,0.44416481256484985,0.845720648765564,0.5242843627929688,0.8278413414955139,0.44804874062538147,0.8292531967163086
Bound_Angle_Pose (186),Bound_Angle,0,0.4883486032485962,0.21285200119018555,0.5078489780426025,0.18114864826202393,0.5207961201667786,0.17992788553237915,0.5311393141746521,0.17884105443954468,0.4646257162094116,0.18620741367340088,0.4524601995944977,0.18802934885025024,0.44302570819854736,0.18951267004013062,0.5487717390060425,0.19324564933776855,0.4302619993686676,0.20715636014938354,0.5168872475624084,0.24422401189804077,0.4666973054409027,0.2472744584083557,0.6478862762451172,0.4020408093929291,0.35463207960128784,0.41438618302345276,0.6383726596832275,0.6419271230697632,0.3751724362373352,0.6439887285232544,0.616994321346283,0.8625750541687012,0.4188575744628906,0.8543432354927063,0.593991219997406,0.9219081401824951,0.43950915336608887,0.9213617444038391,0.5699008703231812,0.9123318195343018,0.46382296085357666,0.9073033332824707,0.5758504867553711,0.8918719291687012,0.45857182145118713,0.8838561177253723
Bound_Angle_Pose (20),Bound_Angle,0,0.5025320053100586,0.44966697692871094,0.5103811025619507,0.4365408420562744,0.5145220756530762,0.43668249249458313,0.5182345509529114,0.437081515789032,0.49553918838500977,0.43685317039489746,0.4903767704963684,0.4373272955417633,0.48645520210266113,0.4376676082611084,0.5243985652923584,0.444462388753891,0.4818825423717499,0.4452054798603058,0.5112571120262146,0.47002801299095154,0.49434423446655273,0.4705466628074646,0.5577679872512817,0.5660468339920044,0.4454929828643799,0.5655718445777893,0.5588136911392212,0.705403745174408,0.4465678632259369,0.7056015133857727,0.5323145985603333,0.807951807975769,0.4739121198654175,0.8125433921813965,0.5231145620346069,0.8349606394767761,0.48182761669158936,0.838118314743042,0.5138176083564758,0.8261361718177795,0.48929300904273987,0.8292282819747925,0.514564573764801,0.8170548677444458,0.48725926876068115,0.8202808499336243
Bound_Angle_Pose (22),Bound_Angle,0,0.5126317739486694,0.23230868577957153,0.5230626463890076,0.200969398021698,0.5303084254264832,0.20094317197799683,0.5369870662689209,0.2011861801147461,0.49621790647506714,0.20432239770889282,0.4862828552722931,0.20659548044204712,0.4768790006637573,0.20871752500534058,0.5476119518280029,0.21651804447174072,0.4634532630443573,0.2264711856842041,0.525249719619751,0.2723119854927063,0.49565935134887695,0.2736108899116516,0.6166872978210449,0.4305599331855774,0.3952011466026306,0.4420086443424225,0.6136687994003296,0.6773781180381775,0.3890036344528198,0.69149249792099,0.5872305631637573,0.8804329633712769,0.4369470477104187,0.8870217204093933,0.5731863379478455,0.9389449954032898,0.44609886407852173,0.9310933351516724,0.5464327931404114,0.9178902506828308,0.4609237611293793,0.9117391705513,0.54664146900177,0.8995876908302307,0.4593670070171356,0.8940726518630981
Bound_Angle_Pose (23),Bound_Angle,0,0.6248564124107361,0.17688024044036865,0.6305224299430847,0.14670073986053467,0.6368632912635803,0.1454869508743286,0.6432805061340332,0.14377403259277344,0.6095007658004761,0.14788246154785156,0.5994636416435242,0.14778918027877808,0.5892257690429688,0.14757806062698364,0.6435798406600952,0.150704026222229,0.5644254684448242,0.15681475400924683,0.6355245113372803,0.20712387561798096,0.6093167662620544,0.20658135414123535,0.693315863609314,0.3295544683933258,0.4839480519294739,0.34217697381973267,0.7062393426895142,0.5658945441246033,0.431708961725235,0.5902999639511108,0.6947242021560669,0.7759316563606262,0.5200520157814026,0.7717459797859192,0.6920447945594788,0.8306060433387756,0.5369318723678589,0.8269883394241333,0.6750586032867432,0.8283712863922119,0.5530580878257751,0.8161502480506897,0.6692713499069214,0.8072457909584045,0.5487592220306396,0.792812168598175
Bound_Angle_Pose (24),Bound_Angle,0,0.49088940024375916,0.18220865726470947,0.5078951716423035,0.14948850870132446,0.517053484916687,0.14918988943099976,0.524770975112915,0.14905279874801636,0.475033164024353,0.15070557594299316,0.4650459587574005,0.1514754295349121,0.45794326066970825,0.1521623730659485,0.5393111705780029,0.16161179542541504,0.4503942131996155,0.16620677709579468,0.5080204010009766,0.2133939266204834,0.47356754541397095,0.2155739665031433,0.6112037897109985,0.3794354796409607,0.37543025612831116,0.3778863251209259,0.6029049754142761,0.6116913557052612,0.39452677965164185,0.6031366586685181,0.5398986339569092,0.7910308837890625,0.4240565598011017,0.7727233171463013,0.5204652547836304,0.8420738577842712,0.43365180492401123,0.8384239077568054,0.49602431058883667,0.8158776760101318,0.4519447684288025,0.8038080930709839,0.5008642077445984,0.7925967574119568,0.45319584012031555,0.7813839912414551
Bound_Angle_Pose (25),Bound_Angle,0,0.4953264594078064,0.18419957160949707,0.5168594121932983,0.15708088874816895,0.529259979724884,0.15807503461837769,0.5393863916397095,0.15911388397216797,0.4782099425792694,0.15458166599273682,0.4671732783317566,0.1541474461555481,0.4563383460044861,0.15418314933776855,0.5625579357147217,0.17582345008850098,0.44364067912101746,0.1670386791229248,0.5185112953186035,0.2201330065727234,0.4708876609802246,0.21952110528945923,0.6539033651351929,0.35831668972969055,0.35329532623291016,0.35483819246292114,0.6330997943878174,0.6198400259017944,0.3612968921661377,0.6234754920005798,0.6119236350059509,0.8567127585411072,0.40139004588127136,0.8561539053916931,0.5988366603851318,0.9113749265670776,0.41728293895721436,0.9095384478569031,0.5699367523193359,0.9081714153289795,0.44303590059280396,0.9061262011528015,0.5706820487976074,0.8897174596786499,0.44015783071517944,0.8873071670532227
Bound_Angle_Pose (26),Bound_Angle,0,0.49117031693458557,0.2764779031276703,0.5033502578735352,0.23842060565948486,0.5110384821891785,0.23398572206497192,0.518375813961029,0.22925281524658203,0.47865933179855347,0.24090835452079773,0.469909131526947,0.23855185508728027,0.4618734121322632,0.23604843020439148,0.5310235619544983,0.20992717146873474,0.44649460911750793,0.22071418166160583,0.5056865215301514,0.2975626289844513,0.47623544931411743,0.3011893928050995,0.6070215106010437,0.33044108748435974,0.3717586398124695,0.3447239398956299,0.6344845294952393,0.5965661406517029,0.34193024039268494,0.5991767048835754,0.5832594037055969,0.8086358904838562,0.4112405776977539,0.8095853924751282,0.568631112575531,0.8695957064628601,0.4246407747268677,0.8677206039428711,0.5460047721862793,0.8509068489074707,0.4485681354999542,0.8550593852996826,0.5502210259437561,0.8283817768096924,0.447329044342041,0.8348187208175659
Bound_Angle_Pose (27),Bound_Angle,0,0.4614643454551697,0.44606900215148926,0.46124258637428284,0.4258239269256592,0.46482521295547485,0.4233444035053253,0.46913963556289673,0.4202944040298462,0.4557623863220215,0.42750659584999084,0.45498791337013245,0.42654725909233093,0.4542142152786255,0.4253975450992584,0.4969137907028198,0.40606600046157837,0.47701573371887207,0.41156837344169617,0.4790216088294983,0.45915889739990234,0.4726213216781616,0.4606558382511139,0.5876445174217224,0.4984733462333679,0.501178503036499,0.48352885246276855,0.6242163777351379,0.6672700047492981,0.467048704624176,0.5843548774719238,0.5173509120941162,0.7487161159515381,0.4033131003379822,0.6818618774414062,0.5001809000968933,0.7750517129898071,0.37912580370903015,0.7001858949661255,0.48862674832344055,0.7592388987541199,0.3812800347805023,0.698689341545105,0.49265196919441223,0.7495988607406616,0.39350152015686035,0.6980966329574585
Bound_Angle_Pose (28),Bound_Angle,0,0.5279136896133423,0.27153438329696655,0.5393677949905396,0.2492210865020752,0.5472521185874939,0.24949806928634644,0.554258406162262,0.24985265731811523,0.512681245803833,0.24959832429885864,0.5024371147155762,0.25059592723846436,0.49341508746147156,0.2518017888069153,0.5637741684913635,0.26508063077926636,0.47895729541778564,0.26897627115249634,0.5415571331977844,0.3079376220703125,0.5092183351516724,0.31027883291244507,0.6257943511009216,0.45443195104599,0.4150617718696594,0.46296626329421997,0.6236871480941772,0.658978283405304,0.4362848103046417,0.6821693778038025,0.5990711450576782,0.8315093517303467,0.48612266778945923,0.8388850688934326,0.5853204727172852,0.8781678080558777,0.5012475252151489,0.8848549723625183,0.5687155723571777,0.8634284734725952,0.5171040892601013,0.8674072027206421,0.5684900879859924,0.8462287783622742,0.5142937302589417,0.8484039902687073
Bound_Angle_Pose (29),Bound_Angle,0,0.5138605833053589,0.21676748991012573,0.5258083343505859,0.18945449590682983,0.5325946807861328,0.1889227032661438,0.5388739109039307,0.18755197525024414,0.4982585608959198,0.18753081560134888,0.4900444447994232,0.18670082092285156,0.4836650490760803,0.18593192100524902,0.5460305213928223,0.1949639916419983,0.4760303199291229,0.19566184282302856,0.5273579359054565,0.24131160974502563,0.49834349751472473,0.2425001859664917,0.6052588224411011,0.36703944206237793,0.42585480213165283,0.3753301501274109,0.5947563052177429,0.5796085596084595,0.4380005896091461,0.603783369064331,0.5528377890586853,0.7880207300186157,0.4707784354686737,0.785702109336853,0.5392087697982788,0.8299379348754883,0.4803401827812195,0.8315386772155762,0.5280991196632385,0.8215946555137634,0.49112576246261597,0.8210907578468323,0.5299274921417236,0.8058938384056091,0.49138814210891724,0.8061819076538086
Bound_Angle_Pose (3),Bound_Angle,0,0.5106400847434998,0.48440009355545044,0.5255050659179688,0.4709746837615967,0.5332119464874268,0.471651554107666,0.5399607419967651,0.4722326397895813,0.49921494722366333,0.4689970314502716,0.4909670948982239,0.4686383008956909,0.4852704107761383,0.46847403049468994,0.553499698638916,0.48127123713493347,0.4787371754646301,0.4756990075111389,0.5258324146270752,0.5053374767303467,0.49481216073036194,0.503849983215332,0.6039493680000305,0.5943301916122437,0.4149698317050934,0.5892146229743958,0.5808234214782715,0.739896297454834,0.4177892208099365,0.7373122572898865,0.5388208627700806,0.8509818911552429,0.4426517188549042,0.8474535942077637,0.5266323089599609,0.8807945251464844,0.45013850927352905,0.8807197213172913,0.5157966017723083,0.8700428009033203,0.4680061638355255,0.8668437600135803,0.5121184587478638,0.8587404489517212,0.46677735447883606,0.855078399181366
Bound_Angle_Pose (30),Bound_Angle,0,0.4908657670021057,0.18459856510162354,0.507765531539917,0.15333396196365356,0.5171473622322083,0.15361279249191284,0.5251364707946777,0.15412920713424683,0.4748319089412689,0.15159320831298828,0.46468979120254517,0.1514831781387329,0.45723435282707214,0.15173262357711792,0.5422284603118896,0.16906213760375977,0.4497559368610382,0.16753727197647095,0.5084661245346069,0.22146070003509521,0.47215405106544495,0.22122007608413696,0.6112303733825684,0.39460840821266174,0.37428945302963257,0.3796238303184509,0.6013948917388916,0.6344082355499268,0.39630934596061707,0.6071678996086121,0.5431675910949707,0.808456540107727,0.426390141248703,0.7885718941688538,0.5221319198608398,0.8644918203353882,0.4362768232822418,0.8545091152191162,0.5028126835823059,0.8380917906761169,0.4516831040382385,0.822264552116394,0.5073426961898804,0.8162970542907715,0.4535520374774933,0.8019001483917236
Bound_Angle_Pose (32),Bound_Angle,0,0.49961787462234497,0.4250442683696747,0.5091111660003662,0.41288071870803833,0.5153055787086487,0.41356608271598816,0.5213572382926941,0.4144175350666046,0.4896757900714874,0.41060444712638855,0.4827679693698883,0.4098168909549713,0.4760357737541199,0.4093915522098541,0.5307599902153015,0.42065322399139404,0.46153524518013,0.41612672805786133,0.5115044116973877,0.4414880573749542,0.4860779345035553,0.4399172365665436,0.5752189755439758,0.5274515151977539,0.4136780798435211,0.5171065926551819,0.5920844674110413,0.6680468916893005,0.4015836715698242,0.6659446954727173,0.5471181273460388,0.7872086763381958,0.4467315971851349,0.7878724336624146,0.5421770215034485,0.8167569637298584,0.450761616230011,0.8176950216293335,0.5234686136245728,0.8129398822784424,0.46346911787986755,0.8149716854095459,0.522031843662262,0.8034713268280029,0.46569502353668213,0.8050653338432312
Bound_Angle_Pose (33),Bound_Angle,0,0.478049635887146,0.19833111763000488,0.49050745368003845,0.16390866041183472,0.4988737106323242,0.1634349226951599,0.5057563185691833,0.16345351934432983,0.46208104491233826,0.16871893405914307,0.45272788405418396,0.17140495777130127,0.4440213143825531,0.17446517944335938,0.5171611905097961,0.17907893657684326,0.43296921253204346,0.1917133331298828,0.4965398907661438,0.2311922311782837,0.46177780628204346,0.2320958971977234,0.6039024591445923,0.3981863260269165,0.35725802183151245,0.39652344584465027,0.5936264395713806,0.6485779285430908,0.36197543144226074,0.639047384262085,0.5660135746002197,0.8545078039169312,0.3733871579170227,0.8358107805252075,0.5524618029594421,0.9141631722450256,0.38256698846817017,0.8946783542633057,0.5382298231124878,0.9275843501091003,0.39775019884109497,0.8850880861282349,0.5419269800186157,0.8902401328086853,0.3956223428249359,0.8626980781555176
Bound_Angle_Pose (39),Bound_Angle,0,0.4968699812889099,0.38058236241340637,0.5024927854537964,0.3679529130458832,0.5061888694763184,0.3679884970188141,0.5095598697662354,0.36815983057022095,0.4908062219619751,0.3685512840747833,0.4877549409866333,0.36917316913604736,0.4846188724040985,0.36969053745269775,0.5140063166618347,0.37400832772254944,0.47950026392936707,0.37716245651245117,0.5042802691459656,0.39680489897727966,0.489866703748703,0.396852046251297,0.5370855927467346,0.45488131046295166,0.4539200961589813,0.4507772922515869,0.5407565832138062,0.5564441084861755,0.4482646882534027,0.5536625981330872,0.5464701652526855,0.6361063122749329,0.4460659921169281,0.6385018825531006,0.549181342124939,0.6641795635223389,0.4410305619239807,0.6647164225578308,0.538923442363739,0.6626705527305603,0.4490576386451721,0.665446937084198,0.5354116559028625,0.6528409123420715,0.45234864950180054,0.6554998755455017
Bound_Angle_Pose (41),Bound_Angle,0,0.4708269238471985,0.24834096431732178,0.46417003870010376,0.22230744361877441,0.4637258052825928,0.22160375118255615,0.462856262922287,0.22078216075897217,0.4591294229030609,0.22250670194625854,0.45412084460258484,0.22199368476867676,0.4480922520160675,0.2217729091644287,0.4333783686161041,0.22508752346038818,0.4170283377170563,0.22655797004699707,0.46522748470306396,0.2766188979148865,0.4585281014442444,0.2746722102165222,0.4211767315864563,0.39270564913749695,0.3429355025291443,0.3864458501338959,0.34996792674064636,0.6048802733421326,0.3100282549858093,0.6142026782035828,0.298469603061676,0.7676278948783875,0.26881885528564453,0.815462052822113,0.2791805863380432,0.8083734512329102,0.23904867470264435,0.8625462055206299,0.28310322761535645,0.8119775056838989,0.24588818848133087,0.8719748854637146,0.28740134835243225,0.8069559931755066,0.2591782808303833,0.8588353395462036
Bound_Angle_Pose (44),Bound_Angle,0,0.4371391832828522,0.2023601531982422,0.448820024728775,0.1667015552520752,0.45601898431777954,0.16787749528884888,0.4630235731601715,0.1689819097518921,0.42464181780815125,0.16360390186309814,0.41582128405570984,0.16343307495117188,0.40804797410964966,0.16434258222579956,0.47519636154174805,0.1853395700454712,0.3989606201648712,0.17969805002212524,0.44980570673942566,0.24210858345031738,0.4222117066383362,0.24094897508621216,0.5292719006538391,0.4032435417175293,0.3412943184375763,0.4129825234413147,0.5159368515014648,0.6682051420211792,0.35647833347320557,0.6668258905410767,0.47669896483421326,0.8520751595497131,0.3867360055446625,0.8707816004753113,0.47023648023605347,0.9145624041557312,0.3932250440120697,0.9346676468849182,0.4530683755874634,0.8986443281173706,0.4045911729335785,0.906327486038208,0.45157676935195923,0.8802564144134521,0.4058244228363037,0.884909451007843
Bound_Angle_Pose (45),Bound_Angle,0,0.5418042540550232,0.44969895482063293,0.5499876737594604,0.4337460994720459,0.555033802986145,0.43404796719551086,0.5613890290260315,0.4340943992137909,0.5409069657325745,0.4317496418952942,0.538861870765686,0.43078193068504333,0.5367510318756104,0.42966943979263306,0.5839587450027466,0.4376840889453888,0.5509193539619446,0.4342682659626007,0.5530011057853699,0.46657371520996094,0.542129635810852,0.46551790833473206,0.6392218470573425,0.5378155708312988,0.5410685539245605,0.5347034931182861,0.6057408452033997,0.6824886798858643,0.5218775272369385,0.670768678188324,0.5419992208480835,0.7892591953277588,0.48693567514419556,0.7716151475906372,0.5244771838188171,0.8113413453102112,0.47666656970977783,0.7947138547897339,0.5135504007339478,0.8037670850753784,0.4789157509803772,0.7929267287254333,0.5166699290275574,0.796759307384491,0.485358327627182,0.7872542142868042
Bound_Angle_Pose (46),Bound_Angle,0,0.500258207321167,0.1498984694480896,0.511073887348175,0.11796748638153076,0.5182077288627625,0.11994075775146484,0.5253467559814453,0.12243843078613281,0.4906606078147888,0.12008702754974365,0.4835689067840576,0.12326419353485107,0.4762113690376282,0.12685751914978027,0.5359290838241577,0.14834994077682495,0.4601055979728699,0.15703850984573364,0.5163272619247437,0.19269311428070068,0.4857150912284851,0.1950550079345703,0.6099375486373901,0.36459165811538696,0.3870450258255005,0.3664562404155731,0.6251047849655151,0.6122516989707947,0.3641466796398163,0.6103420853614807,0.5678039789199829,0.7928748726844788,0.443857342004776,0.7830914258956909,0.5665491819381714,0.8499654531478882,0.4521417021751404,0.8366371989250183,0.5382018089294434,0.835479736328125,0.47094252705574036,0.8239014744758606,0.5363162159919739,0.816474437713623,0.4740424156188965,0.8039520978927612
Bound_Angle_Pose (47),Bound_Angle,0,0.5116260647773743,0.20721256732940674,0.5247169137001038,0.17995291948318481,0.5326576232910156,0.17950016260147095,0.5403731465339661,0.1794174313545227,0.49715426564216614,0.18308258056640625,0.48629868030548096,0.18508380651474,0.4767395257949829,0.187178373336792,0.5515240430831909,0.19693034887313843,0.46283158659935,0.20854699611663818,0.5268406271934509,0.24612146615982056,0.4936622083187103,0.24857664108276367,0.6115784645080566,0.4114573001861572,0.3986970782279968,0.4171956181526184,0.6131137609481812,0.6351245045661926,0.38641488552093506,0.64612877368927,0.5873394012451172,0.8249209523200989,0.43863579630851746,0.8257551789283752,0.572974681854248,0.8772172331809998,0.4503827393054962,0.8681192398071289,0.5463351011276245,0.8562772274017334,0.4686891734600067,0.8482446074485779,0.5457803606987,0.8396342396736145,0.4666902422904968,0.8300992250442505
Bound_Angle_Pose (48),Bound_Angle,0,0.49004265666007996,0.29861128330230713,0.5122393369674683,0.277940034866333,0.5235075950622559,0.27763640880584717,0.5340060591697693,0.2776399850845337,0.4707401394844055,0.2779111862182617,0.4560655653476715,0.27789896726608276,0.44334521889686584,0.2775546908378601,0.5516984462738037,0.28332605957984924,0.4302769899368286,0.2840830981731415,0.5108988285064697,0.3204498887062073,0.46495646238327026,0.32021474838256836,0.6410805583000183,0.4043791592121124,0.33849024772644043,0.4058626592159271,0.6512308716773987,0.5632539391517639,0.3473864793777466,0.569692075252533,0.6212465763092041,0.7127786874771118,0.3941982090473175,0.7187471985816956,0.6296627521514893,0.7546552419662476,0.394572377204895,0.7570095062255859,0.5918848514556885,0.7565751671791077,0.43240147829055786,0.7568826675415039,0.5822701454162598,0.7425090670585632,0.43520328402519226,0.7440677881240845
Bound_Angle_Pose (50),Bound_Angle,0,0.4982834756374359,0.18807268142700195,0.5089327692985535,0.1601279377937317,0.5163500905036926,0.16003072261810303,0.5233458280563354,0.15997964143753052,0.48648735880851746,0.1609715223312378,0.4786362051963806,0.16180318593978882,0.4714738726615906,0.1624048948287964,0.5364494323730469,0.17483919858932495,0.4641287922859192,0.17871969938278198,0.5135482549667358,0.22786277532577515,0.4865129590034485,0.22748881578445435,0.5963446497917175,0.39055541157722473,0.4130306541919708,0.39825189113616943,0.5915557146072388,0.6332124471664429,0.4309617578983307,0.6347757577896118,0.556429922580719,0.8417477011680603,0.4596717059612274,0.8393099308013916,0.54920893907547,0.8922683000564575,0.46403446793556213,0.8974930644035339,0.5305971503257751,0.8887686729431152,0.47988200187683105,0.8900091648101807,0.5317459106445312,0.871648371219635,0.4813480079174042,0.869755744934082
Bound_Angle_Pose (51),Bound_Angle,0,0.4916832745075226,0.238899827003479,0.5071141719818115,0.2094731330871582,0.5148639678955078,0.20970803499221802,0.5220094323158264,0.21004348993301392,0.47883886098861694,0.20901399850845337,0.46865057945251465,0.2094154953956604,0.4591168463230133,0.21033722162246704,0.5322396159172058,0.22828936576843262,0.4460030198097229,0.22757327556610107,0.5041710734367371,0.27893173694610596,0.4716028869152069,0.2769255042076111,0.5780184864997864,0.45644307136535645,0.3702661097049713,0.4316403865814209,0.5855144262313843,0.6972430944442749,0.3518598675727844,0.6624097228050232,0.5277553200721741,0.8585318326950073,0.39621466398239136,0.8549252152442932,0.5163551568984985,0.9054659605026245,0.4054848253726959,0.9042370915412903,0.4981655478477478,0.8869156241416931,0.42235350608825684,0.8924328088760376,0.49813148379325867,0.8734158277511597,0.4232308268547058,0.87598717212677
Bound_Angle_Pose (52),Bound_Angle,0,0.4996454119682312,0.20869159698486328,0.5180494785308838,0.1770748496055603,0.5273764133453369,0.17542028427124023,0.5376710891723633,0.1744678020477295,0.4833374321460724,0.17861706018447876,0.47151318192481995,0.1780240535736084,0.46059516072273254,0.17823362350463867,0.5540896058082581,0.1848788857460022,0.4465445578098297,0.19066911935806274,0.5196129679679871,0.240300714969635,0.47971484065055847,0.2425568699836731,0.6551823019981384,0.38367295265197754,0.3535497784614563,0.37610921263694763,0.7635009288787842,0.6084643602371216,0.24284465610980988,0.6110630631446838,0.5433158874511719,0.5385568141937256,0.45936447381973267,0.5461962223052979,0.5105557441711426,0.48565903306007385,0.49219879508018494,0.4979100525379181,0.5130749940872192,0.46616655588150024,0.4874928891658783,0.4786772131919861,0.5181875228881836,0.4858335554599762,0.4838341474533081,0.497894823551178
Bound_Angle_Pose (56),Bound_Angle,0,0.5019908547401428,0.19950664043426514,0.5199333429336548,0.17095857858657837,0.5291112661361694,0.17008525133132935,0.5395323634147644,0.1695547103881836,0.4852472245693207,0.17144542932510376,0.47322964668273926,0.17079269886016846,0.4620317816734314,0.1706777811050415,0.5553884506225586,0.17934638261795044,0.44695034623146057,0.18185007572174072,0.5215914845466614,0.2304372787475586,0.4814312160015106,0.23115402460098267,0.6524935364723206,0.36377811431884766,0.3444702625274658,0.3579104244709015,0.7605711221694946,0.5753281116485596,0.2391585111618042,0.5809058547019958,0.5422065258026123,0.5106833577156067,0.45860254764556885,0.5206625461578369,0.5082644820213318,0.47199055552482605,0.49475857615470886,0.4810790419578552,0.5056706666946411,0.44918355345726013,0.49166980385780334,0.459603488445282,0.5128815174102783,0.46250179409980774,0.4843020439147949,0.47365838289260864
Bound_Angle_Pose (6),Bound_Angle,0,0.49909842014312744,0.44043752551078796,0.5217081308364868,0.42519208788871765,0.5333173274993896,0.42606353759765625,0.5423899292945862,0.4267806112766266,0.48280027508735657,0.42354926466941833,0.47224459052085876,0.42341747879981995,0.4649011492729187,0.42340946197509766,0.5620593428611755,0.4350622594356537,0.4541175961494446,0.43106362223625183,0.5215381383895874,0.4615691304206848,0.47651782631874084,0.4594714641571045,0.6449921131134033,0.5507311820983887,0.36482805013656616,0.5441208481788635,0.6197758913040161,0.6861481070518494,0.3703153133392334,0.6791411638259888,0.546631395816803,0.7925098538398743,0.4151531457901001,0.7873373627662659,0.5187884569168091,0.8195908069610596,0.43212342262268066,0.8242846727371216,0.5027021765708923,0.8040657639503479,0.4489370882511139,0.8079826831817627,0.5106083750724792,0.794780969619751,0.44754329323768616,0.7948894500732422
Bound_Angle_Pose (67),Bound_Angle,0,0.3838074207305908,0.6112639307975769,0.3843458294868469,0.6041470170021057,0.3898179531097412,0.6034954786300659,0.3954097628593445,0.6031177043914795,0.35917210578918457,0.6002030968666077,0.35099953413009644,0.5971924066543579,0.3458428382873535,0.5887581706047058,0.40251776576042175,0.5768555402755737,0.33479011058807373,0.5406392812728882,0.4032480716705322,0.5964410901069641,0.38331764936447144,0.5946060419082642,0.5444149971008301,0.48234009742736816,0.2690618634223938,0.4375309348106384,0.6711764335632324,0.6349221467971802,0.35386693477630615,0.5252670645713806,0.4094948470592499,0.700649082660675,0.3206897974014282,0.674117922782898,0.36495763063430786,0.7376382350921631,0.3163614273071289,0.7241355180740356,0.34296977519989014,0.707343339920044,0.31325483322143555,0.710493803024292,0.35270190238952637,0.6976634860038757,0.32715219259262085,0.6978901624679565
Bound_Angle_Pose (68),Bound_Angle,0,0.4912565350532532,0.19958865642547607,0.5097050070762634,0.17843008041381836,0.5195316076278687,0.17940610647201538,0.52994304895401,0.18101835250854492,0.4763939082622528,0.1792026162147522,0.4640423655509949,0.18061721324920654,0.4541979432106018,0.18279987573623657,0.5455415844917297,0.19874650239944458,0.4391309916973114,0.20204699039459229,0.5115088820457458,0.23589545488357544,0.4707382619380951,0.23601096868515015,0.6357125639915466,0.38776129484176636,0.3536795973777771,0.3985918462276459,0.6236822605133057,0.6135954856872559,0.3626428246498108,0.6207817196846008,0.5615302920341492,0.8035973310470581,0.39480289816856384,0.8118816614151001,0.5344930291175842,0.8495970964431763,0.40956318378448486,0.849824070930481,0.5159821510314941,0.8349909782409668,0.4293072521686554,0.8361726999282837,0.5201215147972107,0.8212891221046448,0.42433834075927734,0.82258540391922
Bound_Angle_Pose (70),Bound_Angle,0,0.4866897165775299,0.35572314262390137,0.5006668567657471,0.3301645517349243,0.5113484263420105,0.3291231393814087,0.5196557641029358,0.3285178542137146,0.4744516909122467,0.33217912912368774,0.46857836842536926,0.33273714780807495,0.46314021944999695,0.3333665132522583,0.5367608070373535,0.3385183811187744,0.4641939103603363,0.34637540578842163,0.5090728998184204,0.3829663395881653,0.4784030616283417,0.3862501084804535,0.6177871823310852,0.5215587615966797,0.41545599699020386,0.5126723051071167,0.6369464993476868,0.7274181842803955,0.41183969378471375,0.7037286758422852,0.5809913873672485,0.8542598485946655,0.4537065029144287,0.8400344252586365,0.5693489909172058,0.889905571937561,0.46067947149276733,0.8840070962905884,0.5479402542114258,0.875572144985199,0.4752514660358429,0.8741676807403564,0.5502182841300964,0.8632218837738037,0.47571462392807007,0.8567270636558533
Bound_Angle_Pose (78),Bound_Angle,0,0.5032709240913391,0.1950553059577942,0.521123468875885,0.16688746213912964,0.5299740433692932,0.16592657566070557,0.5389875769615173,0.16518568992614746,0.4854144752025604,0.1682906150817871,0.4741453230381012,0.16770583391189575,0.4629068374633789,0.1675344705581665,0.5530738830566406,0.1748875379562378,0.44845113158226013,0.17876100540161133,0.5232177376747131,0.22255778312683105,0.48216500878334045,0.22435617446899414,0.6525102257728577,0.3572799265384674,0.34952282905578613,0.3511672914028168,0.763863742351532,0.5665196776390076,0.23921789228916168,0.5608841776847839,0.5356734395027161,0.4974219799041748,0.4584018588066101,0.5061106085777283,0.5061689615249634,0.44583749771118164,0.4955776333808899,0.4558578133583069,0.5060276389122009,0.42961961030960083,0.4910001754760742,0.44100603461265564,0.5129942893981934,0.44627392292022705,0.4840950071811676,0.4580512046813965
Bound_Angle_Pose (81),Bound_Angle,0,0.4932166635990143,0.29215794801712036,0.5112256407737732,0.25671786069869995,0.5207091569900513,0.2544674873352051,0.5289300680160522,0.2521361708641052,0.4781951606273651,0.257132351398468,0.4687056541442871,0.254428505897522,0.46155259013175964,0.25163567066192627,0.542743444442749,0.25068342685699463,0.44946035742759705,0.251328706741333,0.5097895264625549,0.31854191422462463,0.4767608046531677,0.3199852705001831,0.6080772876739502,0.41702204942703247,0.37913215160369873,0.42019954323768616,0.6073218584060669,0.6637769937515259,0.3766060471534729,0.674004852771759,0.5659056305885315,0.8440489768981934,0.4391401708126068,0.8495509624481201,0.5646803975105286,0.896098256111145,0.44936978816986084,0.8941848874092102,0.5440530776977539,0.8811973929405212,0.4653918147087097,0.8808715343475342,0.5402528643608093,0.8660464882850647,0.46424269676208496,0.8628515005111694
Bound_Angle_Pose (82),Bound_Angle,0,0.5585653185844421,0.2121284008026123,0.5730896592140198,0.20033085346221924,0.582852840423584,0.20054450631141663,0.5909420251846313,0.20073509216308594,0.539804995059967,0.2002965211868286,0.5297091007232666,0.20084905624389648,0.5234596133232117,0.2015252709388733,0.6027777791023254,0.20652815699577332,0.5124433636665344,0.21053829789161682,0.5784714221954346,0.23137491941452026,0.539651095867157,0.23076993227005005,0.6661566495895386,0.298125684261322,0.45735761523246765,0.30093926191329956,0.6803547143936157,0.4017206132411957,0.46182918548583984,0.41271886229515076,0.6379667520523071,0.4951072037220001,0.505789577960968,0.5006285905838013,0.6342345476150513,0.5207492113113403,0.517162024974823,0.5260195732116699,0.6105217933654785,0.5137597918510437,0.5336365699768066,0.518051266670227,0.6090134382247925,0.5056601166725159,0.5325446724891663,0.5084258317947388
Bound_Angle_Pose (85),Bound_Angle,0,0.4873836934566498,0.35500866174697876,0.49840083718299866,0.3264719247817993,0.504797101020813,0.32505542039871216,0.5111565589904785,0.32379695773124695,0.4760931432247162,0.3272208571434021,0.4683903455734253,0.325874924659729,0.4616122543811798,0.32434335350990295,0.5208054184913635,0.32335400581359863,0.45095449686050415,0.3261191248893738,0.4989694058895111,0.3804533779621124,0.47418078780174255,0.3830506503582001,0.5800284147262573,0.4536527395248413,0.39566752314567566,0.4493805170059204,0.667889416217804,0.6190050840377808,0.29370641708374023,0.606056809425354,0.7615677118301392,0.7354034781455994,0.22184088826179504,0.7432226538658142,0.7858015298843384,0.7688238620758057,0.19415348768234253,0.7818921804428101,0.7790704965591431,0.7675172090530396,0.20036408305168152,0.7904087901115417,0.7663971185684204,0.7596830129623413,0.2129344344139099,0.7824841737747192
Bound_Angle_Pose (87),Bound_Angle,0,0.5125093460083008,0.20483994483947754,0.524713933467865,0.17612004280090332,0.5326625108718872,0.17523181438446045,0.5396019220352173,0.17466700077056885,0.49704957008361816,0.18122261762619019,0.48639512062072754,0.18401652574539185,0.47656357288360596,0.18661659955978394,0.5496934652328491,0.19021087884902954,0.4637944996356964,0.2040727138519287,0.5264676213264465,0.24111264944076538,0.4945198893547058,0.24304258823394775,0.6166480779647827,0.39624249935150146,0.39775049686431885,0.4076257646083832,0.6235480904579163,0.609909176826477,0.3894825279712677,0.6374184489250183,0.5910279750823975,0.7956369519233704,0.4376852512359619,0.8008949756622314,0.5764963626861572,0.845815896987915,0.45061346888542175,0.837418258190155,0.5528773069381714,0.8270267248153687,0.4677986204624176,0.8171824216842651,0.5523678660392761,0.81014484167099,0.4666135311126709,0.8026382327079773
Bound_Angle_Pose (91),Bound_Angle,0,0.49753206968307495,0.5023413896560669,0.5125165581703186,0.4854006767272949,0.5206139087677002,0.48394742608070374,0.5287166833877563,0.4824509620666504,0.48178672790527344,0.48711761832237244,0.47167861461639404,0.4861934781074524,0.4636279046535492,0.4851372241973877,0.544516921043396,0.4814052879810333,0.45101240277290344,0.48658570647239685,0.5136290788650513,0.5146725177764893,0.48140692710876465,0.5170145034790039,0.6185464859008789,0.5667209625244141,0.37616604566574097,0.5765478610992432,0.5990715622901917,0.6896718144416809,0.41716042160987854,0.6971511840820312,0.5719526410102844,0.7983483672142029,0.4545230567455292,0.8011587858200073,0.5746259689331055,0.8326243758201599,0.4478796720504761,0.8364396095275879,0.5524613857269287,0.8279812932014465,0.4626125693321228,0.8356214761734009,0.5471832752227783,0.8195784091949463,0.4714071750640869,0.8226537704467773
Bound_Angle_Pose (93),Bound_Angle,0,0.6240028142929077,0.1828036904335022,0.6396005153656006,0.16129463911056519,0.6492938995361328,0.16214168071746826,0.6579801440238953,0.16310858726501465,0.6205170750617981,0.1602725386619568,0.6162127256393433,0.1603049635887146,0.6120361089706421,0.16052764654159546,0.6760450601577759,0.18071240186691284,0.616366982460022,0.17698097229003906,0.6402378082275391,0.21432316303253174,0.6181710362434387,0.2106262743473053,0.7258982062339783,0.3723717927932739,0.5871276259422302,0.35179388523101807,0.6875103712081909,0.6111223697662354,0.5518966317176819,0.581097424030304,0.6385385394096375,0.8248550891876221,0.5152043104171753,0.7926805019378662,0.6132420897483826,0.8739625215530396,0.5000584721565247,0.8331317901611328,0.5855811238288879,0.8544270992279053,0.5088844299316406,0.8347688913345337,0.5870320200920105,0.8367758989334106,0.5184799432754517,0.8207420110702515
Bound_Angle_Pose (96),Bound_Angle,0,0.5145670771598816,0.3751688003540039,0.5352338552474976,0.3537120521068573,0.5468767881393433,0.35420674085617065,0.558098554611206,0.3547550141811371,0.49343141913414,0.3512909412384033,0.4788157045841217,0.3510878384113312,0.4669703543186188,0.35146093368530273,0.575770378112793,0.36837589740753174,0.45292001962661743,0.36588457226753235,0.5369659662246704,0.40244850516319275,0.48733922839164734,0.40085887908935547,0.6518130302429199,0.5094985365867615,0.36863142251968384,0.5114085674285889,0.690501868724823,0.6973955631256104,0.35094964504241943,0.6962572336196899,0.609229326248169,0.8539137840270996,0.42096492648124695,0.8595506548881531,0.6022782325744629,0.9021516442298889,0.4263344407081604,0.9067338109016418,0.5668902397155762,0.8982687592506409,0.45624738931655884,0.9030817747116089,0.5633665919303894,0.8831297159194946,0.4575273096561432,0.8866395950317383
Cat_Cow_Pose (101),Cat,1,0.5415583848953247,0.12385018169879913,0.5343520641326904,0.10757893323898315,0.5329031348228455,0.1071694940328598,0.5309662222862244,0.10668720304965973,0.5331552028656006,0.10870891809463501,0.5309882164001465,0.10923436284065247,0.5283791422843933,0.1097700446844101,0.5095964670181274,0.11430324614048004,0.506023645401001,0.11762337386608124,0.5346014499664307,0.1441459357738495,0.5329605937004089,0.14500755071640015,0.44489777088165283,0.20174723863601685,0.45615240931510925,0.23416291177272797,0.43412211537361145,0.3634489178657532,0.4504621922969818,0.40681755542755127,0.42271947860717773,0.5007627010345459,0.4361687898635864,0.5446406602859497,0.437904417514801,0.5028119087219238,0.4582219123840332,0.5665052533149719,0.44210731983184814,0.5086346864700317,0.46134746074676514,0.5588225722312927,0.43535637855529785,0.5137884020805359,0.4528619647026062,0.5516295433044434
Cat_Cow_Pose (104),Cat,1,0.7643172740936279,0.43185752630233765,0.7772611975669861,0.4141136705875397,0.7771667242050171,0.4112376570701599,0.7771221399307251,0.4080231189727783,0.7775430679321289,0.414295494556427,0.7776267528533936,0.4117876887321472,0.7778477072715759,0.40893828868865967,0.764840841293335,0.38558337092399597,0.7662807703018188,0.38956141471862793,0.7468723058700562,0.4271620810031891,0.747188925743103,0.42749419808387756,0.6497454047203064,0.36816877126693726,0.6711028814315796,0.4077202379703522,0.6381794214248657,0.49599263072013855,0.6607365608215332,0.5687726736068726,0.6627938747406006,0.6110637187957764,0.6886137127876282,0.7041146159172058,0.6870099306106567,0.609255313873291,0.7213263511657715,0.7160390615463257,0.6908498406410217,0.6132982969284058,0.7260411977767944,0.7057926058769226,0.6805812120437622,0.616818904876709,0.7153445482254028,0.7014779448509216
Cat_Cow_Pose (105),Cat,1,0.21586957573890686,0.4935402274131775,0.1961243450641632,0.4990818500518799,0.19445952773094177,0.49845457077026367,0.19273078441619873,0.498121976852417,0.19604822993278503,0.49571749567985535,0.19458508491516113,0.49285367131233215,0.19295647740364075,0.48859256505966187,0.18904167413711548,0.47418349981307983,0.18687757849693298,0.45977702736854553,0.2267175316810608,0.4781947433948517,0.22736027836799622,0.47450506687164307,0.2602616250514984,0.4255739748477936,0.2501223385334015,0.3270377516746521,0.285847544670105,0.6443502902984619,0.2747842073440552,0.5591250658035278,0.2832474708557129,0.8480470180511475,0.29068708419799805,0.765590488910675,0.2498769462108612,0.8730957508087158,0.2657082974910736,0.7873983383178711,0.24242714047431946,0.8592135310173035,0.26274073123931885,0.7900017499923706,0.2540659010410309,0.8515565395355225,0.2751302123069763,0.7882829904556274
Cat_Cow_Pose (109),Cat,1,0.18797418475151062,0.29721659421920776,0.19488564133644104,0.27148354053497314,0.19836294651031494,0.2699381411075592,0.20227617025375366,0.26828739047050476,0.1926438808441162,0.2717072367668152,0.19430837035179138,0.2706834077835083,0.1962360441684723,0.26931101083755493,0.23015931248664856,0.2716744542121887,0.2237038016319275,0.2700952887535095,0.20256972312927246,0.3252555727958679,0.20043179392814636,0.3231777548789978,0.3077724874019623,0.42681384086608887,0.3166007697582245,0.39872196316719055,0.3060777187347412,0.6646649837493896,0.30827873945236206,0.6413342952728271,0.298606276512146,0.8820573687553406,0.2992551922798157,0.840100884437561,0.2663266956806183,0.9062598943710327,0.27309826016426086,0.8480108976364136,0.2598881423473358,0.8943108320236206,0.2704053521156311,0.8563487529754639,0.27527138590812683,0.8871206641197205,0.2813108563423157,0.8571388721466064
Cat_Cow_Pose (110),Cat,1,0.6356825232505798,0.7491713166236877,0.6461062431335449,0.7508257031440735,0.6475528478622437,0.7496852278709412,0.649101972579956,0.7484732270240784,0.645523190498352,0.7507993578910828,0.6465162038803101,0.7499391436576843,0.6474417448043823,0.7491474747657776,0.6547901630401611,0.7311075329780579,0.652099609375,0.7352985143661499,0.6329246759414673,0.7389436960220337,0.6322863101959229,0.7390478849411011,0.6323218941688538,0.6971435546875,0.6260567903518677,0.712307870388031,0.6335710287094116,0.8043081760406494,0.6313545107841492,0.8195607662200928,0.6481167674064636,0.8972687125205994,0.6527438163757324,0.9155303239822388,0.6652739644050598,0.9034003615379333,0.6712354421615601,0.9266595244407654,0.6676706075668335,0.9050043821334839,0.6748008728027344,0.9217115640640259,0.6615849137306213,0.904780387878418,0.6684595346450806,0.9186067581176758
Cat_Cow_Pose (112),Cat,1,0.7968741655349731,0.5050684809684753,0.8205985426902771,0.5073660612106323,0.8228907585144043,0.5058198571205139,0.8253520131111145,0.5039548873901367,0.8231521844863892,0.5056964159011841,0.8265668153762817,0.5032058954238892,0.8300834894180298,0.5004100799560547,0.8436602354049683,0.4747679531574249,0.8445165753364563,0.475450724363327,0.7854740619659424,0.49037033319473267,0.789264976978302,0.4874666631221771,0.7870917320251465,0.3968026340007782,0.8028862476348877,0.4107531011104584,0.775307297706604,0.5561091303825378,0.803486168384552,0.5858414769172668,0.789928674697876,0.7010120153427124,0.8150234818458557,0.7596406936645508,0.8217738270759583,0.711114764213562,0.8577998280525208,0.7774194478988647,0.8292933702468872,0.7137091159820557,0.8681159019470215,0.7654331922531128,0.8169745802879333,0.716336190700531,0.8503099679946899,0.7617735266685486
Cat_Cow_Pose (114),Cat,1,0.2879754304885864,0.30327728390693665,0.29662081599235535,0.28221678733825684,0.2987081706523895,0.28264933824539185,0.30093926191329956,0.2832261323928833,0.2936619818210602,0.28041893243789673,0.2947258949279785,0.28061020374298096,0.2957848906517029,0.28055185079574585,0.32346534729003906,0.29710716009140015,0.31587645411491394,0.29542118310928345,0.29537829756736755,0.32816454768180847,0.29323258996009827,0.3295685946941376,0.36613020300865173,0.4318717122077942,0.3791812062263489,0.3835465908050537,0.3682889938354492,0.6335129737854004,0.3701257109642029,0.5751197338104248,0.36080729961395264,0.8126256465911865,0.3568119406700134,0.7095451354980469,0.3345258831977844,0.8330939412117004,0.33367085456848145,0.7126472592353821,0.3305428624153137,0.820784330368042,0.3302738070487976,0.7210742235183716,0.3405200242996216,0.8136952519416809,0.3443981409072876,0.7221455574035645
Cat_Cow_Pose (13),Cat,1,0.27404671907424927,0.3414085805416107,0.25821369886398315,0.3240582346916199,0.2578340768814087,0.32022824883461,0.2576569616794586,0.31458771228790283,0.2585843801498413,0.3256291449069977,0.2584044635295868,0.3228282630443573,0.2583329975605011,0.31884366273880005,0.2680336534976959,0.2817024290561676,0.2682962417602539,0.2861936092376709,0.2934386134147644,0.3347189426422119,0.29358601570129395,0.33681046962738037,0.3507123291492462,0.29919731616973877,0.37378400564193726,0.28407442569732666,0.36889225244522095,0.5111478567123413,0.3786992132663727,0.47172680497169495,0.3702017664909363,0.7018429040908813,0.38438886404037476,0.6529849171638489,0.3379111588001251,0.7111949920654297,0.35643982887268066,0.6622656583786011,0.33528465032577515,0.7032626867294312,0.3539324700832367,0.6658461689949036,0.34697192907333374,0.700183629989624,0.36456161737442017,0.665434718132019
Cat_Cow_Pose (15),Cat,1,0.3799407482147217,0.6104791164398193,0.3661653399467468,0.6139002442359924,0.3642968535423279,0.6122258305549622,0.3622709810733795,0.6105293035507202,0.3664900064468384,0.6136425733566284,0.36488813161849976,0.6119025349617004,0.36321187019348145,0.6102471351623535,0.3510133624076843,0.5874646902084351,0.35323217511177063,0.5889149308204651,0.38022470474243164,0.5945671796798706,0.38166454434394836,0.5957430005073547,0.3616849184036255,0.5426638126373291,0.3683326840400696,0.529644250869751,0.34316349029541016,0.715255856513977,0.34941092133522034,0.6857534646987915,0.326900839805603,0.8717561960220337,0.33326292037963867,0.8286060094833374,0.3008793294429779,0.886391818523407,0.30469998717308044,0.8324881792068481,0.2981416881084442,0.8756445646286011,0.30608928203582764,0.8354024291038513,0.3076864182949066,0.872973620891571,0.3150539696216583,0.8368927836418152
Cat_Cow_Pose (16),Cat,1,0.27375397086143494,0.5639663338661194,0.2909669280052185,0.554556131362915,0.2939480245113373,0.5549468994140625,0.2970196604728699,0.5553551912307739,0.2906324863433838,0.5542513132095337,0.29328444600105286,0.5542355179786682,0.29591619968414307,0.554196298122406,0.31369781494140625,0.5716516375541687,0.31121161580085754,0.5694313049316406,0.2778169512748718,0.5822547674179077,0.27735501527786255,0.5821458101272583,0.3278040289878845,0.6665818691253662,0.33797216415405273,0.6560987830162048,0.30895161628723145,0.8050129413604736,0.3154560923576355,0.7856405973434448,0.28443431854248047,0.9341310858726501,0.3042965829372406,0.8969681262969971,0.24947521090507507,0.9400261640548706,0.2823057472705841,0.900124192237854,0.2446328103542328,0.9356339573860168,0.2802847623825073,0.9021182060241699,0.2608638405799866,0.9318509101867676,0.2891300916671753,0.9056406021118164
Cat_Cow_Pose (17),Cat,1,0.22470226883888245,0.30735427141189575,0.23119577765464783,0.27331024408340454,0.23780480027198792,0.26781636476516724,0.24486157298088074,0.26198524236679077,0.2139701545238495,0.2835284471511841,0.209314227104187,0.28543081879615784,0.20358797907829285,0.2875910699367523,0.26844522356987,0.2600252628326416,0.21624740958213806,0.29482758045196533,0.2480316460132599,0.3273998498916626,0.22860559821128845,0.3445230722427368,0.304509699344635,0.40264052152633667,0.2933039367198944,0.39973098039627075,0.24593335390090942,0.6497142910957336,0.2575298249721527,0.6131889224052429,0.17451438307762146,0.8518801927566528,0.20933711528778076,0.7906980514526367,0.13262441754341125,0.8615387678146362,0.1766011118888855,0.7935972213745117,0.13288268446922302,0.8457756638526917,0.170920729637146,0.8019714951515198,0.146978497505188,0.8444034457206726,0.1823652684688568,0.8061138391494751
Cat_Cow_Pose (18),Cat,1,0.2334926724433899,0.24625492095947266,0.24943122267723083,0.23137038946151733,0.2530509829521179,0.2320690155029297,0.2570943832397461,0.23289194703102112,0.24889984726905823,0.22934100031852722,0.25158992409706116,0.22852230072021484,0.2546062767505646,0.2276856005191803,0.2792026102542877,0.25563615560531616,0.27577537298202515,0.2504309117794037,0.24040091037750244,0.27743953466415405,0.23872026801109314,0.2740446925163269,0.3252648115158081,0.41265174746513367,0.3274953365325928,0.38987410068511963,0.3237888813018799,0.6317471265792847,0.32913947105407715,0.6047133207321167,0.2990213930606842,0.8308811187744141,0.3119584321975708,0.7829724550247192,0.27011579275131226,0.840214729309082,0.2880997657775879,0.7902759313583374,0.26615846157073975,0.8327515125274658,0.28316444158554077,0.7994900345802307,0.27615979313850403,0.8299222588539124,0.2924492359161377,0.8006490468978882
Cat_Cow_Pose (19),Cat,1,0.3038698434829712,0.43982037901878357,0.28816038370132446,0.4394439458847046,0.2867552638053894,0.4380423128604889,0.2849894165992737,0.4368017613887787,0.2878178060054779,0.43836328387260437,0.28617575764656067,0.4361719489097595,0.2841760516166687,0.4342036843299866,0.2749849557876587,0.412597119808197,0.2732377350330353,0.4101620316505432,0.31098002195358276,0.42571353912353516,0.31135812401771545,0.4248034954071045,0.31791412830352783,0.38728705048561096,0.31648313999176025,0.35929369926452637,0.3112342953681946,0.5541142821311951,0.3120986223220825,0.513542652130127,0.2979808449745178,0.7151123881340027,0.2976382374763489,0.6599901914596558,0.2723335325717926,0.7250266075134277,0.274696946144104,0.6675741076469421,0.26799875497817993,0.7164582014083862,0.2722304165363312,0.6754440665245056,0.2774921655654907,0.7145137786865234,0.2821258008480072,0.6750829219818115
Cat_Cow_Pose (22),Cat,1,0.8658844828605652,0.24859470129013062,0.851801872253418,0.23766854405403137,0.849942684173584,0.23803529143333435,0.8475762605667114,0.23827311396598816,0.8498030304908752,0.2391842007637024,0.8469842076301575,0.2403079867362976,0.8436092734336853,0.24134519696235657,0.8226946592330933,0.25405147671699524,0.8206636905670166,0.2584865093231201,0.8584074974060059,0.2760092318058014,0.8559116125106812,0.27942898869514465,0.7552272081375122,0.3904612958431244,0.7615776062011719,0.3974306881427765,0.7582107782363892,0.5851804614067078,0.7540065050125122,0.596991240978241,0.7668567895889282,0.7309041023254395,0.7755056619644165,0.7900505065917969,0.77824866771698,0.7443327903747559,0.7897515892982483,0.8101634979248047,0.7762949466705322,0.7472002506256104,0.7902307510375977,0.8079162836074829,0.7709804177284241,0.7496183514595032,0.7839099764823914,0.7994881868362427
Cat_Cow_Pose (24),Cat,1,0.745033323764801,0.27071285247802734,0.7374776601791382,0.24659810960292816,0.7356702089309692,0.24625518918037415,0.7334973812103271,0.24583140015602112,0.7351698875427246,0.24702008068561554,0.7318766117095947,0.24719184637069702,0.7279447317123413,0.2473289519548416,0.7016890048980713,0.254355788230896,0.6959866285324097,0.2551721930503845,0.732670247554779,0.29943275451660156,0.7304195165634155,0.2988344430923462,0.6033675074577332,0.38692665100097656,0.6256557703018188,0.392544686794281,0.598281979560852,0.6132458448410034,0.6217790842056274,0.6312732696533203,0.6034525632858276,0.8208435773849487,0.6268371343612671,0.8528900146484375,0.6334999799728394,0.8230642080307007,0.6662095785140991,0.875104546546936,0.6423547863960266,0.8287131190299988,0.668303370475769,0.8639299869537354,0.6307016611099243,0.8303805589675903,0.6555628776550293,0.8584998846054077
Cat_Cow_Pose (3),Cat,1,0.2813085913658142,0.40244781970977783,0.2618507146835327,0.4086000621318817,0.2590938210487366,0.4050312936306,0.256020724773407,0.40144258737564087,0.2619578540325165,0.410846084356308,0.25943097472190857,0.40875715017318726,0.25652793049812317,0.40645459294319153,0.23935344815254211,0.3681810200214386,0.2395229935646057,0.3719211220741272,0.28318798542022705,0.37804797291755676,0.2837645709514618,0.38107386231422424,0.26118242740631104,0.31855008006095886,0.2629634141921997,0.31034672260284424,0.28361666202545166,0.5360133051872253,0.2831873893737793,0.5090287923812866,0.2813307046890259,0.7446352243423462,0.2789455056190491,0.7070046663284302,0.250896155834198,0.7659980058670044,0.2481563687324524,0.7223411798477173,0.2456534206867218,0.7534288167953491,0.24652373790740967,0.7264186143875122,0.2566893696784973,0.7478229999542236,0.2577444612979889,0.72365403175354
Cat_Cow_Pose (30),Cat,1,0.555901288986206,0.47532176971435547,0.5484061241149902,0.4749404191970825,0.547808825969696,0.47583550214767456,0.5472871661186218,0.47679588198661804,0.547895610332489,0.47475847601890564,0.5469570755958557,0.4755212664604187,0.5460963845252991,0.47637850046157837,0.5418351292610168,0.4920741319656372,0.541012167930603,0.4915492832660675,0.5592060685157776,0.4868893325328827,0.5586832761764526,0.48681119084358215,0.5396442413330078,0.5439381003379822,0.5489398837089539,0.5445587038993835,0.5495096445083618,0.6196479201316833,0.5585554838180542,0.6264327168464661,0.5548751354217529,0.685949444770813,0.5631077289581299,0.7046522498130798,0.5650414228439331,0.6940401196479797,0.5757064819335938,0.7139524817466736,0.5663157105445862,0.6953791379928589,0.5758904218673706,0.7112118005752563,0.5619266629219055,0.6927264332771301,0.5713402032852173,0.7084097266197205
Cat_Cow_Pose (38),Cat,1,0.2165190875530243,0.43648433685302734,0.19633594155311584,0.42468735575675964,0.19571682810783386,0.4226417541503906,0.19504565000534058,0.42020079493522644,0.19697123765945435,0.4241485595703125,0.19682452082633972,0.42095494270324707,0.19647952914237976,0.41799598932266235,0.20394301414489746,0.39842864871025085,0.20459923148155212,0.39476442337036133,0.2319638431072235,0.4298669099807739,0.2344048023223877,0.4289712905883789,0.2896043658256531,0.39372244477272034,0.30327796936035156,0.3698846995830536,0.27653878927230835,0.5443685054779053,0.3032579720020294,0.5163873434066772,0.2583407163619995,0.6785590648651123,0.27167901396751404,0.6439398527145386,0.22340020537376404,0.6968438625335693,0.2451286017894745,0.6599653959274292,0.21922707557678223,0.689642071723938,0.2408277690410614,0.6672332882881165,0.22929802536964417,0.6825136542320251,0.25054916739463806,0.6663422584533691
Cat_Cow_Pose (39),Cat,1,0.6676672697067261,0.5464891195297241,0.662598729133606,0.5307097434997559,0.6617469787597656,0.5302557349205017,0.6606823801994324,0.5297684669494629,0.6613554358482361,0.5311808586120605,0.659788966178894,0.531112790107727,0.6580713391304016,0.5308548212051392,0.6469067335128784,0.5374107360839844,0.644542396068573,0.5372336506843567,0.6622646450996399,0.562863826751709,0.6612679958343506,0.56191486120224,0.5997217893600464,0.6320180296897888,0.6021424531936646,0.6352724432945251,0.6036674976348877,0.7850116491317749,0.6057486534118652,0.7960295677185059,0.6099426746368408,0.9262303113937378,0.6093665361404419,0.9409691691398621,0.6253312826156616,0.934938371181488,0.6260188817977905,0.9513214826583862,0.6282186508178711,0.9376986026763916,0.6293020248413086,0.9489140510559082,0.6208128929138184,0.9363117218017578,0.6219440698623657,0.9454083442687988
Cat_Cow_Pose (4),Cat,1,0.29287710785865784,0.432670533657074,0.2998104989528656,0.41609740257263184,0.3027080297470093,0.41563040018081665,0.3059351444244385,0.4149613380432129,0.29873573780059814,0.41492652893066406,0.3004719018936157,0.4137326180934906,0.30261895060539246,0.41223081946372986,0.3273622989654541,0.4190012514591217,0.3260091543197632,0.4143955707550049,0.3041146993637085,0.4527295231819153,0.30276966094970703,0.45101824402809143,0.37134891748428345,0.5262389183044434,0.3929905295372009,0.49354225397109985,0.3389395475387573,0.6908564567565918,0.35885074734687805,0.6604516506195068,0.3065713047981262,0.83479243516922,0.3309997022151947,0.7838647365570068,0.2877682149410248,0.8489275574684143,0.31515032052993774,0.7912381887435913,0.2847975790500641,0.843172013759613,0.3091757893562317,0.8039863705635071,0.2933034300804138,0.8399495482444763,0.31716659665107727,0.8052815198898315
Cat_Cow_Pose (40),Cat,1,0.2738100588321686,0.4085714817047119,0.24888449907302856,0.4032147526741028,0.24623680114746094,0.39772120118141174,0.2436235249042511,0.39191025495529175,0.24892526865005493,0.405437707901001,0.24634552001953125,0.40151840448379517,0.24371212720870972,0.3965640664100647,0.2360161542892456,0.3464532494544983,0.234605073928833,0.3526960015296936,0.28501343727111816,0.3813320994377136,0.2851622998714447,0.38508519530296326,0.30109143257141113,0.30890896916389465,0.287320077419281,0.31623560190200806,0.29086220264434814,0.5431831479072571,0.2814723253250122,0.5266672968864441,0.28190746903419495,0.777604877948761,0.26720142364501953,0.7354503870010376,0.24643510580062866,0.8018964529037476,0.22900637984275818,0.7556136846542358,0.2368936836719513,0.7860994935035706,0.22909104824066162,0.7608848810195923,0.2498132288455963,0.78049635887146,0.2441762387752533,0.7587168216705322
Cat_Cow_Pose (43),Cat,1,0.35597124695777893,0.30827006697654724,0.36785539984703064,0.28901398181915283,0.3705787658691406,0.2883840501308441,0.3733634948730469,0.28775548934936523,0.3682188093662262,0.2879214882850647,0.37093934416770935,0.28645265102386475,0.3740445077419281,0.2848927974700928,0.3922315835952759,0.29643020033836365,0.3933291733264923,0.29346132278442383,0.36546698212623596,0.3302302360534668,0.36543744802474976,0.3295624852180481,0.4424867033958435,0.43061187863349915,0.4648122787475586,0.4058346748352051,0.4391924738883972,0.6252344250679016,0.45272552967071533,0.606177568435669,0.4235566258430481,0.8288068175315857,0.4385336637496948,0.7700003981590271,0.39084377884864807,0.8349924087524414,0.40845733880996704,0.7759231925010681,0.38824552297592163,0.8242816925048828,0.4065634608268738,0.7807146906852722,0.40105268359184265,0.8232488632202148,0.4184761345386505,0.7830209732055664
Cat_Cow_Pose (44),Cat,1,0.11465492844581604,0.4488781988620758,0.0980033278465271,0.4242593050003052,0.09877175092697144,0.42080822587013245,0.09976181387901306,0.4162224531173706,0.09795141220092773,0.4248301386833191,0.09864538908004761,0.4216137230396271,0.09951958060264587,0.41685712337493896,0.12289857864379883,0.38215765357017517,0.12138167023658752,0.38199880719184875,0.13811534643173218,0.44489049911499023,0.13875997066497803,0.44665539264678955,0.26266029477119446,0.40419307351112366,0.26447781920433044,0.40273720026016235,0.2535637319087982,0.6679561734199524,0.2629007399082184,0.6509287357330322,0.22766563296318054,0.8726880550384521,0.2382824718952179,0.8471883535385132,0.1844276785850525,0.8975465297698975,0.20285621285438538,0.864840030670166,0.17069461941719055,0.8892406225204468,0.19699984788894653,0.8729954957962036,0.1911783516407013,0.8853137493133545,0.2125810980796814,0.8721630573272705
Cat_Cow_Pose (49),Cat,1,0.3197513222694397,0.08019240200519562,0.33359354734420776,0.06897155940532684,0.3358311951160431,0.06938031315803528,0.33852338790893555,0.06992486119270325,0.33496367931365967,0.06869153678417206,0.3384113907814026,0.0689157098531723,0.34207791090011597,0.069032683968544,0.3577946126461029,0.08434440195560455,0.3624822199344635,0.0825447291135788,0.32687270641326904,0.10405704379081726,0.32764893770217896,0.10319177806377411,0.3657725155353546,0.18280565738677979,0.4194655120372772,0.16698595881462097,0.37756696343421936,0.3367546796798706,0.4359453618526459,0.3080657124519348,0.3907319903373718,0.48079508543014526,0.43001171946525574,0.43458032608032227,0.3700064420700073,0.4892216920852661,0.4088830351829529,0.44791385531425476,0.3700598478317261,0.48686033487319946,0.40467503666877747,0.448599249124527,0.3771715462207794,0.4871559739112854,0.41300785541534424,0.449303537607193
Cat_Cow_Pose (5),Cat,1,0.2725077271461487,0.12985551357269287,0.2915251851081848,0.12543818354606628,0.294164776802063,0.12789136171340942,0.2970567047595978,0.13078144192695618,0.29075583815574646,0.12327790260314941,0.29293087124824524,0.12417775392532349,0.2953558564186096,0.12550455331802368,0.3131040930747986,0.16616496443748474,0.3112289607524872,0.15977051854133606,0.26498305797576904,0.16398710012435913,0.26420220732688904,0.15816375613212585,0.31617218255996704,0.3265310525894165,0.3324338495731354,0.30278897285461426,0.3031209111213684,0.574216365814209,0.3073861598968506,0.550352931022644,0.2936263680458069,0.8042399883270264,0.30041322112083435,0.7541192770004272,0.2620774507522583,0.8119275569915771,0.2748483121395111,0.7636200189590454,0.25972405076026917,0.8055298924446106,0.2718407213687897,0.7715985178947449,0.27048808336257935,0.8038592338562012,0.2829091250896454,0.7720694541931152
Cat_Cow_Pose (56),Cat,1,0.1698128879070282,0.3154979348182678,0.15706118941307068,0.286085307598114,0.15831175446510315,0.28274548053741455,0.1595803201198578,0.27914702892303467,0.1570243537425995,0.2859663963317871,0.1581369936466217,0.28235340118408203,0.15925654768943787,0.2778242826461792,0.18190571665763855,0.25236931443214417,0.1810133457183838,0.2490261197090149,0.18945318460464478,0.31959688663482666,0.19047847390174866,0.32107123732566833,0.2867928743362427,0.32846599817276,0.3127230405807495,0.2944772243499756,0.29588794708251953,0.5855273008346558,0.3164968490600586,0.5262541770935059,0.28211259841918945,0.807636022567749,0.29806408286094666,0.7110483646392822,0.24535658955574036,0.8279590606689453,0.26858580112457275,0.7190572023391724,0.24145260453224182,0.8087800741195679,0.2646351456642151,0.7302320003509521,0.25422215461730957,0.8034942746162415,0.2753196060657501,0.7352719902992249
Cat_Cow_Pose (57),Cat,1,0.22513054311275482,0.4832737445831299,0.2239987552165985,0.456779420375824,0.2254800796508789,0.4541628658771515,0.22713060677051544,0.4514527916908264,0.22336548566818237,0.4575645625591278,0.22439152002334595,0.455476850271225,0.22564363479614258,0.4530331492424011,0.2469421625137329,0.44139137864112854,0.2446805238723755,0.4421125054359436,0.2367643415927887,0.49061319231987,0.23582342267036438,0.49120548367500305,0.32308340072631836,0.5199790596961975,0.3340156376361847,0.4906909763813019,0.3217957615852356,0.7127060294151306,0.3231697976589203,0.6832112073898315,0.3036673963069916,0.8852724432945251,0.3063212037086487,0.8483777642250061,0.278192400932312,0.9112876653671265,0.2776647210121155,0.8563716411590576,0.2721344828605652,0.8994413614273071,0.27570605278015137,0.8618360757827759,0.28269946575164795,0.8941313028335571,0.287811815738678,0.8637633919715881
Cat_Cow_Pose (58),Cat,1,0.7944011688232422,0.4945884346961975,0.8160526752471924,0.4788138270378113,0.8169004917144775,0.4758003056049347,0.8179532885551453,0.4720801115036011,0.8163493275642395,0.47594818472862244,0.8171306848526001,0.471445232629776,0.8180533647537231,0.46613553166389465,0.8123348951339722,0.4290098249912262,0.8124804496765137,0.43168947100639343,0.7718643546104431,0.4821603000164032,0.7718149423599243,0.47753795981407166,0.7048077583312988,0.39327096939086914,0.7326762676239014,0.427647203207016,0.7241418361663818,0.5943865180015564,0.740426778793335,0.6750332117080688,0.7551397681236267,0.7693495750427246,0.7761054039001465,0.9036461114883423,0.7836465239524841,0.7716155648231506,0.8153541088104248,0.9283326864242554,0.7866696119308472,0.779100775718689,0.8214823007583618,0.9137867093086243,0.7773019075393677,0.7833094596862793,0.8062222003936768,0.906833291053772
Cat_Cow_Pose (59),Cat,1,0.7480396032333374,0.4919915497303009,0.770298957824707,0.5074788331985474,0.7731894254684448,0.5066100358963013,0.7766243815422058,0.5054085850715637,0.7722334265708923,0.5070948600769043,0.7760975360870361,0.5063474178314209,0.7800582051277161,0.5055665969848633,0.7994367480278015,0.4797963500022888,0.7991445064544678,0.48191431164741516,0.745192289352417,0.46976137161254883,0.7469815611839294,0.46765831112861633,0.7551600933074951,0.38249915838241577,0.7695422172546387,0.40805375576019287,0.7478333711624146,0.5968607664108276,0.7688292264938354,0.6556410193443298,0.7876856327056885,0.7946341037750244,0.8130449056625366,0.8809952139854431,0.8215464353561401,0.8044766187667847,0.8542924523353577,0.9015618562698364,0.8246009349822998,0.8113868236541748,0.8594462871551514,0.8933738470077515,0.8124904632568359,0.8129837512969971,0.8459204435348511,0.8858727812767029
Cat_Cow_Pose (62),Cat,1,0.7302469611167908,0.717555820941925,0.7378650307655334,0.7081817388534546,0.7377192378044128,0.7068784832954407,0.7377715110778809,0.7054613828659058,0.7380204796791077,0.7077460289001465,0.737949550151825,0.7060249447822571,0.7380265593528748,0.7040525078773499,0.7274354100227356,0.6898871064186096,0.7271168231964111,0.6834836006164551,0.715139627456665,0.7162908315658569,0.7152411937713623,0.7158204913139343,0.6522745490074158,0.6775090098381042,0.6641480326652527,0.6811739802360535,0.6527276039123535,0.7762053608894348,0.6727156043052673,0.7925447225570679,0.6735255718231201,0.8639316558837891,0.6868676543235779,0.891094982624054,0.6999969482421875,0.8736613988876343,0.7147552967071533,0.9017554521560669,0.7048512101173401,0.8775036334991455,0.7189452052116394,0.8990991115570068,0.6923776268959045,0.8759806156158447,0.7078008651733398,0.8951197266578674
Cat_Cow_Pose (65),Cat,1,0.30229297280311584,0.32703864574432373,0.30658406019210815,0.3092426359653473,0.30844295024871826,0.30889761447906494,0.31045788526535034,0.30846118927001953,0.30625081062316895,0.3086237907409668,0.3077489137649536,0.3077859878540039,0.30957216024398804,0.3065720796585083,0.32702332735061646,0.31163424253463745,0.32670992612838745,0.30889999866485596,0.3108981251716614,0.34403300285339355,0.31007200479507446,0.34287166595458984,0.3597896099090576,0.40097755193710327,0.38537997007369995,0.3855447471141815,0.3565835952758789,0.5547621250152588,0.38569948077201843,0.5291615724563599,0.3492235243320465,0.6848449110984802,0.3768652081489563,0.6517266035079956,0.33624905347824097,0.7040513157844543,0.36447885632514954,0.6670562028884888,0.33426374197006226,0.7032768726348877,0.3639962077140808,0.6705358028411865,0.3420836329460144,0.6987771987915039,0.36976194381713867,0.6694177389144897
Cat_Cow_Pose (68),Cat,1,0.2459140121936798,0.5851559042930603,0.24552637338638306,0.5687863826751709,0.2470512092113495,0.5675833821296692,0.24873772263526917,0.5660401582717896,0.24520379304885864,0.569401741027832,0.24635103344917297,0.5687050223350525,0.24750712513923645,0.5676406025886536,0.2672043740749359,0.562120258808136,0.2652576267719269,0.5607610940933228,0.2599984109401703,0.5975885987281799,0.25956210494041443,0.5976940393447876,0.3275449872016907,0.6336622834205627,0.34493759274482727,0.6226868629455566,0.31624162197113037,0.7921724915504456,0.336063027381897,0.7723712921142578,0.29934167861938477,0.921556830406189,0.32470518350601196,0.8857253193855286,0.2709476053714752,0.9314799308776855,0.30654650926589966,0.8857108354568481,0.26986756920814514,0.9247946739196777,0.3017809987068176,0.8929077386856079,0.2816283106803894,0.9220935106277466,0.30971473455429077,0.8961469531059265
Cat_Cow_Pose (72),Cat,1,0.25306040048599243,0.3411259055137634,0.24780604243278503,0.31888341903686523,0.24901488423347473,0.3173127770423889,0.25026071071624756,0.31565773487091064,0.24815237522125244,0.3182036280632019,0.24949178099632263,0.31612956523895264,0.2508607804775238,0.3138853907585144,0.2684823274612427,0.3051784634590149,0.26825612783432007,0.30319222807884216,0.2689279615879059,0.34732887148857117,0.26898592710494995,0.3468031585216522,0.3563537001609802,0.3626975119113922,0.38095754384994507,0.3381921648979187,0.36794906854629517,0.5634045600891113,0.3927809000015259,0.531265139579773,0.3584212064743042,0.7429567575454712,0.37801164388656616,0.6861392259597778,0.32898369431495667,0.7604048252105713,0.35412582755088806,0.6937559247016907,0.32366877794265747,0.7474462985992432,0.3496837019920349,0.6984196901321411,0.33523258566856384,0.7413270473480225,0.35892540216445923,0.7019035816192627
Cat_Cow_Pose (74),Cat,1,0.3971211612224579,0.4888341724872589,0.3817598819732666,0.4932398796081543,0.37894195318222046,0.4897838532924652,0.37563320994377136,0.48601821064949036,0.38427335023880005,0.49646326899528503,0.3837750256061554,0.4951353669166565,0.3828836977481842,0.4938613176345825,0.35123491287231445,0.45807701349258423,0.3657587468624115,0.4690256416797638,0.397956907749176,0.4653152525424957,0.40174925327301025,0.46952980756759644,0.3488002419471741,0.3851589858531952,0.3924447298049927,0.3857419192790985,0.33469030261039734,0.6140123605728149,0.37456485629081726,0.5887535214424133,0.296875,0.8497753143310547,0.362588107585907,0.7698154449462891,0.24923619627952576,0.8682864308357239,0.3268953263759613,0.7730156183242798,0.24752876162528992,0.8553358316421509,0.32077115774154663,0.7791622877120972,0.2648168206214905,0.8476225137710571,0.3356451094150543,0.7843958139419556
Cat_Cow_Pose (78),Cat,1,0.7738552093505859,0.45798277854919434,0.7913716435432434,0.46266189217567444,0.7936410903930664,0.46161705255508423,0.7960640788078308,0.4603745639324188,0.7924859523773193,0.45903366804122925,0.7954967021942139,0.4557855427265167,0.798547089099884,0.45255663990974426,0.8126046657562256,0.4258127510547638,0.81337970495224,0.4220195412635803,0.7676592469215393,0.4404381215572357,0.7681899070739746,0.4353300929069519,0.7857532501220703,0.36569058895111084,0.7710440158843994,0.37270388007164,0.7681179046630859,0.5532486438751221,0.7595797777175903,0.5806705951690674,0.7716711759567261,0.7586759328842163,0.7681844234466553,0.8010218143463135,0.7999637126922607,0.7749120593070984,0.80251544713974,0.8225136995315552,0.8047080039978027,0.78043133020401,0.8135935068130493,0.8138866424560547,0.7929677963256836,0.7783582210540771,0.7995724678039551,0.808497965335846
Cat_Cow_Pose (81),Cat,1,0.2905236482620239,0.41135478019714355,0.2802794277667999,0.40080827474594116,0.2830916941165924,0.3976045250892639,0.28583088517189026,0.39423149824142456,0.27160170674324036,0.4019598364830017,0.26906895637512207,0.3994362950325012,0.2666192054748535,0.39686357975006104,0.2988566756248474,0.3590882420539856,0.2749898135662079,0.3667311668395996,0.3117046654224396,0.3965901732444763,0.3070768713951111,0.39880624413490295,0.4672998785972595,0.34191253781318665,0.3139360547065735,0.3170004189014435,0.48468390107154846,0.5069500207901001,0.2844560444355011,0.45211589336395264,0.49510666728019714,0.6742832660675049,0.23398050665855408,0.5769577026367188,0.5095534920692444,0.7086057066917419,0.1926327347755432,0.5920608043670654,0.4901856482028961,0.7124204635620117,0.20222479104995728,0.5974886417388916,0.4849402606487274,0.7010834217071533,0.22216561436653137,0.5924332737922668
Cat_Cow_Pose (82),Cat,1,0.28151726722717285,0.5049475431442261,0.26060381531715393,0.5140371322631836,0.25733423233032227,0.5132089257240295,0.2529957890510559,0.5123344659805298,0.2605944573879242,0.5132328271865845,0.25752273201942444,0.5119674205780029,0.25430241227149963,0.5106059312820435,0.23142153024673462,0.4957771301269531,0.23380306363105774,0.49465712904930115,0.2828258275985718,0.4853888750076294,0.2825843095779419,0.48565995693206787,0.24588757753372192,0.43438610434532166,0.25817355513572693,0.4158382713794708,0.24507391452789307,0.5821709632873535,0.2658421993255615,0.5503551959991455,0.22753199934959412,0.731177806854248,0.24806839227676392,0.6769067049026489,0.19371357560157776,0.750346302986145,0.2144448161125183,0.6867015361785889,0.1835813820362091,0.7400906085968018,0.2089059054851532,0.6936030387878418,0.19535517692565918,0.7356003522872925,0.220834881067276,0.691623330116272
Cat_Cow_Pose (88),Cat,1,0.28108587861061096,0.5112598538398743,0.2823958396911621,0.4912413954734802,0.28411221504211426,0.49035829305648804,0.28586459159851074,0.489165723323822,0.28180187940597534,0.4910300374031067,0.28294306993484497,0.49010974168777466,0.28406858444213867,0.4888724088668823,0.30442187190055847,0.4873845875263214,0.30170032382011414,0.48554331064224243,0.2926523983478546,0.5269660949707031,0.29183506965637207,0.5259897708892822,0.35033464431762695,0.5806971788406372,0.3690313994884491,0.5641764998435974,0.33833587169647217,0.7572026252746582,0.3641132712364197,0.7261869311332703,0.30517691373825073,0.9021247029304504,0.3346445560455322,0.8581057786941528,0.2781298756599426,0.9125562310218811,0.3148426413536072,0.8645052909851074,0.27926746010780334,0.9033205509185791,0.31053173542022705,0.8702703714370728,0.2889612019062042,0.9015614986419678,0.3182855248451233,0.8719323873519897
Cat_Cow_Pose (89),Cat,1,0.12354308366775513,0.18058830499649048,0.1478947103023529,0.15962457656860352,0.1514814794063568,0.1632089614868164,0.15370869636535645,0.16664502024650574,0.1503097414970398,0.15529140830039978,0.15445858240127563,0.15571072697639465,0.15772587060928345,0.1568155586719513,0.1771877408027649,0.19839930534362793,0.18211787939071655,0.19293668866157532,0.12413665652275085,0.21454843878746033,0.126530259847641,0.2108522653579712,0.20698943734169006,0.41126689314842224,0.2336600124835968,0.3665427565574646,0.25751179456710815,0.6636626720428467,0.2583922743797302,0.612822949886322,0.30242758989334106,0.8853954076766968,0.2744118273258209,0.8090096712112427,0.2645486295223236,0.9086583852767944,0.24096360802650452,0.8220571279525757,0.25756099820137024,0.9023500680923462,0.24347984790802002,0.8307759761810303,0.2740897834300995,0.8910512924194336,0.25963860750198364,0.8314584493637085
Cat_Cow_Pose (91),Cat,1,0.30459585785865784,0.4962419271469116,0.2918853461742401,0.4919832646846771,0.2909388542175293,0.4894198179244995,0.2899649143218994,0.4866834282875061,0.29189473390579224,0.4918934404850006,0.2910321056842804,0.4893302619457245,0.2901068925857544,0.4865304231643677,0.2876957654953003,0.463489830493927,0.2890640199184418,0.4645828902721405,0.31380993127822876,0.48420608043670654,0.31384074687957764,0.48473119735717773,0.3203401565551758,0.44240689277648926,0.33791297674179077,0.42925363779067993,0.32480427622795105,0.5824516415596008,0.3441409468650818,0.5627858638763428,0.32966190576553345,0.7119255661964417,0.34935832023620605,0.6791443228721619,0.31591320037841797,0.7324526906013489,0.3340407907962799,0.6963358521461487,0.31411537528038025,0.727231502532959,0.3310067057609558,0.7011513710021973,0.3199012875556946,0.72413170337677,0.33860713243484497,0.6985712051391602
Cat_Cow_Pose (93),Cat,1,0.2911979556083679,0.429293155670166,0.2713405191898346,0.437747597694397,0.26847171783447266,0.43517008423805237,0.2652037739753723,0.43238773941993713,0.2720206379890442,0.43848419189453125,0.26969805359840393,0.43689054250717163,0.266966313123703,0.4352681636810303,0.24551671743392944,0.3977535367012024,0.2471785545349121,0.4045603573322296,0.2920765280723572,0.40633368492126465,0.2937625050544739,0.4085080623626709,0.25837746262550354,0.3407287001609802,0.2624165117740631,0.3381991982460022,0.2527967393398285,0.5774673819541931,0.25883522629737854,0.5554350018501282,0.2105126976966858,0.7985641956329346,0.2246081829071045,0.7491633892059326,0.16944453120231628,0.8194559812545776,0.18583792448043823,0.7717533707618713,0.16295236349105835,0.8084888458251953,0.18275082111358643,0.7748433947563171,0.1782638132572174,0.8028421401977539,0.19784170389175415,0.7729954719543457
Cat_Cow_Pose (94),Cat,1,0.7459649443626404,0.27238109707832336,0.7310199737548828,0.26246777176856995,0.7291953563690186,0.26333093643188477,0.7272320985794067,0.2642751634120941,0.7284137010574341,0.26434090733528137,0.7248612642288208,0.266391783952713,0.7205256223678589,0.268800288438797,0.7031254172325134,0.28699976205825806,0.698219358921051,0.29117172956466675,0.7451211214065552,0.2975935935974121,0.7428631782531738,0.2997492551803589,0.657288670539856,0.42971229553222656,0.6537199020385742,0.44321587681770325,0.6750935912132263,0.6297504901885986,0.6477246880531311,0.6614166498184204,0.674487829208374,0.829204261302948,0.6742575168609619,0.8629885911941528,0.7076612710952759,0.8384443521499634,0.707878589630127,0.8747960329055786,0.7113633155822754,0.8427080512046814,0.7122318744659424,0.8673108816146851,0.6979962587356567,0.8411478996276855,0.7017617225646973,0.8641883730888367
Downward-Facing_Dog_posejpg (100),Downward-Facing_Dog,2,0.2794650197029114,0.4226675033569336,0.2731696367263794,0.4596467614173889,0.27539899945259094,0.4599241614341736,0.2783472537994385,0.4611330032348633,0.26040226221084595,0.4559099078178406,0.2615480422973633,0.45448315143585205,0.2624562084674835,0.4534274637699127,0.29993492364883423,0.42250189185142517,0.28755614161491394,0.402795672416687,0.286721408367157,0.4384271204471588,0.2878952622413635,0.4023869037628174,0.35138580203056335,0.3804634213447571,0.3101082146167755,0.3457476496696472,0.29585346579551697,0.5940428972244263,0.18881765007972717,0.5144484043121338,0.21160763502120972,0.7514220476150513,0.07137221097946167,0.6900324821472168,0.19876566529273987,0.7780279517173767,0.06616485118865967,0.7357747554779053,0.16476041078567505,0.7555515766143799,0.06644821166992188,0.7341124415397644,0.18645820021629333,0.7544386386871338,0.05429196357727051,0.6958492994308472
Downward-Facing_Dog_posejpg (124),Downward-Facing_Dog,2,0.6090605854988098,0.7398064136505127,0.6184350252151489,0.7458540797233582,0.6192550659179688,0.744874119758606,0.6201444864273071,0.7436983585357666,0.6190460920333862,0.7431387305259705,0.6203889846801758,0.7404488325119019,0.6217288374900818,0.737598180770874,0.6273660063743591,0.714486837387085,0.6266450881958008,0.7123467922210693,0.6053470373153687,0.7215971350669861,0.6064466238021851,0.7183014154434204,0.6241592168807983,0.621168851852417,0.6216276288032532,0.63775634765625,0.6741471290588379,0.7318081855773926,0.6822227835655212,0.7594425678253174,0.7299231290817261,0.8151440620422363,0.7651966214179993,0.8605401515960693,0.7499889731407166,0.8201487064361572,0.7924545407295227,0.8737279176712036,0.750260591506958,0.8249925374984741,0.7933852672576904,0.8695363402366638,0.7448185086250305,0.8258697986602783,0.7831637859344482,0.8640919923782349
Downward-Facing_Dog_posejpg (135),Downward-Facing_Dog,2,0.6063591241836548,0.6236034631729126,0.6251201033592224,0.6327682733535767,0.6270055770874023,0.6313245892524719,0.629450798034668,0.6294710040092468,0.6274684071540833,0.6313337683677673,0.6304975152015686,0.6293174028396606,0.6338951587677002,0.6270713806152344,0.6483399271965027,0.6002672910690308,0.6499192118644714,0.6017996072769165,0.604651689529419,0.5976133346557617,0.6075040102005005,0.5945687294006348,0.6457504034042358,0.492665559053421,0.6470973491668701,0.5257928371429443,0.7268632054328918,0.6227293014526367,0.7287867665290833,0.6659467816352844,0.8392966985702515,0.7122185826301575,0.8638228178024292,0.7737421989440918,0.8705359697341919,0.7024425864219666,0.9077290296554565,0.7899215817451477,0.8698645234107971,0.7045912742614746,0.9093941450119019,0.7735421657562256,0.8597714900970459,0.707452118396759,0.8930155634880066,0.7652602791786194
Downward-Facing_Dog_posejpg (159),Downward-Facing_Dog,2,0.33478447794914246,0.5388159155845642,0.31667378544807434,0.5360352396965027,0.31642308831214905,0.5345666408538818,0.3162194788455963,0.5329755544662476,0.31679388880729675,0.5360236167907715,0.3165813982486725,0.5346594452857971,0.3162800967693329,0.5331666469573975,0.3230589032173157,0.514629602432251,0.32190820574760437,0.5145052075386047,0.35057735443115234,0.5298227071762085,0.3513478934764862,0.5299714803695679,0.38094186782836914,0.48633891344070435,0.3857199549674988,0.4788641929626465,0.280038446187973,0.5525926351547241,0.28688254952430725,0.5419853925704956,0.16337156295776367,0.6125958561897278,0.18865996599197388,0.5955991744995117,0.1296282708644867,0.619823694229126,0.15459385514259338,0.6025115251541138,0.12498843669891357,0.614630937576294,0.1514272391796112,0.6017220616340637,0.1343976855278015,0.6129223108291626,0.16362860798835754,0.5995693802833557
Downward-Facing_Dog_posejpg (167),Downward-Facing_Dog,2,0.5576647520065308,0.7784441709518433,0.5625303983688354,0.7835756540298462,0.5629622936248779,0.7833138704299927,0.5634943842887878,0.7830141186714172,0.5637947916984558,0.7836432456970215,0.5649356245994568,0.7834808826446533,0.5663134455680847,0.7830256223678589,0.5688155889511108,0.7755249738693237,0.570824146270752,0.7766695618629456,0.5568659901618958,0.7702071666717529,0.5581854581832886,0.7699601054191589,0.5667920112609863,0.7316445112228394,0.5735119581222534,0.7412290573120117,0.5949302911758423,0.7784868478775024,0.6051291823387146,0.7968319654464722,0.6227683424949646,0.8065172433853149,0.643584668636322,0.8349086046218872,0.6357965469360352,0.8079086542129517,0.660193145275116,0.8440347909927368,0.6361411809921265,0.8079588413238525,0.6586179137229919,0.8352092504501343,0.6325870752334595,0.8087844848632812,0.6551841497421265,0.8333190679550171
Downward-Facing_Dog_posejpg (169),Downward-Facing_Dog,2,0.5881751179695129,0.6735196709632874,0.6060600280761719,0.6786137223243713,0.607336699962616,0.677177906036377,0.6090162396430969,0.6751896739006042,0.6085752248764038,0.6764929294586182,0.6114485263824463,0.673680305480957,0.6146814823150635,0.6704859733581543,0.623577356338501,0.6461656093597412,0.6263535022735596,0.6458370685577393,0.5839323997497559,0.6544569730758667,0.5867189168930054,0.6516220569610596,0.6044824719429016,0.578344464302063,0.616513192653656,0.5864282846450806,0.6715913414955139,0.6958380341529846,0.6892166137695312,0.7072102427482605,0.7762984037399292,0.7807278633117676,0.8235371112823486,0.825221061706543,0.8090356588363647,0.7937970161437988,0.8584837913513184,0.8421361446380615,0.8094445466995239,0.7948296070098877,0.8606249094009399,0.8365281820297241,0.8019738793373108,0.7942432165145874,0.84816974401474,0.8304151296615601
Downward-Facing_Dog_posejpg (171),Downward-Facing_Dog,2,0.4556449055671692,0.41543442010879517,0.4325186610221863,0.41921162605285645,0.4294055700302124,0.41901564598083496,0.4267522692680359,0.41868072748184204,0.4322317838668823,0.41909968852996826,0.4294094443321228,0.4187988042831421,0.4266793727874756,0.41853755712509155,0.4104316830635071,0.4108468294143677,0.41037559509277344,0.41149723529815674,0.453447163105011,0.4073333740234375,0.45503556728363037,0.40721166133880615,0.4181150794029236,0.376070499420166,0.42171674966812134,0.3697628378868103,0.2868463695049286,0.43003761768341064,0.3067054748535156,0.42093372344970703,0.14534321427345276,0.4736364483833313,0.1978057622909546,0.44684597849845886,0.11035257577896118,0.4771707057952881,0.1534639596939087,0.44934672117233276,0.10154896974563599,0.4746725559234619,0.14899376034736633,0.45010966062545776,0.1147013008594513,0.473494291305542,0.1617608666419983,0.4519735276699066
Downward-Facing_Dog_posejpg (183),Downward-Facing_Dog,2,0.5914303064346313,0.6706514954566956,0.6098120212554932,0.6698834896087646,0.6107991933822632,0.66738361120224,0.6119672656059265,0.6643978953361511,0.6103575825691223,0.6680022478103638,0.6116292476654053,0.6645598411560059,0.612937331199646,0.6607038974761963,0.6165403723716736,0.6275840997695923,0.6135985851287842,0.6278983354568481,0.5823032259941101,0.6512163877487183,0.5838222503662109,0.6498196721076965,0.5934309363365173,0.5606123805046082,0.5786240100860596,0.5741095542907715,0.6488882303237915,0.6959981918334961,0.6394653916358948,0.7053394913673401,0.7140125036239624,0.8013575077056885,0.724153995513916,0.8470097780227661,0.7469495534896851,0.8151625394821167,0.7511388659477234,0.8619190454483032,0.748769998550415,0.8199204206466675,0.7545710206031799,0.8537603616714478,0.7386138439178467,0.8174554109573364,0.7469593286514282,0.8504486083984375
Downward-Facing_Dog_posejpg (199),Downward-Facing_Dog,2,0.5362546443939209,0.5708322525024414,0.5480870604515076,0.5788633227348328,0.5492552518844604,0.578356146812439,0.5508666038513184,0.5774820446968079,0.5501489043235779,0.5769847631454468,0.5526378750801086,0.5752800703048706,0.5550565719604492,0.573448657989502,0.5623295307159424,0.5583019852638245,0.5631365776062012,0.5572856068611145,0.5322054624557495,0.5566655993461609,0.5347567796707153,0.5533044934272766,0.5555853843688965,0.48935070633888245,0.555019736289978,0.49269169569015503,0.6002867817878723,0.5739387273788452,0.5956026315689087,0.5920934677124023,0.660219669342041,0.6375521421432495,0.672759473323822,0.669834554195404,0.6837005019187927,0.6407254934310913,0.6968194246292114,0.6844203472137451,0.6867504119873047,0.6458972692489624,0.7000768184661865,0.6760333776473999,0.6786012053489685,0.6445290446281433,0.6923760175704956,0.6719745397567749
Downward-Facing_Dog_posejpg (28),Downward-Facing_Dog,2,0.6950360536575317,0.5271581411361694,0.7174060344696045,0.5221356749534607,0.7185156941413879,0.5207335948944092,0.719475269317627,0.5192404985427856,0.7165133357048035,0.5213084816932678,0.7170847058296204,0.5194566249847412,0.7174506187438965,0.517587423324585,0.7127882838249207,0.4997788071632385,0.7095214128494263,0.5010755658149719,0.676552951335907,0.5184338092803955,0.6768828630447388,0.5169004201889038,0.6379919648170471,0.4543866515159607,0.6377459168434143,0.4661387801170349,0.7205381393432617,0.5571379661560059,0.7190265655517578,0.577430248260498,0.8137597441673279,0.6270854473114014,0.8462696075439453,0.6695796251296997,0.8509985208511353,0.6260120868682861,0.8889289498329163,0.6754896640777588,0.8560348749160767,0.6290016174316406,0.9009220004081726,0.6697483062744141,0.8447649478912354,0.6308372020721436,0.8880367875099182,0.6663961410522461
Downward-Facing_Dog_posejpg (29),Downward-Facing_Dog,2,0.6672487258911133,0.5369284152984619,0.6908262968063354,0.5327603816986084,0.6910833716392517,0.531265377998352,0.691628098487854,0.5295463800430298,0.6911696791648865,0.5318037271499634,0.6922466158866882,0.5296170711517334,0.6927976012229919,0.527645468711853,0.684097170829773,0.5109625458717346,0.6843240857124329,0.510856568813324,0.6462920904159546,0.526511549949646,0.6483220458030701,0.5252858400344849,0.6042370796203613,0.4646177887916565,0.6139012575149536,0.4732735753059387,0.6846917867660522,0.5645014643669128,0.692453920841217,0.5731685161590576,0.7793986797332764,0.6384928226470947,0.8145860433578491,0.6769527196884155,0.8125755786895752,0.6430953145027161,0.8558252453804016,0.6866028904914856,0.8180197477340698,0.6439825296401978,0.863340437412262,0.6811153888702393,0.8103514313697815,0.6450525522232056,0.8503261804580688,0.6773414611816406
Downward-Facing_Dog_posejpg (30),Downward-Facing_Dog,2,0.6512614488601685,0.7245128750801086,0.66628497838974,0.7202597856521606,0.6665344834327698,0.71888267993927,0.6667712926864624,0.7177186012268066,0.6646689176559448,0.7227618098258972,0.663654088973999,0.7234238386154175,0.6628544330596924,0.7238806486129761,0.6549786329269409,0.7108618021011353,0.6474211812019348,0.7190677523612976,0.6323486566543579,0.719119668006897,0.6315504908561707,0.7220672369003296,0.6048829555511475,0.6777353882789612,0.5863769054412842,0.7161479592323303,0.7077036499977112,0.7223456501960754,0.6805347204208374,0.7876170873641968,0.7985785603523254,0.7350673675537109,0.8097096681594849,0.8358174562454224,0.8299956321716309,0.7333680987358093,0.8459573984146118,0.8450199961662292,0.8238222599029541,0.7412587404251099,0.8536105155944824,0.8393428325653076,0.8156741857528687,0.744137167930603,0.8437337875366211,0.8351642489433289
Downward-Facing_Dog_posejpg (32),Downward-Facing_Dog,2,0.39963215589523315,0.12629103660583496,0.38722243905067444,0.12751999497413635,0.38576823472976685,0.12701515853405,0.38448652625083923,0.1265171766281128,0.3887452483177185,0.1279258131980896,0.388308048248291,0.1277185082435608,0.38783958554267883,0.12753811478614807,0.3769097626209259,0.12062251567840576,0.38031676411628723,0.12169729173183441,0.4005342125892639,0.12159077823162079,0.40255844593048096,0.12233629822731018,0.3857141137123108,0.10002250969409943,0.4013029932975769,0.10001780092716217,0.33072856068611145,0.12996789813041687,0.35474395751953125,0.1296669840812683,0.25259026885032654,0.1553618311882019,0.30876362323760986,0.15640471875667572,0.22582510113716125,0.1590980440378189,0.2927042245864868,0.15925054252147675,0.22165420651435852,0.15803371369838715,0.2874195873737335,0.15875829756259918,0.23341500759124756,0.1566874384880066,0.2943729758262634,0.1589406132698059
Downward-Facing_Dog_posejpg (33),Downward-Facing_Dog,2,0.6548013687133789,0.7329582571983337,0.6636516451835632,0.7242822051048279,0.6636655330657959,0.7222686409950256,0.6636406779289246,0.7200329303741455,0.6627084016799927,0.7234500646591187,0.6621538400650024,0.7210018634796143,0.6616271138191223,0.7184057235717773,0.6584819555282593,0.694055438041687,0.657744288444519,0.695140540599823,0.6444308161735535,0.7236873507499695,0.6442506313323975,0.7220767736434937,0.6305646300315857,0.6576821208000183,0.6264550685882568,0.6754682064056396,0.6503364443778992,0.7655969262123108,0.6484310626983643,0.8020856380462646,0.6844981908798218,0.8333280086517334,0.6930999159812927,0.893108606338501,0.7021161317825317,0.8300498127937317,0.7132201194763184,0.9085016250610352,0.7049428820610046,0.8358727693557739,0.7171893119812012,0.893622875213623,0.6993674039840698,0.8389285802841187,0.7107226848602295,0.8859109878540039
Downward-Facing_Dog_posejpg (38),Downward-Facing_Dog,2,0.6052194833755493,0.7583732604980469,0.6225360035896301,0.7654252052307129,0.6248798370361328,0.7636338472366333,0.6273219585418701,0.7614095211029053,0.622200608253479,0.7646764516830444,0.6241902709007263,0.7627938985824585,0.6260955929756165,0.7606128454208374,0.6435534954071045,0.7348301410675049,0.6364641189575195,0.7387487888336182,0.6031851172447205,0.7352001667022705,0.6026368737220764,0.7337853312492371,0.6430213451385498,0.6268486976623535,0.6296364068984985,0.6562620997428894,0.7265210151672363,0.7480264902114868,0.723537266254425,0.7758150696754456,0.8230376243591309,0.8151836395263672,0.8516092300415039,0.860702395439148,0.8571081161499023,0.8175281882286072,0.8859817981719971,0.8695295453071594,0.8630699515342712,0.8289532661437988,0.890239953994751,0.8622443675994873,0.8487159013748169,0.8284014463424683,0.876211404800415,0.8589965105056763
Downward-Facing_Dog_posejpg (39),Downward-Facing_Dog,2,0.36512428522109985,0.7648712396621704,0.34205710887908936,0.7690455317497253,0.338657021522522,0.7652922868728638,0.3352515995502472,0.7611732482910156,0.34460729360580444,0.7710047960281372,0.34308934211730957,0.7691733837127686,0.3414771556854248,0.7671934366226196,0.32128646969795227,0.7256690263748169,0.32949283719062805,0.7337365746498108,0.3642801344394684,0.7396387457847595,0.36823904514312744,0.7434420585632324,0.34619224071502686,0.6330963373184204,0.36680901050567627,0.638460636138916,0.2563507556915283,0.7827224731445312,0.2903059124946594,0.7657670974731445,0.11919274926185608,0.887336015701294,0.2075488269329071,0.852685272693634,0.08250272274017334,0.8938775062561035,0.16341915726661682,0.8700177669525146,0.07906222343444824,0.8879915475845337,0.16559770703315735,0.8602020144462585,0.09120291471481323,0.8878531455993652,0.16844886541366577,0.8620725274085999
Downward-Facing_Dog_posejpg (41),Downward-Facing_Dog,2,0.4787280559539795,0.5681707859039307,0.4887811541557312,0.5793646574020386,0.4900795817375183,0.5784945487976074,0.4917563498020172,0.5774905681610107,0.48856598138809204,0.5787572860717773,0.48972010612487793,0.577200174331665,0.4912150502204895,0.575362503528595,0.5078233480453491,0.5533357262611389,0.504457950592041,0.5504691004753113,0.47835594415664673,0.5443915128707886,0.4788125455379486,0.543752908706665,0.5371654033660889,0.45656725764274597,0.4997653365135193,0.4669370651245117,0.5962809324264526,0.5729529857635498,0.5503190755844116,0.6013393998146057,0.6834543347358704,0.6649110317230225,0.6459293365478516,0.7231170535087585,0.7209139466285706,0.6724106669425964,0.6738647818565369,0.7486051321029663,0.7165327072143555,0.6835556030273438,0.683820366859436,0.7360748648643494,0.7033379077911377,0.6851024031639099,0.6735032796859741,0.7259989976882935
Downward-Facing_Dog_posejpg (43),Downward-Facing_Dog,2,0.43138524889945984,0.5528541207313538,0.4182436466217041,0.5569843649864197,0.4159582853317261,0.5556922554969788,0.4136590361595154,0.5543480515480042,0.4199477732181549,0.5577824115753174,0.4190285801887512,0.5572233200073242,0.41816067695617676,0.5567507147789001,0.4017334580421448,0.5381073951721191,0.4104982018470764,0.5452499389648438,0.43303704261779785,0.5411991477012634,0.4356326460838318,0.5423793792724609,0.4090449810028076,0.4922114908695221,0.4351409077644348,0.5135595202445984,0.36393487453460693,0.5857554078102112,0.42906999588012695,0.6084263920783997,0.3179987668991089,0.6796935796737671,0.3858734369277954,0.6839190721511841,0.30177924036979675,0.6965733170509338,0.3691193759441376,0.6927390694618225,0.29916414618492126,0.6932594776153564,0.3609715402126312,0.6906708478927612,0.30680176615715027,0.6889484524726868,0.3662773370742798,0.6891580820083618
Downward-Facing_Dog_posejpg (53),Downward-Facing_Dog,2,0.5591903924942017,0.43415969610214233,0.5727017521858215,0.43395644426345825,0.5741177797317505,0.4330761432647705,0.575624942779541,0.4321823716163635,0.573004961013794,0.43282854557037354,0.5743979811668396,0.4314499795436859,0.5755877494812012,0.4302506148815155,0.5830731391906738,0.4178730845451355,0.5794616341590881,0.4184614419937134,0.5550651550292969,0.4240064024925232,0.5552313327789307,0.4232044816017151,0.5653578042984009,0.3785094916820526,0.5643868446350098,0.3891527056694031,0.6178795099258423,0.4331212043762207,0.6212577223777771,0.4469435214996338,0.6698251962661743,0.4953461289405823,0.6833486557006836,0.5130254626274109,0.6843758821487427,0.5043750405311584,0.7019017934799194,0.5244584679603577,0.6883549690246582,0.507347583770752,0.7033483982086182,0.5210753083229065,0.6815767884254456,0.5041860938072205,0.6975129842758179,0.5178815126419067
Downward-Facing_Dog_posejpg (55),Downward-Facing_Dog,2,0.43639957904815674,0.6490582227706909,0.41638219356536865,0.6653528213500977,0.4140089452266693,0.6638073921203613,0.41159912943840027,0.6619592905044556,0.41640812158584595,0.6661372184753418,0.41402292251586914,0.6651756763458252,0.41147714853286743,0.6640945672988892,0.39388978481292725,0.6317561864852905,0.3938934803009033,0.6371479630470276,0.4358864426612854,0.621464192867279,0.43649888038635254,0.6220848560333252,0.3848528265953064,0.5093576312065125,0.38823366165161133,0.5133314728736877,0.2563549876213074,0.6538903117179871,0.27218034863471985,0.6506006121635437,0.1320154070854187,0.7908850312232971,0.17212316393852234,0.7662754058837891,0.09408432245254517,0.8006546497344971,0.13719823956489563,0.7777131795883179,0.08697158098220825,0.7966394424438477,0.13183417916297913,0.7793937921524048,0.1032414436340332,0.7935858368873596,0.1440851092338562,0.7814871668815613
Downward-Facing_Dog_posejpg (57),Downward-Facing_Dog,2,0.6109599471092224,0.5038893222808838,0.6198196411132812,0.5124308466911316,0.621619701385498,0.5118598937988281,0.623769998550415,0.5110503435134888,0.618335485458374,0.513450026512146,0.6188436150550842,0.5136895775794983,0.6193649768829346,0.513934850692749,0.6340128183364868,0.5027177333831787,0.625560462474823,0.5078712105751038,0.6110019683837891,0.4941924214363098,0.609480082988739,0.4948073625564575,0.6427149772644043,0.4451605975627899,0.6263219714164734,0.4555330276489258,0.6858168840408325,0.5196378231048584,0.686846911907196,0.5297314524650574,0.7339097261428833,0.5687474012374878,0.7406305074691772,0.5834232568740845,0.748811662197113,0.5730132460594177,0.755877673625946,0.5897254347801208,0.7485260963439941,0.5746732354164124,0.7584559321403503,0.5881261229515076,0.7400728464126587,0.5726713538169861,0.7529362440109253,0.5842137336730957
Downward-Facing_Dog_posejpg (59),Downward-Facing_Dog,2,0.5382274389266968,0.6146320104598999,0.5489828586578369,0.6377122402191162,0.5500789284706116,0.6376239061355591,0.551385760307312,0.6370785236358643,0.5513085126876831,0.637628436088562,0.5537957549095154,0.6375617980957031,0.5564193725585938,0.6373140811920166,0.566800057888031,0.6223570108413696,0.5702618360519409,0.6265604496002197,0.5393833518028259,0.5956658124923706,0.5412409901618958,0.5951286554336548,0.5815541744232178,0.5156393051147461,0.5943228006362915,0.5411939024925232,0.6491250991821289,0.6476759910583496,0.6661695837974548,0.6843103170394897,0.7342445850372314,0.7483120560646057,0.7647501230239868,0.8218735456466675,0.7617199420928955,0.7513365149497986,0.7945202589035034,0.8361880779266357,0.761782705783844,0.7585015296936035,0.801360011100769,0.8289214372634888,0.7525306344032288,0.7590620517730713,0.7894476652145386,0.8235701322555542
Downward-Facing_Dog_posejpg (6),Downward-Facing_Dog,2,0.5183103084564209,0.6666313409805298,0.5300632119178772,0.679874062538147,0.5310966968536377,0.6793814897537231,0.5326053500175476,0.6785180568695068,0.532637357711792,0.6771547198295593,0.5349634885787964,0.6750411987304688,0.5375303030014038,0.6726101636886597,0.5471358895301819,0.6524266004562378,0.5492883324623108,0.6505682468414307,0.5149760246276855,0.6456199884414673,0.5172368288040161,0.6412469148635864,0.539758563041687,0.557199239730835,0.5385718941688538,0.5762267112731934,0.5920612215995789,0.6762900948524475,0.5971956253051758,0.7082366943359375,0.658480167388916,0.7677236795425415,0.6835687160491943,0.8203223943710327,0.6834942102432251,0.7703410983085632,0.7139072418212891,0.8368344306945801,0.6897987127304077,0.7802767753601074,0.7178040742874146,0.8276785016059875,0.6794983148574829,0.7785956859588623,0.7119666337966919,0.8198451399803162
Downward-Facing_Dog_posejpg (64),Downward-Facing_Dog,2,0.5805319547653198,0.6542815566062927,0.5946740508079529,0.6781092882156372,0.5963262319564819,0.6783835887908936,0.5982524156570435,0.6782968044281006,0.5970985293388367,0.6769357919692993,0.6002326011657715,0.6761841773986816,0.6032810211181641,0.6752302646636963,0.6210044026374817,0.6570045948028564,0.6206715106964111,0.6557025909423828,0.5820490717887878,0.6270991563796997,0.5844929218292236,0.6256198287010193,0.63552325963974,0.5481597185134888,0.6414046287536621,0.5446778535842896,0.708227276802063,0.7257776260375977,0.7412921190261841,0.7276073694229126,0.8179290294647217,0.8338068723678589,0.8680247068405151,0.8667789697647095,0.8512521386146545,0.8457926511764526,0.9174528121948242,0.878093957901001,0.856015682220459,0.8499255180358887,0.9232537746429443,0.8765021562576294,0.8419868350028992,0.8486876487731934,0.9069640636444092,0.8711608648300171
Downward-Facing_Dog_posejpg (67),Downward-Facing_Dog,2,0.5099195837974548,0.6344559192657471,0.4996585249900818,0.6395986676216125,0.4980657994747162,0.6386109590530396,0.4964016079902649,0.6374127268791199,0.5002926588058472,0.6402491331100464,0.4992673993110657,0.6399334073066711,0.4980581998825073,0.6394959688186646,0.4857379198074341,0.6240949630737305,0.48892858624458313,0.6266208291053772,0.5098994970321655,0.6228306889533997,0.5112818479537964,0.6245613098144531,0.4853639602661133,0.5757025480270386,0.49409598112106323,0.5763007402420044,0.4542664885520935,0.6583144068717957,0.46293872594833374,0.6526437997817993,0.4096606373786926,0.7258408069610596,0.42661017179489136,0.7081210613250732,0.3961586356163025,0.7326112389564514,0.41157257556915283,0.7166646718978882,0.3962440490722656,0.7296910285949707,0.4123031497001648,0.7175164818763733,0.39980682730674744,0.7284293174743652,0.41666311025619507,0.7163478136062622
Downward-Facing_Dog_posejpg (73),Downward-Facing_Dog,2,0.7070934772491455,0.5557929277420044,0.7200380563735962,0.5362447500228882,0.7195450663566589,0.5330384969711304,0.7188806533813477,0.5293703675270081,0.7188512086868286,0.5361567139625549,0.717795193195343,0.5330771207809448,0.716553807258606,0.5296225547790527,0.7080301642417908,0.5012465715408325,0.7046977281570435,0.5038777589797974,0.6900066137313843,0.549750566482544,0.689628005027771,0.5481888055801392,0.656771183013916,0.48574668169021606,0.6561216711997986,0.5043643116950989,0.7241312861442566,0.5795522928237915,0.7264180779457092,0.6058590412139893,0.7920154333114624,0.6523881554603577,0.8248341679573059,0.6983421444892883,0.8177602291107178,0.6583932638168335,0.8531631827354431,0.7133935689926147,0.8187960386276245,0.6588340997695923,0.856919527053833,0.703910231590271,0.8110342025756836,0.6588809490203857,0.8460853099822998,0.6986956596374512
Downward-Facing_Dog_posejpg (74),Downward-Facing_Dog,2,0.39925068616867065,0.6788570880889893,0.38514265418052673,0.6909505128860474,0.3837737441062927,0.6886473894119263,0.3826829791069031,0.6858313083648682,0.38403254747390747,0.6888219118118286,0.38203179836273193,0.6857122778892517,0.38028740882873535,0.6823217868804932,0.37477684020996094,0.6418195366859436,0.37325990200042725,0.6411961317062378,0.4000388979911804,0.6528580784797668,0.40108415484428406,0.6506321430206299,0.39844539761543274,0.5539907217025757,0.3907278776168823,0.5279662609100342,0.3212504982948303,0.7211556434631348,0.31678009033203125,0.6733680963516235,0.20070087909698486,0.824492335319519,0.24051424860954285,0.7582389116287231,0.16622474789619446,0.8475068211555481,0.21678701043128967,0.7780340313911438,0.1610022485256195,0.834590494632721,0.20877757668495178,0.7742119431495667,0.17166689038276672,0.8286783695220947,0.21755948662757874,0.7626551389694214
Downward-Facing_Dog_posejpg (75),Downward-Facing_Dog,2,0.5536335706710815,0.7816312313079834,0.5766125917434692,0.7877439260482788,0.5794239044189453,0.7867940664291382,0.5824800133705139,0.7856414914131165,0.5761063694953918,0.7871304154396057,0.5782030820846558,0.785911500453949,0.5803358554840088,0.7845587134361267,0.6064039468765259,0.7689786553382874,0.595990777015686,0.7714003324508667,0.5513304471969604,0.7689998149871826,0.551629900932312,0.7685784101486206,0.6109547019004822,0.7027774453163147,0.5813515186309814,0.7193213105201721,0.7198652029037476,0.7726250886917114,0.7158932685852051,0.7948552966117859,0.8399165868759155,0.821220338344574,0.8651744723320007,0.8450345993041992,0.8866303563117981,0.8283894062042236,0.9055628776550293,0.8507421016693115,0.886780321598053,0.8326862454414368,0.9095733165740967,0.8496447801589966,0.8707243204116821,0.8310815095901489,0.8950440287590027,0.8466994762420654
Downward-Facing_Dog_posejpg (76),Downward-Facing_Dog,2,0.4685709476470947,0.6325691938400269,0.45841094851493835,0.6395756006240845,0.4576381742954254,0.6384941339492798,0.4565698206424713,0.6371760964393616,0.4582992196083069,0.6398552656173706,0.45740294456481934,0.6390858292579651,0.4560573399066925,0.6382229328155518,0.4508719742298126,0.6204004287719727,0.45076143741607666,0.6231415867805481,0.4712453782558441,0.6185965538024902,0.4719467759132385,0.6185175180435181,0.44235771894454956,0.560466468334198,0.45174068212509155,0.5617365837097168,0.3626188635826111,0.6281225085258484,0.37804365158081055,0.6258639097213745,0.25855445861816406,0.6904484033584595,0.27954599261283875,0.6774352788925171,0.2332598865032196,0.6937884092330933,0.23921921849250793,0.6766862869262695,0.23084646463394165,0.6926058530807495,0.23675939440727234,0.6796172857284546,0.23974251747131348,0.6927310228347778,0.2558598220348358,0.6814671158790588
Downward-Facing_Dog_posejpg (77),Downward-Facing_Dog,2,0.5248382091522217,0.5430772304534912,0.5415937900543213,0.5432623624801636,0.5429579615592957,0.5416461229324341,0.5444653034210205,0.5397371649742126,0.5426472425460815,0.5409247875213623,0.5443573594093323,0.5381900072097778,0.5459775328636169,0.5353487133979797,0.5521388649940491,0.514302134513855,0.5500743389129639,0.5128781199455261,0.5190922021865845,0.52797931432724,0.5191305875778198,0.5254546999931335,0.5310399532318115,0.4587520956993103,0.5263210535049438,0.4695076644420624,0.5891028046607971,0.5612094402313232,0.5882301330566406,0.5771045684814453,0.6421027183532715,0.6479390263557434,0.6610685586929321,0.6917197704315186,0.6682400107383728,0.6505283117294312,0.6847720742225647,0.7048319578170776,0.6719309687614441,0.6571066379547119,0.6887576580047607,0.6967693567276001,0.6616936922073364,0.6561543345451355,0.6822272539138794,0.6925546526908875
Downward-Facing_Dog_posejpg (80),Downward-Facing_Dog,2,0.5939059257507324,0.6974208354949951,0.6087722778320312,0.7137612104415894,0.6116191744804382,0.7122355103492737,0.6144800186157227,0.7111483812332153,0.6090808510780334,0.71367347240448,0.6104903817176819,0.7137597799301147,0.6125134229660034,0.713464617729187,0.6280831694602966,0.6925054788589478,0.6247642636299133,0.6951919794082642,0.5934732556343079,0.6797223687171936,0.592293918132782,0.680394172668457,0.6114036440849304,0.5975785255432129,0.6246060729026794,0.6085259914398193,0.6794207692146301,0.7294542789459229,0.7018992900848389,0.7646050453186035,0.7772254943847656,0.8365885019302368,0.8165714740753174,0.8881640434265137,0.8092181086540222,0.8353675603866577,0.8588800430297852,0.8989770412445068,0.8098183274269104,0.8416959643363953,0.8640174269676208,0.8899825811386108,0.7963977456092834,0.8447864055633545,0.8515592217445374,0.8870140314102173
Downward-Facing_Dog_posejpg (81),Downward-Facing_Dog,2,0.4322933256626129,0.784152626991272,0.4199836254119873,0.7961890697479248,0.4172462821006775,0.7954885959625244,0.4145328998565674,0.7948380708694458,0.4207489788532257,0.796427845954895,0.4186893403530121,0.7961204051971436,0.41653284430503845,0.7958669662475586,0.3987849950790405,0.7815214395523071,0.4014647603034973,0.7822672128677368,0.42877113819122314,0.7669814825057983,0.4305894672870636,0.7674933075904846,0.3943193852901459,0.6999844312667847,0.3892856538295746,0.6974740028381348,0.3191313147544861,0.8031162619590759,0.31168532371520996,0.7842402458190918,0.21879059076309204,0.8698058724403381,0.233330637216568,0.8290001749992371,0.19007712602615356,0.8742735385894775,0.20349115133285522,0.8277537822723389,0.1849147081375122,0.8700776696205139,0.2019946575164795,0.8299288749694824,0.1937142312526703,0.868654727935791,0.21095407009124756,0.8320565223693848
Downward-Facing_Dog_posejpg (83),Downward-Facing_Dog,2,0.39189067482948303,0.3114807903766632,0.374872624874115,0.31308889389038086,0.37321341037750244,0.31261757016181946,0.37146997451782227,0.3120467960834503,0.3747578561306,0.3131062388420105,0.37285658717155457,0.31270918250083923,0.3706730604171753,0.312294065952301,0.36217784881591797,0.30374133586883545,0.3620319962501526,0.30425548553466797,0.39834147691726685,0.30568334460258484,0.39936158061027527,0.3059447407722473,0.3810300827026367,0.27985328435897827,0.3831011950969696,0.27675655484199524,0.30735814571380615,0.32709869742393494,0.3212455213069916,0.3180433511734009,0.22131142020225525,0.3606058955192566,0.25245141983032227,0.3397364020347595,0.19958916306495667,0.36428332328796387,0.2218000888824463,0.34543243050575256,0.19359621405601501,0.3615281581878662,0.2177058756351471,0.3467828631401062,0.20107027888298035,0.3604768216609955,0.22663787007331848,0.34651175141334534
Downward-Facing_Dog_posejpg (88),Downward-Facing_Dog,2,0.5848446488380432,0.7701826691627502,0.6081569194793701,0.7714009284973145,0.6100732088088989,0.7680007219314575,0.612166166305542,0.7640112638473511,0.6088989973068237,0.7704175710678101,0.6111023426055908,0.7669740915298462,0.6134865283966064,0.7632344365119934,0.6277339458465576,0.7209696769714355,0.6264164447784424,0.7244487404823303,0.5780607461929321,0.743135929107666,0.5795449018478394,0.7431840896606445,0.5947625637054443,0.6282018423080444,0.600801408290863,0.6336177587509155,0.7065647840499878,0.7718104720115662,0.7222739458084106,0.7725836634635925,0.8425632119178772,0.8751265406608582,0.8630183935165405,0.8975034356117249,0.8848721981048584,0.8843981027603149,0.9057812094688416,0.9128428101539612,0.8919699788093567,0.8896881341934204,0.9137634038925171,0.9089597463607788,0.8768923282623291,0.8884741067886353,0.9008508324623108,0.9033796787261963
Downward-Facing_Dog_posejpg (89),Downward-Facing_Dog,2,0.5612599849700928,0.6917898654937744,0.5731872320175171,0.6957668662071228,0.5740899443626404,0.6943234205245972,0.5751688480377197,0.6926371455192566,0.573828399181366,0.6944503784179688,0.5750654935836792,0.6922916769981384,0.5763589143753052,0.6900991201400757,0.5805982351303101,0.6733821630477905,0.5804921388626099,0.674098014831543,0.5562212467193604,0.6793744564056396,0.5575954914093018,0.6786112785339355,0.557863175868988,0.618588924407959,0.5584704875946045,0.6318461894989014,0.6151829957962036,0.6870991587638855,0.6225934028625488,0.7048264741897583,0.6724731922149658,0.7275916337966919,0.7146498560905457,0.7566021680831909,0.7000481486320496,0.7260735630989075,0.7400549650192261,0.7593787908554077,0.7016048431396484,0.7287395000457764,0.7398781180381775,0.7541216611862183,0.6942011117935181,0.7300522327423096,0.7289663553237915,0.7519745230674744
Downward-Facing_Dog_posejpg (9),Downward-Facing_Dog,2,0.4872034192085266,0.662330150604248,0.4755193293094635,0.6798102259635925,0.4740172028541565,0.6796839833259583,0.472526878118515,0.6794533729553223,0.47297435998916626,0.6778806447982788,0.47007834911346436,0.6766656041145325,0.4673789143562317,0.6755722761154175,0.4601168930530548,0.6612461805343628,0.4570229649543762,0.6560805439949036,0.485795795917511,0.637639045715332,0.4850997030735016,0.63653564453125,0.459664911031723,0.5629634261131287,0.44869208335876465,0.5475691556930542,0.37874409556388855,0.6847295761108398,0.3773818612098694,0.6681341528892517,0.2799917757511139,0.7937132120132446,0.29068225622177124,0.7679961919784546,0.2506365180015564,0.8082844018936157,0.2498628795146942,0.7739888429641724,0.24129197001457214,0.7983882427215576,0.25143229961395264,0.7730494737625122,0.2510974407196045,0.7960033416748047,0.2658417522907257,0.7753939628601074
Downward-Facing_Dog_posejpg (90),Downward-Facing_Dog,2,0.6081000566482544,0.6957013010978699,0.624943196773529,0.6973285675048828,0.6255112886428833,0.6946824789047241,0.6263049244880676,0.6917794942855835,0.6262305378913879,0.6946096420288086,0.6273742318153381,0.6904523372650146,0.6286861896514893,0.686400830745697,0.6286938786506653,0.6539864540100098,0.6288118958473206,0.6528818607330322,0.5955552458763123,0.6746520400047302,0.5972889065742493,0.671302080154419,0.5944684743881226,0.5932984948158264,0.5957321524620056,0.6045801639556885,0.6618940234184265,0.7181761264801025,0.6617894172668457,0.7365586161613464,0.7315499782562256,0.8226162791252136,0.75717693567276,0.8722453117370605,0.7616490125656128,0.8375223278999329,0.7846552133560181,0.8790183067321777,0.7653079628944397,0.8393627405166626,0.7864898443222046,0.8687576055526733,0.7566503286361694,0.8370621800422668,0.7769937515258789,0.865340530872345
Downward-Facing_Dog_posejpg (93),Downward-Facing_Dog,2,0.549609899520874,0.47183501720428467,0.5581704378128052,0.4736995995044708,0.559156060218811,0.47302061319351196,0.5602317452430725,0.47218215465545654,0.5588012933731079,0.4726269245147705,0.5600085854530334,0.4713704586029053,0.5612581372261047,0.469941109418869,0.5670101642608643,0.461272656917572,0.5668243169784546,0.46006399393081665,0.5476981401443481,0.46450912952423096,0.5487262606620789,0.4628288149833679,0.5575343370437622,0.4295837879180908,0.5539456605911255,0.4319295287132263,0.5886448621749878,0.4779866337776184,0.5847223401069641,0.4796127676963806,0.6194657683372498,0.5183759331703186,0.626951277256012,0.5334638357162476,0.6351238489151001,0.525964617729187,0.6417644619941711,0.5393650531768799,0.6371584534645081,0.5268157720565796,0.6449589729309082,0.5356627106666565,0.6315040588378906,0.5245095491409302,0.6395402550697327,0.5328137874603271
Downward-Facing_Dog_posejpg (94),Downward-Facing_Dog,2,0.5269216299057007,0.7986435294151306,0.5428750514984131,0.8116477727890015,0.5442546010017395,0.8115996718406677,0.5460126399993896,0.8114907741546631,0.5469454526901245,0.8098495602607727,0.5509828925132751,0.8086158037185669,0.5555998682975769,0.8074437379837036,0.5670312643051147,0.7968441247940063,0.576432466506958,0.7931822538375854,0.5283811092376709,0.78033447265625,0.5335880517959595,0.7791508436203003,0.5685057044029236,0.7072527408599854,0.5918554067611694,0.7050306797027588,0.652490496635437,0.8141760230064392,0.6992907524108887,0.8215014934539795,0.7784305810928345,0.893809974193573,0.8162034749984741,0.9076265096664429,0.8057333827018738,0.8980134725570679,0.8598891496658325,0.9172526597976685,0.8091503381729126,0.902775764465332,0.8715291619300842,0.9142950773239136,0.7995448112487793,0.9019958972930908,0.850780725479126,0.9124906063079834
Downward-Facing_Dog_posejpg (95),Downward-Facing_Dog,2,0.5257411003112793,0.5753670930862427,0.5414764881134033,0.5686410665512085,0.5441225171089172,0.5669271945953369,0.5466991066932678,0.5648916959762573,0.5343241691589355,0.5660110116004944,0.5322164297103882,0.562653660774231,0.530123233795166,0.5592241287231445,0.5491271018981934,0.5263813734054565,0.5220047831535339,0.5216605067253113,0.5156629085540771,0.5632942318916321,0.5086508393287659,0.5588637590408325,0.5535975694656372,0.45500439405441284,0.4529668688774109,0.4571002721786499,0.6315464973449707,0.6224997639656067,0.5074345469474792,0.6553158760070801,0.7454825639724731,0.7985960245132446,0.5968201160430908,0.8211355209350586,0.7853685617446899,0.8149890899658203,0.6486803889274597,0.8498643636703491,0.7819042801856995,0.8246966600418091,0.6730875968933105,0.8411535024642944,0.7674596309661865,0.8188612461090088,0.6581752300262451,0.8324652910232544
Downward-Facing_Dog_posejpg (96),Downward-Facing_Dog,2,0.32447734475135803,0.6169095039367676,0.3075160086154938,0.6149599552154541,0.3066963851451874,0.6138240694999695,0.3063536286354065,0.6131407022476196,0.30481401085853577,0.6118949055671692,0.30192071199417114,0.6085659265518188,0.29949697852134705,0.6057135462760925,0.3035782277584076,0.5880199670791626,0.29733705520629883,0.5769256353378296,0.33299511671066284,0.5985093712806702,0.3304198384284973,0.5939229726791382,0.35167378187179565,0.5258166790008545,0.3289327025413513,0.48016709089279175,0.26805612444877625,0.6960849761962891,0.24879059195518494,0.5981721878051758,0.1460142731666565,0.8384178876876831,0.17065393924713135,0.7039942741394043,0.1078292727470398,0.8665031790733337,0.13531365990638733,0.7092041969299316,0.09788024425506592,0.8480449914932251,0.1312548816204071,0.7137724757194519,0.11216485500335693,0.8384193181991577,0.14364024996757507,0.7181482315063477
Downward-Facing_Dog_posejpg (97),Downward-Facing_Dog,2,0.4480783939361572,0.8365935683250427,0.4353782534599304,0.8412389159202576,0.4339367151260376,0.8405416011810303,0.432653546333313,0.8398916125297546,0.43546146154403687,0.8407825231552124,0.4340199828147888,0.8398030400276184,0.43253427743911743,0.8388269543647766,0.42475318908691406,0.8218539357185364,0.42400848865509033,0.8203374743461609,0.4489075243473053,0.8245058059692383,0.44981124997138977,0.824245810508728,0.43517404794692993,0.787182092666626,0.4264217019081116,0.7623085379600525,0.36474448442459106,0.8663151860237122,0.3602958023548126,0.8298956155776978,0.2852039933204651,0.9308678507804871,0.2960245609283447,0.8787566423416138,0.262423038482666,0.9413648843765259,0.2669319808483124,0.8792427778244019,0.2563389539718628,0.9323508739471436,0.26696163415908813,0.882251501083374,0.264863520860672,0.9282280206680298,0.27488449215888977,0.8845388293266296
Downward-Facing_Dog_posejpg (99),Downward-Facing_Dog,2,0.652869701385498,0.6567013263702393,0.6702413558959961,0.6546626687049866,0.6716402769088745,0.6526402235031128,0.6729381084442139,0.6503424048423767,0.669741153717041,0.6560962200164795,0.670914351940155,0.6550692915916443,0.6718555092811584,0.6540244817733765,0.6746139526367188,0.6252610683441162,0.6713882684707642,0.6350694298744202,0.6439645886421204,0.6436564922332764,0.6440226435661316,0.6446189880371094,0.639121949672699,0.5532853603363037,0.6329548954963684,0.6002607941627502,0.6865237355232239,0.6553658843040466,0.6792603135108948,0.7503662705421448,0.7612476348876953,0.688874363899231,0.7806485295295715,0.79793381690979,0.7833232879638672,0.6948778629302979,0.818328320980072,0.8115428686141968,0.7835603952407837,0.7009363174438477,0.8184109926223755,0.7962172627449036,0.7776831388473511,0.7049524784088135,0.8057911992073059,0.7860055565834045
Mountain (1),Mountain,3,0.5463241934776306,0.15159830451011658,0.5248297452926636,0.1328502893447876,0.5216792821884155,0.1328478455543518,0.5180366039276123,0.1328582465648651,0.5199113488197327,0.13304898142814636,0.5137978792190552,0.13315024971961975,0.507343053817749,0.13321393728256226,0.4740755259990692,0.14207834005355835,0.4653479754924774,0.14257001876831055,0.5366314053535461,0.17122986912727356,0.5307020545005798,0.1704961657524109,0.47195377945899963,0.26465341448783875,0.4081296920776367,0.2730543911457062,0.47483932971954346,0.4227897822856903,0.4288787841796875,0.44779589772224426,0.5109114646911621,0.5645800232887268,0.47583383321762085,0.5921540260314941,0.5306718945503235,0.5954793095588684,0.47994086146354675,0.6327753663063049,0.5306881070137024,0.6011630296707153,0.5145695209503174,0.6302527189254761,0.5315113067626953,0.5837295055389404,0.5190749168395996,0.614187479019165
Mountain (10),Mountain,3,0.5123921036720276,0.21561864018440247,0.5057651996612549,0.20263731479644775,0.5045919418334961,0.20267227292060852,0.5032352805137634,0.20263618230819702,0.5041518807411194,0.20328262448310852,0.5021260976791382,0.20365193486213684,0.499891996383667,0.203953355550766,0.48917484283447266,0.21058344841003418,0.4863961637020111,0.2118189036846161,0.5086746215820312,0.23452627658843994,0.506636381149292,0.23407819867134094,0.4810040295124054,0.30916255712509155,0.4713580906391144,0.3005254864692688,0.4815724194049835,0.42990633845329285,0.46717795729637146,0.42515426874160767,0.4967131018638611,0.5215107202529907,0.4973487854003906,0.5296003818511963,0.5069594979286194,0.5538952946662903,0.5020126700401306,0.5626006722450256,0.5117028951644897,0.5564560890197754,0.5129539370536804,0.5629037618637085,0.5098063349723816,0.5412647128105164,0.5117878317832947,0.5516597032546997
Mountain (11),Mountain,3,0.4909045398235321,0.20641258358955383,0.49715524911880493,0.19245120882987976,0.5011152625083923,0.19252276420593262,0.5039504766464233,0.19275087118148804,0.4860338866710663,0.19259566068649292,0.4824313819408417,0.19296559691429138,0.47878745198249817,0.19358009099960327,0.5077075362205505,0.2001764476299286,0.474953293800354,0.20193830132484436,0.49843481183052063,0.22325393557548523,0.4838084876537323,0.22259515523910522,0.5402510166168213,0.3057624399662018,0.445760041475296,0.3011783957481384,0.5498135089874268,0.4232475161552429,0.4310711920261383,0.4163009524345398,0.5676990747451782,0.5281789898872375,0.4104606509208679,0.519686222076416,0.5733115673065186,0.5578340291976929,0.40529850125312805,0.5525546073913574,0.5715615749359131,0.5581128001213074,0.4068288803100586,0.5526940822601318,0.5679423213005066,0.549140989780426,0.4103379249572754,0.5439711809158325
Mountain (12),Mountain,3,0.49721652269363403,0.0844883918762207,0.5255817174911499,0.07188531756401062,0.5418652296066284,0.0722094178199768,0.5588717460632324,0.07277548313140869,0.4727397859096527,0.07214963436126709,0.4538446068763733,0.07260081171989441,0.4361295700073242,0.07341122627258301,0.5824219584465027,0.0827133059501648,0.4069890081882477,0.08389884233474731,0.5296283960342407,0.10490149259567261,0.45904192328453064,0.10406360030174255,0.7311830520629883,0.21393942832946777,0.2557879090309143,0.20709043741226196,0.8101203441619873,0.356439471244812,0.18657109141349792,0.3524025082588196,0.8753008842468262,0.4853922426700592,0.11845624446868896,0.48311397433280945,0.8999668955802917,0.5267146825790405,0.10090306401252747,0.5258961319923401,0.8878934383392334,0.5286548733711243,0.12235626578330994,0.5266117453575134,0.8725281953811646,0.5166922211647034,0.1395060420036316,0.5144945383071899
Mountain (13),Mountain,3,0.3776179254055023,0.1122245192527771,0.38363170623779297,0.09651431441307068,0.3865923583507538,0.09664332866668701,0.38931331038475037,0.09684202075004578,0.3693668842315674,0.09749555587768555,0.363452285528183,0.09851092100143433,0.35864850878715515,0.09993630647659302,0.3936329483985901,0.10828512907028198,0.3511536717414856,0.11177724599838257,0.3856988847255707,0.13601058721542358,0.36752939224243164,0.1368570625782013,0.42815670371055603,0.25219979882240295,0.31463295221328735,0.24226120114326477,0.45042821764945984,0.3911980986595154,0.29541268944740295,0.39412444829940796,0.47862911224365234,0.5190811157226562,0.25982218980789185,0.5241605043411255,0.4895715117454529,0.5579574704170227,0.24597252905368805,0.564635694026947,0.4867857098579407,0.5631680488586426,0.24677973985671997,0.5687863826751709,0.48194420337677,0.5500742793083191,0.2528066039085388,0.5554146766662598
Mountain (14),Mountain,3,0.5398358106613159,0.29380589723587036,0.5434805750846863,0.2795236110687256,0.5461408495903015,0.279536634683609,0.5486787557601929,0.279832124710083,0.5348545908927917,0.2809343636035919,0.5317633748054504,0.2818883955478668,0.528850793838501,0.2827875018119812,0.5531620979309082,0.28680136799812317,0.5241411924362183,0.28993356227874756,0.5458558201789856,0.309429794549942,0.5341376662254333,0.30934008955955505,0.578986644744873,0.3692941665649414,0.5011622309684753,0.3647802472114563,0.5861405730247498,0.48239821195602417,0.48779675364494324,0.4849098324775696,0.6074554324150085,0.5915778875350952,0.46103328466415405,0.588943362236023,0.618080735206604,0.6201705932617188,0.45207351446151733,0.6195736527442932,0.6168984174728394,0.6218705773353577,0.4546128213405609,0.6207382082939148,0.6125163435935974,0.6125774383544922,0.4585599899291992,0.6103495955467224
Mountain (15),Mountain,3,0.5111059546470642,0.17521995306015015,0.5213769674301147,0.15927806496620178,0.5264471769332886,0.15961259603500366,0.5325402617454529,0.16019606590270996,0.502813994884491,0.15859010815620422,0.49554648995399475,0.15857020020484924,0.48897814750671387,0.1585341989994049,0.5398013591766357,0.16774913668632507,0.47796377539634705,0.1652996838092804,0.5208938121795654,0.19438141584396362,0.4969002306461334,0.19343560934066772,0.589555561542511,0.27387088537216187,0.4201529026031494,0.2675933241844177,0.5977588295936584,0.41441431641578674,0.41043636202812195,0.40741419792175293,0.6351642608642578,0.5341745018959045,0.3704175055027008,0.5328323841094971,0.6529974937438965,0.5695042014122009,0.35362252593040466,0.5669185519218445,0.6471397876739502,0.5719577074050903,0.35997629165649414,0.5688477158546448,0.6393296718597412,0.5594815611839294,0.3684324622154236,0.5579017996788025
Mountain (16),Mountain,3,0.49961647391319275,0.2486230432987213,0.5057525634765625,0.2366878092288971,0.5097237229347229,0.2365114390850067,0.512958824634552,0.2362670600414276,0.49489131569862366,0.23813766241073608,0.49160337448120117,0.23915523290634155,0.48829716444015503,0.23976010084152222,0.5190116167068481,0.24225518107414246,0.4865896701812744,0.24645310640335083,0.5083487629890442,0.2629847824573517,0.4942465126514435,0.263446569442749,0.548433780670166,0.33011776208877563,0.4645034968852997,0.330194354057312,0.5540127158164978,0.44006404280662537,0.45731979608535767,0.4374180734157562,0.5704602003097534,0.5367286205291748,0.44001641869544983,0.531049907207489,0.5771058797836304,0.563215434551239,0.4301384687423706,0.5591923594474792,0.5727993249893188,0.5648576021194458,0.4324963092803955,0.5600745677947998,0.5689918398857117,0.555604100227356,0.43714639544487,0.5518201589584351
Mountain (17),Mountain,3,0.35808849334716797,0.18938511610031128,0.34791648387908936,0.17605546116828918,0.3477683961391449,0.17584872245788574,0.34750038385391235,0.17557916045188904,0.3397007882595062,0.17687523365020752,0.33394068479537964,0.1772424578666687,0.3270166516304016,0.17765790224075317,0.3180563449859619,0.1843826174736023,0.2934604585170746,0.18740811944007874,0.3544890880584717,0.20584261417388916,0.34469136595726013,0.20770403742790222,0.32456138730049133,0.2744976878166199,0.2447648048400879,0.2835811376571655,0.3234550356864929,0.4044116735458374,0.25229018926620483,0.4187186658382416,0.34565451741218567,0.5015504956245422,0.2743174731731415,0.5390726327896118,0.345119833946228,0.5381170511245728,0.27403026819229126,0.5718042850494385,0.348012775182724,0.5382212400436401,0.2897934317588806,0.5728223323822021,0.34867388010025024,0.5311773419380188,0.2932389974594116,0.5626710057258606
Mountain (18),Mountain,3,0.5569061636924744,0.11779555678367615,0.5472641587257385,0.10112088918685913,0.5461457371711731,0.10119172930717468,0.5449135303497314,0.10130652785301208,0.5446767210960388,0.10142487287521362,0.5420193076133728,0.10171601176261902,0.5391075611114502,0.10195469856262207,0.528569221496582,0.11317864060401917,0.5229368805885315,0.11368200182914734,0.5540716648101807,0.13874360918998718,0.5509148836135864,0.1385771930217743,0.5072188973426819,0.2174152135848999,0.512054443359375,0.2137620747089386,0.5090142488479614,0.36663708090782166,0.5150377154350281,0.3657231628894806,0.5241348147392273,0.47211959958076477,0.5477505326271057,0.503283679485321,0.5304378867149353,0.5133600234985352,0.5508005619049072,0.5448689460754395,0.5368971228599548,0.5169862508773804,0.5624560117721558,0.5464709997177124,0.5334299206733704,0.5024100542068481,0.5631119012832642,0.5325055122375488
Mountain (19),Mountain,3,0.48273754119873047,0.3005584478378296,0.4898022413253784,0.2922908663749695,0.49409908056259155,0.29250848293304443,0.497383177280426,0.2929215729236603,0.47712647914886475,0.2926892936229706,0.4734044373035431,0.2930629849433899,0.4692356586456299,0.2933651804924011,0.5021156668663025,0.2988094091415405,0.46445608139038086,0.29924726486206055,0.49069109559059143,0.31284648180007935,0.4745800495147705,0.3122955560684204,0.5339786410331726,0.37049007415771484,0.4356573820114136,0.3660309910774231,0.5640005469322205,0.4408256411552429,0.4053911566734314,0.43712857365608215,0.601434051990509,0.5063328146934509,0.36708465218544006,0.5020305514335632,0.6163514852523804,0.5207675695419312,0.3528923988342285,0.5193784832954407,0.6138675808906555,0.5223158001899719,0.3549574315547943,0.5209299325942993,0.607671856880188,0.5191118121147156,0.3604044020175934,0.5172166228294373
Mountain (2),Mountain,3,0.511597216129303,0.1288367509841919,0.5241140723228455,0.11408153176307678,0.5312182903289795,0.11435475945472717,0.5396574139595032,0.11476227641105652,0.4968135356903076,0.1136268675327301,0.4875355064868927,0.11389097571372986,0.4796498715877533,0.11466431617736816,0.5475969910621643,0.12411737442016602,0.46657583117485046,0.12539184093475342,0.5250770449638367,0.15097466111183167,0.49271759390830994,0.14878475666046143,0.6039434671401978,0.2548646032810211,0.4063640236854553,0.2513977289199829,0.6213057637214661,0.3984781503677368,0.37520143389701843,0.39346083998680115,0.6739055514335632,0.5213872790336609,0.3183688819408417,0.5192941427230835,0.6914241313934326,0.5546501874923706,0.29886266589164734,0.556352972984314,0.6859453916549683,0.5543718338012695,0.3024023771286011,0.5577882528305054,0.6797288656234741,0.5460997819900513,0.31217142939567566,0.5475422143936157
Mountain (20),Mountain,3,0.5479806065559387,0.14828959107398987,0.5444124937057495,0.13057652115821838,0.5487198829650879,0.13055604696273804,0.5525726675987244,0.13022419810295105,0.5220502018928528,0.1301943063735962,0.5087779760360718,0.12978219985961914,0.4939548075199127,0.12937983870506287,0.5283308625221252,0.13569557666778564,0.4450274109840393,0.13568133115768433,0.5512844324111938,0.1662673056125641,0.5215776562690735,0.16585057973861694,0.6011202931404114,0.2496991753578186,0.32478833198547363,0.254495769739151,0.6151193380355835,0.38511624932289124,0.30086076259613037,0.4085625410079956,0.648414671421051,0.5010340213775635,0.29317861795425415,0.5425354242324829,0.6641761064529419,0.5373474955558777,0.28847748041152954,0.5824761986732483,0.654967188835144,0.5412189960479736,0.3088688850402832,0.5814103484153748,0.6446253657341003,0.5287067294120789,0.317379891872406,0.5694365501403809
Mountain (3),Mountain,3,0.49779894948005676,0.18925291299819946,0.509385883808136,0.17850124835968018,0.5181959271430969,0.17912176251411438,0.526484489440918,0.1799803078174591,0.4870532155036926,0.17924979329109192,0.4796098470687866,0.18009865283966064,0.4726378619670868,0.1809450387954712,0.5428049564361572,0.19106176495552063,0.4650212228298187,0.19196763634681702,0.5149808526039124,0.20570772886276245,0.4847601056098938,0.2061694860458374,0.6095955967903137,0.2874404788017273,0.40473610162734985,0.2909837067127228,0.6363922357559204,0.41652411222457886,0.37811022996902466,0.4157753586769104,0.6850981712341309,0.5216068029403687,0.32100510597229004,0.5178762674331665,0.7110713720321655,0.5501971244812012,0.287169873714447,0.5481072664260864,0.7081766128540039,0.5528208613395691,0.2844853401184082,0.5482961535453796,0.6984350085258484,0.5454290509223938,0.29959800839424133,0.5414290428161621
Mountain (4),Mountain,3,0.517328143119812,0.12842151522636414,0.526256263256073,0.10909047722816467,0.5335941314697266,0.10895809531211853,0.5409380793571472,0.10886472463607788,0.5007483959197998,0.10941839218139648,0.4898937940597534,0.10978689789772034,0.47950077056884766,0.11053496599197388,0.5453932285308838,0.1166662871837616,0.4606632590293884,0.12091144919395447,0.5306597352027893,0.15058371424674988,0.49955621361732483,0.15284579992294312,0.6235666275024414,0.23824924230575562,0.38434651494026184,0.23503199219703674,0.6252835392951965,0.3886541426181793,0.3663087785243988,0.3935666084289551,0.640762209892273,0.528850257396698,0.34228938817977905,0.5287400484085083,0.6582067012786865,0.5724411606788635,0.3212493658065796,0.5726792812347412,0.6430227160453796,0.5735782980918884,0.3327103853225708,0.5739148259162903,0.6323329210281372,0.5576474070549011,0.34393635392189026,0.5585130453109741
Mountain (5),Mountain,3,0.49740493297576904,0.19092348217964172,0.5098302960395813,0.17914226651191711,0.5176325440406799,0.17891144752502441,0.5240781903266907,0.1787847876548767,0.48608237504959106,0.17941424250602722,0.4786219596862793,0.1795736849308014,0.4715689718723297,0.17996519804000854,0.5354134440422058,0.18435809016227722,0.4641481637954712,0.18625947833061218,0.514884352684021,0.20388144254684448,0.4841625690460205,0.2042366862297058,0.5949337482452393,0.27265241742134094,0.40761542320251465,0.27475637197494507,0.624549388885498,0.3848280906677246,0.3904631733894348,0.38731488585472107,0.6732172966003418,0.4855467677116394,0.338678240776062,0.4882853031158447,0.6914592981338501,0.5142180919647217,0.31678834557533264,0.5166396498680115,0.6873785853385925,0.5156892538070679,0.3219142556190491,0.5181499719619751,0.6791620254516602,0.5062127709388733,0.3325916528701782,0.509289562702179
Mountain (6),Mountain,3,0.5052032470703125,0.10129702091217041,0.5183899998664856,0.08272761106491089,0.5253164172172546,0.08275651931762695,0.5322179198265076,0.08310756087303162,0.49399906396865845,0.08481109142303467,0.48642903566360474,0.08623555302619934,0.47954845428466797,0.08749398589134216,0.5429452657699585,0.09400412440299988,0.4708283841609955,0.09827867150306702,0.5195377469062805,0.12234273552894592,0.4911902844905853,0.12308722734451294,0.6089808940887451,0.22905001044273376,0.4109805226325989,0.22145716845989227,0.627680778503418,0.38525253534317017,0.3808198869228363,0.3757757246494293,0.6489298343658447,0.5187875628471375,0.34800243377685547,0.5181341767311096,0.6523479223251343,0.5570521354675293,0.33823153376579285,0.5576703548431396,0.648392915725708,0.560309112071991,0.34476161003112793,0.5584656596183777,0.6444318890571594,0.5444450378417969,0.35183626413345337,0.544198751449585
Mountain (7),Mountain,3,0.5030806660652161,0.19834041595458984,0.5064513683319092,0.18710589408874512,0.5091439485549927,0.1879751980304718,0.5122593641281128,0.18899646401405334,0.49484938383102417,0.18566995859146118,0.48944157361984253,0.1856323480606079,0.48408961296081543,0.18594571948051453,0.5156025886535645,0.20035207271575928,0.47366297245025635,0.19744625687599182,0.5082441568374634,0.2209528088569641,0.4930245578289032,0.21996918320655823,0.543967068195343,0.3156835436820984,0.43952521681785583,0.2990702986717224,0.556659996509552,0.44470080733299255,0.42756959795951843,0.4301377236843109,0.5858702659606934,0.5486496090888977,0.40396761894226074,0.5468873381614685,0.5957542657852173,0.5826708078384399,0.3898071050643921,0.5875065922737122,0.5940943956375122,0.5830390453338623,0.3941209316253662,0.5889177322387695,0.589665412902832,0.5747042298316956,0.40131786465644836,0.5793270468711853
Mountain (8),Mountain,3,0.5029239058494568,0.10715863108634949,0.5096681118011475,0.09240427613258362,0.5129252672195435,0.09220564365386963,0.5169475078582764,0.092286616563797,0.4947660267353058,0.0939321219921112,0.4895804822444916,0.09520542621612549,0.48514124751091003,0.0965147316455841,0.5219216346740723,0.10133269429206848,0.48006966710090637,0.10705727338790894,0.511289119720459,0.1285528838634491,0.4941789209842682,0.12957268953323364,0.5558319091796875,0.22305016219615936,0.44492632150650024,0.22249288856983185,0.5583188533782959,0.3589824438095093,0.4335692822933197,0.357535719871521,0.5646944642066956,0.47544991970062256,0.42254161834716797,0.4688480496406555,0.5651833415031433,0.5118170976638794,0.41818252205848694,0.5089051127433777,0.5621797442436218,0.512671709060669,0.42464491724967957,0.5078416466712952,0.5596256852149963,0.5012847185134888,0.42840468883514404,0.4947444796562195
Mountain (9),Mountain,3,0.5090008974075317,0.37566450238227844,0.5081979632377625,0.36624348163604736,0.5074896216392517,0.3665660619735718,0.5066488981246948,0.366773784160614,0.5103452205657959,0.36628150939941406,0.5111880302429199,0.36652302742004395,0.5115248560905457,0.36559760570526123,0.5042088031768799,0.376598984003067,0.5122406482696533,0.3713189959526062,0.5107383728027344,0.3894030451774597,0.5106205344200134,0.3894551694393158,0.5108321309089661,0.4423464834690094,0.5058558583259583,0.43852463364601135,0.5155309438705444,0.5352609157562256,0.4525034725666046,0.5269418358802795,0.5227949619293213,0.608634889125824,0.4291558861732483,0.6066018342971802,0.5274110436439514,0.6315863132476807,0.4180433750152588,0.6290818452835083,0.5229082107543945,0.6311930418014526,0.441690057516098,0.6208251714706421,0.5208169221878052,0.6233596801757812,0.4449532628059387,0.614567220211029
Tree_Pose (10),Tree,4,0.530916690826416,0.4518401026725769,0.5395144820213318,0.4415839910507202,0.5452397465705872,0.4410915970802307,0.5490710735321045,0.44099611043930054,0.5225937962532043,0.44243142008781433,0.5173298120498657,0.44218355417251587,0.511345624923706,0.4422394037246704,0.5578230619430542,0.446058988571167,0.5057122707366943,0.4461761713027954,0.5436131954193115,0.4597768187522888,0.5218303203582764,0.46016377210617065,0.6054770350456238,0.503864586353302,0.4678443372249603,0.5015164613723755,0.5931004285812378,0.5677979588508606,0.4678780138492584,0.5702634453773499,0.5506139397621155,0.50673508644104,0.5204881429672241,0.5068395137786865,0.5503057837486267,0.48954665660858154,0.5247648358345032,0.48861849308013916,0.5537940263748169,0.48559755086898804,0.5227875709533691,0.4832758605480194,0.5528159141540527,0.49224191904067993,0.5219032764434814,0.49035221338272095
Tree_Pose (101),Tree,4,0.5615003705024719,0.27145183086395264,0.5719237327575684,0.25925213098526,0.5790901184082031,0.2593784034252167,0.5857880711555481,0.2596086263656616,0.5497887134552002,0.2600666582584381,0.5425295233726501,0.260372519493103,0.535737156867981,0.2605660855770111,0.5939979553222656,0.26765280961990356,0.528500497341156,0.2688246965408325,0.5782475471496582,0.2851765751838684,0.5492159128189087,0.2843272089958191,0.6339396238327026,0.32538285851478577,0.49570000171661377,0.3241236209869385,0.6523146629333496,0.22133952379226685,0.4558655619621277,0.22197335958480835,0.5843733549118042,0.13386154174804688,0.5238897204399109,0.13360807299613953,0.573818027973175,0.11291643977165222,0.539818286895752,0.1070670485496521,0.5666934847831726,0.11080572009086609,0.5419875383377075,0.10822013020515442,0.5680547952651978,0.11918079853057861,0.5407288074493408,0.11664599180221558
Tree_Pose (102),Tree,4,0.32475602626800537,0.21077749133110046,0.33224883675575256,0.19821420311927795,0.3364681005477905,0.19884204864501953,0.34227070212364197,0.19953283667564392,0.3138580918312073,0.19733640551567078,0.3053489029407501,0.19752857089042664,0.2974211871623993,0.19817930459976196,0.3485272526741028,0.2090526819229126,0.2831351161003113,0.20774471759796143,0.3351481556892395,0.22799989581108093,0.30894774198532104,0.22724345326423645,0.400347501039505,0.3014993667602539,0.23147054016590118,0.2989009618759155,0.40245321393013,0.40395522117614746,0.22288408875465393,0.4067884683609009,0.3367599844932556,0.31061697006225586,0.302421897649765,0.30232179164886475,0.33133697509765625,0.278024822473526,0.3094692528247833,0.2734967768192291,0.3346520960330963,0.26874685287475586,0.30205237865448,0.26424723863601685,0.3353434205055237,0.279186487197876,0.3008710741996765,0.27488237619400024
Tree_Pose (103),Tree,4,0.5133485198020935,0.17421290278434753,0.5298545360565186,0.16043463349342346,0.5373781323432922,0.16158172488212585,0.5437624454498291,0.16266584396362305,0.5038012862205505,0.15863248705863953,0.49482008814811707,0.1581333577632904,0.4846629500389099,0.15721675753593445,0.556207001209259,0.17107456922531128,0.4713890552520752,0.16373717784881592,0.5288143754005432,0.1916894018650055,0.4963570833206177,0.18875330686569214,0.6162093877792358,0.2617412805557251,0.39352673292160034,0.23407867550849915,0.7198832035064697,0.35719597339630127,0.22886154055595398,0.1634443700313568,0.6258988380432129,0.42767441272735596,0.39458850026130676,0.12804213166236877,0.6067209839820862,0.4405708909034729,0.44246673583984375,0.12548556923866272,0.5889359712600708,0.43090692162513733,0.4479137063026428,0.1361139416694641,0.5921133756637573,0.4255084693431854,0.4375080168247223,0.1408875286579132
Tree_Pose (104),Tree,4,0.5073496699333191,0.25123733282089233,0.5136791467666626,0.23700374364852905,0.5184996128082275,0.2374330759048462,0.5233908891677856,0.23804223537445068,0.4948369562625885,0.23651814460754395,0.4870826005935669,0.236576110124588,0.479398250579834,0.23682689666748047,0.5268715023994446,0.24945563077926636,0.46739065647125244,0.24764493107795715,0.5166639685630798,0.26805010437965393,0.4948439300060272,0.2668412923812866,0.5574339628219604,0.3196942210197449,0.4352300763130188,0.32760655879974365,0.5669985413551331,0.2020975947380066,0.42337310314178467,0.22035863995552063,0.4991702139377594,0.10828018188476562,0.462937593460083,0.11451020836830139,0.4770084023475647,0.07970711588859558,0.46463531255722046,0.08404108881950378,0.47390052676200867,0.07983332872390747,0.46374133229255676,0.08313295245170593,0.4799450635910034,0.09077128767967224,0.465786337852478,0.09359189867973328
Tree_Pose (105),Tree,4,0.4986570179462433,0.31825751066207886,0.4927666485309601,0.3062521815299988,0.4898230731487274,0.305684894323349,0.48675233125686646,0.3052250146865845,0.49977973103523254,0.30739355087280273,0.5013536810874939,0.30737531185150146,0.5028334856033325,0.3094410002231598,0.47949448227882385,0.31238090991973877,0.5021169185638428,0.31677448749542236,0.49500760436058044,0.3280547857284546,0.5014658570289612,0.3296041488647461,0.45137888193130493,0.36075103282928467,0.5260465145111084,0.3573620319366455,0.45844727754592896,0.24762970209121704,0.5095967054367065,0.2554975152015686,0.48074597120285034,0.15197208523750305,0.49724480509757996,0.14927798509597778,0.478827565908432,0.12706992030143738,0.4961475133895874,0.12613046169281006,0.4820834994316101,0.12703651189804077,0.492542564868927,0.12552478909492493,0.48364779353141785,0.13788923621177673,0.4918426275253296,0.1350952684879303
Tree_Pose (106),Tree,4,0.6159406900405884,0.25875186920166016,0.6354970932006836,0.24602210521697998,0.6461108922958374,0.2458871603012085,0.6556292772293091,0.2459651231765747,0.5998134613037109,0.24635827541351318,0.5855409502983093,0.24616095423698425,0.5721434354782104,0.24602118134498596,0.6733508706092834,0.2555142343044281,0.5552665591239929,0.25507673621177673,0.6397784948348999,0.27653953433036804,0.5936521291732788,0.2753322422504425,0.7401207089424133,0.3295915126800537,0.4894603192806244,0.332450270652771,0.7424832582473755,0.20611748099327087,0.4445255994796753,0.20664116740226746,0.6676753759384155,0.10297241806983948,0.5525364279747009,0.09970879554748535,0.6460591554641724,0.06845963001251221,0.5917607545852661,0.06445544958114624,0.6378262639045715,0.06919863820075989,0.5926281213760376,0.06373956799507141,0.6395819187164307,0.08397316932678223,0.5870897769927979,0.07596766948699951
Tree_Pose (107),Tree,4,0.5086744427680969,0.11669877171516418,0.5174947381019592,0.10078105330467224,0.5227514505386353,0.10078445076942444,0.5263275504112244,0.10065379738807678,0.5011615753173828,0.10192129015922546,0.49550315737724304,0.10258403420448303,0.49014243483543396,0.10319128632545471,0.5344460606575012,0.11167272925376892,0.48232153058052063,0.11241388320922852,0.5198813676834106,0.13745543360710144,0.4985862076282501,0.1352003812789917,0.5739607214927673,0.22809863090515137,0.44743332266807556,0.22965563833713531,0.578586757183075,0.38096535205841064,0.42914870381355286,0.37608763575553894,0.5160403251647949,0.2692500948905945,0.4897737205028534,0.27432942390441895,0.5117344856262207,0.2333768606185913,0.49436065554618835,0.2346726804971695,0.5129349231719971,0.22441338002681732,0.4896821677684784,0.2236606478691101,0.5140302181243896,0.23506107926368713,0.48996320366859436,0.23540423810482025
Tree_Pose (108),Tree,4,0.44174331426620483,0.18300971388816833,0.4325339198112488,0.1719442903995514,0.42548149824142456,0.1724984347820282,0.4178721010684967,0.1730843484401703,0.4509601294994354,0.17145901918411255,0.45709648728370667,0.17160621285438538,0.46329641342163086,0.17174744606018066,0.41175565123558044,0.18102765083312988,0.47635138034820557,0.17827174067497253,0.43030938506126404,0.19909003376960754,0.45160984992980957,0.1979619860649109,0.3386223316192627,0.2680988907814026,0.5544023513793945,0.2625843286514282,0.2541998028755188,0.36029964685440063,0.6260181665420532,0.353766530752182,0.3699467182159424,0.4188203513622284,0.5416318774223328,0.3985733389854431,0.3961143493652344,0.42693030834198,0.491168737411499,0.42627570033073425,0.4112403988838196,0.41634401679039,0.4822133779525757,0.41554853320121765,0.4032153785228729,0.41278961300849915,0.4827367663383484,0.4108280837535858
Tree_Pose (109),Tree,4,0.5290496945381165,0.26350709795951843,0.5360259413719177,0.25168871879577637,0.5400134325027466,0.2522026300430298,0.5434271097183228,0.2526392340660095,0.523545503616333,0.25140297412872314,0.5192583203315735,0.2517865300178528,0.5153159499168396,0.2520969808101654,0.5499569773674011,0.2610008120536804,0.5116433501243591,0.25920674204826355,0.5373492240905762,0.2799933850765228,0.5214558243751526,0.2789504826068878,0.5861818194389343,0.3447921872138977,0.482496052980423,0.33962830901145935,0.5935108661651611,0.44565093517303467,0.4644263982772827,0.4427518844604492,0.5388445854187012,0.40201884508132935,0.5176429152488708,0.4013875722885132,0.5305800437927246,0.3794620633125305,0.5271010398864746,0.38187217712402344,0.5293655395507812,0.36985480785369873,0.52679044008255,0.3735308051109314,0.5326838493347168,0.3770405054092407,0.5250849723815918,0.3785563111305237
Tree_Pose (110),Tree,4,0.48333701491355896,0.28526291251182556,0.49647700786590576,0.27149099111557007,0.5066901445388794,0.271518737077713,0.5168454051017761,0.2719670832157135,0.4655236601829529,0.27054932713508606,0.4540480375289917,0.26968076825141907,0.44435441493988037,0.2692126929759979,0.5257790088653564,0.27962929010391235,0.42923903465270996,0.2766360342502594,0.49897870421409607,0.30153852701187134,0.46042948961257935,0.29924121499061584,0.5674682855606079,0.35075536370277405,0.3723718523979187,0.34054529666900635,0.6531192660331726,0.24901247024536133,0.3375556468963623,0.23281371593475342,0.6951743364334106,0.14530107378959656,0.3408522605895996,0.12233766913414001,0.7195178866386414,0.1185581386089325,0.32457679510116577,0.09150305390357971,0.7096725702285767,0.11263352632522583,0.3373146653175354,0.08791187405586243,0.6988790035247803,0.12250146269798279,0.3483431339263916,0.09832090139389038
Tree_Pose (112),Tree,4,0.49621614813804626,0.27329638600349426,0.49351146817207336,0.2629491090774536,0.4918782413005829,0.26362815499305725,0.49028119444847107,0.26440271735191345,0.4976802170276642,0.26232925057411194,0.49918437004089355,0.26279813051223755,0.5009428858757019,0.26343509554862976,0.48692384362220764,0.27401426434516907,0.5037686228752136,0.27458247542381287,0.49478405714035034,0.28798753023147583,0.4994944632053375,0.28745630383491516,0.46321550011634827,0.34010136127471924,0.5228455066680908,0.3396393656730652,0.45645585656166077,0.21423637866973877,0.519980788230896,0.2310299277305603,0.48939138650894165,0.12266811728477478,0.49959176778793335,0.122931569814682,0.4901176393032074,0.09938642382621765,0.49775058031082153,0.09695771336555481,0.49133339524269104,0.10214099287986755,0.49599918723106384,0.09798869490623474,0.49150654673576355,0.10983380675315857,0.49572768807411194,0.10823491215705872
Tree_Pose (114),Tree,4,0.5133141875267029,0.14065998792648315,0.5178617835044861,0.1234845519065857,0.5212604999542236,0.1228189468383789,0.5251903533935547,0.12222793698310852,0.5046155452728271,0.12506750226020813,0.4990542232990265,0.12563157081604004,0.49407297372817993,0.1262461245059967,0.5305807590484619,0.13019084930419922,0.4867111146450043,0.13568910956382751,0.5218952298164368,0.15629085898399353,0.5050805807113647,0.15818464756011963,0.5692741274833679,0.23534008860588074,0.4612095355987549,0.23774543404579163,0.5710537433624268,0.3515954315662384,0.46766579151153564,0.35187986493110657,0.5269984006881714,0.2571341097354889,0.5078818798065186,0.24797430634498596,0.5224440693855286,0.22695113718509674,0.5130738019943237,0.21869678795337677,0.5230320692062378,0.22004972398281097,0.509060263633728,0.20858947932720184,0.5239883065223694,0.22991737723350525,0.5081749558448792,0.21956641972064972
Tree_Pose (115),Tree,4,0.43220067024230957,0.20542895793914795,0.44369736313819885,0.19411519169807434,0.4506601095199585,0.19450059533119202,0.45677971839904785,0.1949569284915924,0.41972649097442627,0.19405406713485718,0.41102832555770874,0.19449669122695923,0.4032355546951294,0.19499346613883972,0.46662184596061707,0.2062263786792755,0.39637160301208496,0.20499730110168457,0.4476349651813507,0.2202604115009308,0.4195166230201721,0.22123748064041138,0.5243135690689087,0.2705232501029968,0.35270169377326965,0.2703801393508911,0.5877262353897095,0.17798244953155518,0.29613062739372253,0.1697307527065277,0.4744417369365692,0.10181429982185364,0.404311865568161,0.10795643925666809,0.4561295509338379,0.08164933323860168,0.4244707226753235,0.0878247618675232,0.4475778043270111,0.08498084545135498,0.4287922978401184,0.09232527017593384,0.4507538974285126,0.09235107898712158,0.42432916164398193,0.10128572583198547
Tree_Pose (116),Tree,4,0.6741638779640198,0.36314401030540466,0.6734558939933777,0.3541565537452698,0.6734422445297241,0.3543137311935425,0.6735867857933044,0.3543183505535126,0.6737600564956665,0.3525862693786621,0.6730291247367859,0.35207226872444153,0.6730285286903381,0.3516177535057068,0.6772683262825012,0.3568372130393982,0.6735836863517761,0.35737547278404236,0.6750770807266235,0.37472641468048096,0.6751670241355896,0.3743937909603119,0.705294132232666,0.4156837463378906,0.6557021141052246,0.414499431848526,0.7630710601806641,0.3583696186542511,0.5860640406608582,0.36622291803359985,0.7653725743293762,0.2706567645072937,0.5798403024673462,0.26784268021583557,0.7654244303703308,0.24744528532028198,0.5790302753448486,0.24998295307159424,0.7585703134536743,0.24277931451797485,0.5885765552520752,0.2473704218864441,0.7566453814506531,0.25435906648635864,0.5913741588592529,0.25319308042526245
Tree_Pose (118),Tree,4,0.521778404712677,0.2604769468307495,0.5175004601478577,0.24938681721687317,0.5142470002174377,0.24955832958221436,0.511085033416748,0.24979189038276672,0.5255066156387329,0.2483472228050232,0.5279821157455444,0.24794209003448486,0.5306621193885803,0.24761533737182617,0.5055416822433472,0.25574424862861633,0.5338298678398132,0.2547982335090637,0.517070472240448,0.2709575295448303,0.5255817770957947,0.26999425888061523,0.46983814239501953,0.33565354347229004,0.5608693361282349,0.3365688920021057,0.4533752501010895,0.4380488395690918,0.5834755301475525,0.44070523977279663,0.49665898084640503,0.4267253875732422,0.5618648529052734,0.4357438087463379,0.5060437917709351,0.4241943657398224,0.5583644509315491,0.4351838529109955,0.5105735063552856,0.41461262106895447,0.5495187640190125,0.4235198497772217,0.5086366534233093,0.4147265553474426,0.5481651425361633,0.4218905568122864
Tree_Pose (119),Tree,4,0.508650004863739,0.2576662302017212,0.5270335674285889,0.24265125393867493,0.5370272994041443,0.2422393262386322,0.5457308888435364,0.24208256602287292,0.49767443537712097,0.2442857027053833,0.4892616868019104,0.24468952417373657,0.4821315407752991,0.2449655532836914,0.5614942908287048,0.24800783395767212,0.47715282440185547,0.2498234510421753,0.5279894471168518,0.2733420729637146,0.49370938539505005,0.27467846870422363,0.6151219606399536,0.3119139075279236,0.44058752059936523,0.31540966033935547,0.6516772508621216,0.19868767261505127,0.39218831062316895,0.20164281129837036,0.6679663062095642,0.08452826738357544,0.36987265944480896,0.09280309081077576,0.6701854467391968,0.06235527992248535,0.36224836111068726,0.0628109872341156,0.6634275913238525,0.060929715633392334,0.3729725778102875,0.06142783164978027,0.6588620543479919,0.064951092004776,0.3772094249725342,0.06854158639907837
Tree_Pose (12),Tree,4,0.4917328357696533,0.1781688928604126,0.4829317033290863,0.16983690857887268,0.4773300588130951,0.17022743821144104,0.47037720680236816,0.17042085528373718,0.49804913997650146,0.17015236616134644,0.5024134516716003,0.1709206998348236,0.5071797966957092,0.1716603934764862,0.4645642936229706,0.17885076999664307,0.5148338079452515,0.18046730756759644,0.4847092628479004,0.1885303556919098,0.49957355856895447,0.18936628103256226,0.4217102825641632,0.24515970051288605,0.574284553527832,0.24761845171451569,0.37309691309928894,0.1496739387512207,0.6081347465515137,0.15235787630081177,0.46002110838890076,0.07661688327789307,0.49934256076812744,0.07846939563751221,0.46332964301109314,0.04894182085990906,0.49454203248023987,0.052801042795181274,0.47115519642829895,0.055851519107818604,0.48825976252555847,0.0575413703918457,0.47099655866622925,0.06328234076499939,0.48843762278556824,0.06808975338935852
Tree_Pose (120),Tree,4,0.5271108746528625,0.2850356996059418,0.5316741466522217,0.2723967730998993,0.5352862477302551,0.27170827984809875,0.5379018783569336,0.2707125246524811,0.5223198533058167,0.27385300397872925,0.5191460251808167,0.27410486340522766,0.5164124965667725,0.27427154779434204,0.5428662300109863,0.2760067582130432,0.5106114745140076,0.27933526039123535,0.5330712199211121,0.2985774874687195,0.5209807753562927,0.29810458421707153,0.5696289539337158,0.3558092713356018,0.48725512623786926,0.35424894094467163,0.5993070602416992,0.4343724250793457,0.45403099060058594,0.438137412071228,0.534521222114563,0.40096575021743774,0.5102775692939758,0.3997591733932495,0.5273333191871643,0.37761637568473816,0.5177154541015625,0.37332162261009216,0.5263985395431519,0.36924710869789124,0.518390953540802,0.369274377822876,0.5279921889305115,0.37853550910949707,0.5172971487045288,0.37815290689468384
Tree_Pose (123),Tree,4,0.46092236042022705,0.2646159529685974,0.4691399931907654,0.25520557165145874,0.4751870036125183,0.2551344335079193,0.4811018109321594,0.25515836477279663,0.4505190849304199,0.25595834851264954,0.4443657100200653,0.2562904953956604,0.43849867582321167,0.25674721598625183,0.4851436913013458,0.2640349268913269,0.4236603379249573,0.2669626772403717,0.4706399142742157,0.27700644731521606,0.45067813992500305,0.2775161862373352,0.5223419070243835,0.32419705390930176,0.3867650032043457,0.3267638683319092,0.5398671627044678,0.22229152917861938,0.3894306421279907,0.21820834279060364,0.49209102988243103,0.12448489665985107,0.4408673644065857,0.12525317072868347,0.4860321879386902,0.09938836097717285,0.45121634006500244,0.09634259343147278,0.4836639165878296,0.09838595986366272,0.448801189661026,0.09952712059020996,0.48306745290756226,0.10771927237510681,0.44774821400642395,0.10859259963035583
Tree_Pose (125),Tree,4,0.5375317335128784,0.17890730500221252,0.5497154593467712,0.16134482622146606,0.5606372952461243,0.16033673286437988,0.5691059231758118,0.159123033285141,0.5201151967048645,0.16360732913017273,0.5109645128250122,0.16417056322097778,0.5018951296806335,0.16439151763916016,0.5866832137107849,0.16738903522491455,0.495043009519577,0.1732010841369629,0.558379054069519,0.19710499048233032,0.5237700343132019,0.1987251341342926,0.6633583903312683,0.2736266851425171,0.4299647808074951,0.26459184288978577,0.6752394437789917,0.39878302812576294,0.36437851190567017,0.3837176561355591,0.5538375377655029,0.32400059700012207,0.4989769160747528,0.33425623178482056,0.5360422134399414,0.30305415391921997,0.52033931016922,0.3143480122089386,0.5385087132453918,0.2924390435218811,0.5188667178153992,0.2988207936286926,0.544472336769104,0.3001455068588257,0.5149276852607727,0.3107503056526184
Tree_Pose (126),Tree,4,0.46637481451034546,0.3180157542228699,0.47087040543556213,0.30595698952674866,0.4741058945655823,0.30732786655426025,0.4772999584674835,0.3084501326084137,0.461073637008667,0.30470961332321167,0.4575141370296478,0.305100679397583,0.45420539379119873,0.30575746297836304,0.4802006483078003,0.3187718093395233,0.4498339295387268,0.3143536448478699,0.47196680307388306,0.33679401874542236,0.4593425691127777,0.33451205492019653,0.5091142058372498,0.40278056263923645,0.42503291368484497,0.399220734834671,0.558603048324585,0.33019062876701355,0.37734705209732056,0.3132045865058899,0.5926512479782104,0.23146244883537292,0.34583622217178345,0.21309936046600342,0.6040499806404114,0.1986273229122162,0.3361726999282837,0.18291696906089783,0.5988177061080933,0.1906479299068451,0.3394348621368408,0.1757471263408661,0.593780517578125,0.2049572765827179,0.3432706892490387,0.1838485598564148
Tree_Pose (127),Tree,4,0.451254665851593,0.4058431386947632,0.4539579451084137,0.3966800570487976,0.45594966411590576,0.3964703679084778,0.45809289813041687,0.3961428999900818,0.44739410281181335,0.3961787223815918,0.4451614320278168,0.3959096670150757,0.44313377141952515,0.3957964777946472,0.46210870146751404,0.3960154950618744,0.44180428981781006,0.3974711000919342,0.4556078016757965,0.413703978061676,0.44833964109420776,0.41413414478302,0.4738908112049103,0.4319862127304077,0.43585020303726196,0.43315160274505615,0.47856613993644714,0.3628229796886444,0.4242803454399109,0.365638792514801,0.45827633142471313,0.3157380223274231,0.44561347365379333,0.3138231039047241,0.4543945789337158,0.2994774580001831,0.4492661952972412,0.296764612197876,0.4528689682483673,0.2989746332168579,0.4490724205970764,0.2967213988304138,0.4535445272922516,0.3058261573314667,0.44892755150794983,0.3046075105667114
Tree_Pose (129),Tree,4,0.37549564242362976,0.1590977907180786,0.3962218761444092,0.14577803015708923,0.4070548117160797,0.14551123976707458,0.41772302985191345,0.1453511118888855,0.37128686904907227,0.14590483903884888,0.36551615595817566,0.1461867094039917,0.3585660457611084,0.14639487862586975,0.44205835461616516,0.15238076448440552,0.3686700165271759,0.15190431475639343,0.39822158217430115,0.17940855026245117,0.36585986614227295,0.18002593517303467,0.5055097937583923,0.25444427132606506,0.32473024725914,0.24513700604438782,0.6942778825759888,0.27275776863098145,0.19134411215782166,0.24412930011749268,0.8537114858627319,0.29617899656295776,0.0822668969631195,0.25554677844047546,0.9058589935302734,0.29830098152160645,0.05614888668060303,0.2538929581642151,0.9130858778953552,0.2967272400856018,0.055332720279693604,0.25611257553100586,0.8915762901306152,0.29967811703681946,0.061189860105514526,0.2598920464515686
Tree_Pose (130),Tree,4,0.503920316696167,0.2520616054534912,0.5099682807922363,0.2380446195602417,0.5137554407119751,0.2378634214401245,0.5174156427383423,0.23774689435958862,0.4954894185066223,0.2386721968650818,0.49028879404067993,0.23881447315216064,0.48542535305023193,0.23929139971733093,0.525327742099762,0.24348726868629456,0.47699978947639465,0.24633920192718506,0.5123706459999084,0.2659952640533447,0.4952523112297058,0.2660793662071228,0.5680967569351196,0.3290470838546753,0.43575525283813477,0.32573240995407104,0.6133482456207275,0.4226784408092499,0.39382368326187134,0.41628551483154297,0.5223571062088013,0.4006431996822357,0.4811326563358307,0.40045398473739624,0.5103610754013062,0.3818962574005127,0.49740561842918396,0.38115203380584717,0.5106498003005981,0.375619113445282,0.497579962015152,0.37579023838043213,0.5122915506362915,0.38057082891464233,0.4943128526210785,0.3822205066680908
Tree_Pose (132),Tree,4,0.3979441523551941,0.2582574486732483,0.4119870960712433,0.24334773421287537,0.42123478651046753,0.2433634102344513,0.430286705493927,0.24350592494010925,0.3863207995891571,0.24383676052093506,0.37878215312957764,0.24427667260169983,0.3722158670425415,0.24480310082435608,0.4447733759880066,0.25100991129875183,0.36564305424690247,0.25312674045562744,0.41736167669296265,0.27341556549072266,0.38344189524650574,0.2728402316570282,0.521958589553833,0.3399283289909363,0.30605366826057434,0.3481863737106323,0.6180683374404907,0.41011783480644226,0.22952201962471008,0.438920259475708,0.45198166370391846,0.3861527442932129,0.36784812808036804,0.3984605669975281,0.4301620125770569,0.3666493892669678,0.39936697483062744,0.3792130947113037,0.42349061369895935,0.35871535539627075,0.404718279838562,0.37294578552246094,0.431333065032959,0.3675912618637085,0.39841777086257935,0.38061705231666565
Tree_Pose (134),Tree,4,0.507943868637085,0.15082332491874695,0.5181703567504883,0.13256272673606873,0.524763286113739,0.13255614042282104,0.5296289324760437,0.1326759159564972,0.49657437205314636,0.1316342055797577,0.4873812198638916,0.13146954774856567,0.48070693016052246,0.1316382884979248,0.5417906641960144,0.13824006915092468,0.47396355867385864,0.1368323564529419,0.5217072367668152,0.16852471232414246,0.4960002601146698,0.17023959755897522,0.6031030416488647,0.23638588190078735,0.4194485545158386,0.23411837220191956,0.7275865077972412,0.2715110778808594,0.27943724393844604,0.26836317777633667,0.8521097302436829,0.24753673374652863,0.13932421803474426,0.25303757190704346,0.8935407400131226,0.23909616470336914,0.09895345568656921,0.249810591340065,0.892439603805542,0.23053261637687683,0.09711506962776184,0.2437199503183365,0.8812422752380371,0.23376935720443726,0.10832473635673523,0.2461342215538025
Tree_Pose (135),Tree,4,0.5673256516456604,0.18254587054252625,0.5699551701545715,0.16778257489204407,0.576176643371582,0.16819098591804504,0.5819695591926575,0.16869893670082092,0.545864462852478,0.1678549349308014,0.5359534025192261,0.1683834195137024,0.526893138885498,0.16894659399986267,0.5817578434944153,0.17635497450828552,0.5083642601966858,0.17853739857673645,0.5779904723167419,0.2001795768737793,0.5459433197975159,0.1992741823196411,0.6609772443771362,0.28311941027641296,0.4292599558830261,0.2844187915325165,0.8214927911758423,0.274334192276001,0.32015877962112427,0.38265711069107056,0.8196291923522949,0.1519128680229187,0.16722631454467773,0.37090933322906494,0.8201884031295776,0.11647537350654602,0.11467111110687256,0.3642765283584595,0.8067898154258728,0.11033332347869873,0.11708524823188782,0.35369861125946045,0.8030036687850952,0.12547999620437622,0.13740640878677368,0.3564864993095398
Tree_Pose (137),Tree,4,0.5205380320549011,0.2141229808330536,0.5305260419845581,0.20441865921020508,0.5372570157051086,0.20394903421401978,0.5416176915168762,0.20361173152923584,0.5083209276199341,0.20534875988960266,0.5001130104064941,0.20563259720802307,0.49343740940093994,0.20587894320487976,0.5513316988945007,0.20823538303375244,0.4833386242389679,0.2091267704963684,0.5347267985343933,0.22690439224243164,0.50706547498703,0.22921521961688995,0.6069861650466919,0.28599900007247925,0.4413906931877136,0.2867528200149536,0.6495455503463745,0.3744766116142273,0.40336108207702637,0.3817356824874878,0.5230830311775208,0.32594937086105347,0.5088760256767273,0.32340580224990845,0.4991547763347626,0.3134324550628662,0.521752119064331,0.30324679613113403,0.502182126045227,0.304310142993927,0.5222241878509521,0.2963630259037018,0.508650004863739,0.30808648467063904,0.5200099945068359,0.3027404546737671
Tree_Pose (138),Tree,4,0.6125761866569519,0.16808706521987915,0.6219490170478821,0.1572856307029724,0.6291370391845703,0.15756049752235413,0.6338760256767273,0.15766644477844238,0.5992267727851868,0.15735700726509094,0.5908589959144592,0.15765655040740967,0.5840253233909607,0.15810418128967285,0.6423215866088867,0.16502845287322998,0.5699629187583923,0.16664251685142517,0.6275795698165894,0.1840430498123169,0.5983778238296509,0.18335729837417603,0.7051055431365967,0.2604844570159912,0.5095617175102234,0.2592872381210327,0.754646897315979,0.3657095730304718,0.4586940407752991,0.3704853355884552,0.6302857995033264,0.31779611110687256,0.5710350871086121,0.3163954019546509,0.6156829595565796,0.29151108860969543,0.5881109237670898,0.29055455327033997,0.6159037351608276,0.2823224663734436,0.5853670239448547,0.2824375331401825,0.6190164685249329,0.29058337211608887,0.5836499929428101,0.28936678171157837
Tree_Pose (140),Tree,4,0.6281610727310181,0.2790541648864746,0.6372437477111816,0.26723048090934753,0.6425888538360596,0.26782435178756714,0.6474335789680481,0.26842281222343445,0.6189836263656616,0.26680514216423035,0.6119502782821655,0.2668207585811615,0.6038733124732971,0.2669296860694885,0.6570864319801331,0.27905020117759705,0.593241810798645,0.2783869206905365,0.6397193670272827,0.2938042879104614,0.6180413365364075,0.2923923134803772,0.6914616227149963,0.3432932496070862,0.55888432264328,0.3329625725746155,0.692691445350647,0.23492470383644104,0.5632918477058411,0.23038694262504578,0.6489092707633972,0.1425897479057312,0.6034570336341858,0.13758888840675354,0.6369989514350891,0.12280860543251038,0.6187458634376526,0.12042871117591858,0.63453608751297,0.1210775375366211,0.6213022470474243,0.11867526173591614,0.6358432769775391,0.12673190236091614,0.6183815598487854,0.12415936589241028
Tree_Pose (141),Tree,4,0.4910261332988739,0.17746779322624207,0.4986081123352051,0.16055476665496826,0.5023175477981567,0.1608455777168274,0.5061938762664795,0.16130462288856506,0.48456794023513794,0.16019171476364136,0.4799569845199585,0.16009807586669922,0.4755805730819702,0.16005805134773254,0.5117360353469849,0.16930338740348816,0.4693464934825897,0.1658916175365448,0.4988393485546112,0.19720786809921265,0.48244646191596985,0.19684121012687683,0.5453366637229919,0.26225966215133667,0.43700700998306274,0.25999295711517334,0.5618158578872681,0.3991034924983978,0.41890743374824524,0.3873407244682312,0.5031765699386597,0.32281991839408875,0.4812244772911072,0.32459601759910583,0.49511295557022095,0.2935246229171753,0.4865119755268097,0.2946191430091858,0.49792006611824036,0.2808823585510254,0.4865127503871918,0.2819176912307739,0.4997762143611908,0.28842589259147644,0.4855177104473114,0.2907532751560211
Tree_Pose (142),Tree,4,0.5333982110023499,0.14667651057243347,0.5495446920394897,0.12539637088775635,0.5595241785049438,0.1245502233505249,0.5671721696853638,0.12378981709480286,0.5193408727645874,0.12747570872306824,0.5100257396697998,0.12759506702423096,0.5004771947860718,0.1273452341556549,0.5838403105735779,0.13136330246925354,0.4922136664390564,0.13441097736358643,0.5551485419273376,0.16281923651695251,0.5168235898017883,0.163485586643219,0.6715613603591919,0.24557946622371674,0.4138730466365814,0.23954027891159058,0.705862820148468,0.39234524965286255,0.3661593198776245,0.37706899642944336,0.5668566823005676,0.30759119987487793,0.5104923248291016,0.2949662208557129,0.5524487495422363,0.2744484543800354,0.5306278467178345,0.2609405517578125,0.5545388460159302,0.2639150023460388,0.5224224328994751,0.24848338961601257,0.5563530325889587,0.2727409303188324,0.5208839178085327,0.25675034523010254
Tree_Pose (143),Tree,4,0.4843147397041321,0.17349502444267273,0.49524417519569397,0.16017082333564758,0.5033919811248779,0.16033071279525757,0.5110304355621338,0.16043463349342346,0.46905767917633057,0.15936774015426636,0.4576583206653595,0.15916642546653748,0.4463469386100769,0.15921878814697266,0.5171161890029907,0.16943234205245972,0.430254191160202,0.17010363936424255,0.49612629413604736,0.19466564059257507,0.4639371633529663,0.19427862763404846,0.5881392955780029,0.2854357957839966,0.3564178943634033,0.2855644226074219,0.6684701442718506,0.4056631922721863,0.289048433303833,0.42078715562820435,0.5059288740158081,0.3704606294631958,0.4419388473033905,0.3686223328113556,0.48265349864959717,0.34186577796936035,0.46642065048217773,0.3394926190376282,0.48250246047973633,0.3328644037246704,0.4638829231262207,0.3314431607723236,0.4862835705280304,0.33942079544067383,0.4608651399612427,0.3383216857910156
Tree_Pose (144),Tree,4,0.5237336158752441,0.41454219818115234,0.5319817066192627,0.4058919847011566,0.5374654531478882,0.4058811664581299,0.5419792532920837,0.4059915244579315,0.517617404460907,0.40585529804229736,0.5125777721405029,0.40595585107803345,0.5081371665000916,0.4059922397136688,0.5504773855209351,0.41024693846702576,0.5009939074516296,0.41102129220962524,0.5329256653785706,0.42519983649253845,0.5140796899795532,0.42499637603759766,0.5963104963302612,0.4728069305419922,0.4604654014110565,0.4658545255661011,0.6142727732658386,0.5539584755897522,0.4248008131980896,0.5441581606864929,0.5393182039260864,0.5219897031784058,0.46316972374916077,0.5240970253944397,0.5251336693763733,0.5114865303039551,0.47069230675697327,0.5156188011169434,0.5251743197441101,0.502123236656189,0.4778866469860077,0.5035631656646729,0.527713418006897,0.5042554140090942,0.48063281178474426,0.5102920532226562
Tree_Pose (145),Tree,4,0.5167691111564636,0.3429788649082184,0.5235187411308289,0.3325754404067993,0.5275421738624573,0.33301740884780884,0.5328483581542969,0.3334718644618988,0.5081691145896912,0.3321521282196045,0.5018736124038696,0.33238285779953003,0.4952867925167084,0.33270522952079773,0.5410464406013489,0.341644287109375,0.48324698209762573,0.34041669964790344,0.5265363454818726,0.35634511709213257,0.5056285262107849,0.3556572198867798,0.5899029970169067,0.4143981337547302,0.4404313266277313,0.4162057936191559,0.6057330965995789,0.5016485452651978,0.4247267246246338,0.500360369682312,0.5426103472709656,0.4557114243507385,0.5116912722587585,0.44468948245048523,0.526605486869812,0.4445081949234009,0.5226573944091797,0.425489217042923,0.5283153057098389,0.4175032079219818,0.517693817615509,0.4176311492919922,0.5321881175041199,0.4297736883163452,0.5159338712692261,0.42460572719573975
Tree_Pose (147),Tree,4,0.5591750144958496,0.09987476468086243,0.5743644833564758,0.08275958895683289,0.5840574502944946,0.08269733190536499,0.5935318470001221,0.08276709914207458,0.5423651337623596,0.0846567451953888,0.5318411588668823,0.08586546778678894,0.521583616733551,0.08648097515106201,0.6122251152992249,0.0937717854976654,0.5079419612884521,0.0987023115158081,0.5799774527549744,0.12224981188774109,0.5402488708496094,0.12303605675697327,0.6991194486618042,0.2139919102191925,0.4309696853160858,0.21665135025978088,0.8006963729858398,0.30911797285079956,0.32836538553237915,0.3250483274459839,0.5898873805999756,0.262367308139801,0.5189414620399475,0.26775509119033813,0.5523853898048401,0.2384166270494461,0.5499891042709351,0.2382393628358841,0.5516336560249329,0.23183582723140717,0.5469053387641907,0.2321384698152542,0.562811017036438,0.23998388648033142,0.5427181720733643,0.24325644969940186
Tree_Pose (148),Tree,4,0.4715944528579712,0.18136480450630188,0.4872179329395294,0.16375523805618286,0.49772143363952637,0.1632474660873413,0.5055876970291138,0.16275417804718018,0.458143413066864,0.16519635915756226,0.4494701027870178,0.16524705290794373,0.4402247667312622,0.16544309258460999,0.5194377303123474,0.16916650533676147,0.42797568440437317,0.1726151704788208,0.4901818335056305,0.19799956679344177,0.4535706639289856,0.19998034834861755,0.6068171262741089,0.2716156840324402,0.34395676851272583,0.273715078830719,0.6772791743278503,0.3988863229751587,0.2737724184989929,0.3967679440975189,0.5058252215385437,0.341276079416275,0.4191988706588745,0.3429878056049347,0.48691526055336,0.3125293552875519,0.45683255791664124,0.3104705512523651,0.4843492805957794,0.30405110120773315,0.455881267786026,0.3014678657054901,0.4882218539714813,0.31336042284965515,0.4502025842666626,0.31129375100135803
Tree_Pose (149),Tree,4,0.5550753474235535,0.1226101815700531,0.5606489181518555,0.10392078757286072,0.5630390644073486,0.10402107238769531,0.5660827159881592,0.10410019755363464,0.5494439601898193,0.10436567664146423,0.5442525744438171,0.10485300421714783,0.5399781465530396,0.10543552041053772,0.5701538920402527,0.11344069242477417,0.5344197750091553,0.11426541209220886,0.5613730549812317,0.14279502630233765,0.5472394227981567,0.1426936686038971,0.5986304879188538,0.21994855999946594,0.5072874426841736,0.22007670998573303,0.6200284361839294,0.33886414766311646,0.4854738712310791,0.33692285418510437,0.5619215965270996,0.25625407695770264,0.5464314222335815,0.24463504552841187,0.5518440008163452,0.2231719195842743,0.5542911291122437,0.21517732739448547,0.5532880425453186,0.21158182621002197,0.5527549982070923,0.20248538255691528,0.5557478070259094,0.2220924198627472,0.5507729053497314,0.21376460790634155
Tree_Pose (150),Tree,4,0.5048804879188538,0.31268781423568726,0.5161744952201843,0.30038127303123474,0.523699164390564,0.3007543981075287,0.5315860509872437,0.30128780007362366,0.49440091848373413,0.29997625946998596,0.48730334639549255,0.30014267563819885,0.4806630313396454,0.3003622889518738,0.545429527759552,0.3091368079185486,0.47542205452919006,0.3068411648273468,0.5192375779151917,0.3261127471923828,0.4915982484817505,0.3253202438354492,0.605380117893219,0.3690440058708191,0.43443217873573303,0.3672548532485962,0.6825015544891357,0.27983468770980835,0.3557146191596985,0.280090868473053,0.5555737018585205,0.22274470329284668,0.4710767865180969,0.22270876169204712,0.531978964805603,0.19765466451644897,0.5003292560577393,0.19655779004096985,0.5268272757530212,0.20015698671340942,0.5024822950363159,0.19971221685409546,0.5298178195953369,0.21182724833488464,0.4957059323787689,0.2120097577571869
Tree_Pose (151),Tree,4,0.5522240400314331,0.16119664907455444,0.5657018423080444,0.144929438829422,0.5741747617721558,0.14469507336616516,0.5818714499473572,0.14452242851257324,0.538191556930542,0.1456747055053711,0.5293375253677368,0.14568331837654114,0.5204514861106873,0.1460859775543213,0.5976046323776245,0.15083736181259155,0.5080435872077942,0.15315574407577515,0.5709633827209473,0.1786142885684967,0.5360772013664246,0.17822805047035217,0.6780526638031006,0.25093477964401245,0.43974754214286804,0.24969284236431122,0.7736539244651794,0.3568050265312195,0.35527846217155457,0.3639377951622009,0.5962022542953491,0.34233358502388,0.5227001905441284,0.3402533233165741,0.5679434537887573,0.31451767683029175,0.5619391798973083,0.3180581033229828,0.5654220581054688,0.3090590238571167,0.559332013130188,0.3105595111846924,0.5698480010032654,0.31702762842178345,0.5529786944389343,0.31586235761642456
Tree_Pose (153),Tree,4,0.20330724120140076,0.2622379660606384,0.19131352007389069,0.25353026390075684,0.18996450304985046,0.25447770953178406,0.18872253596782684,0.2550797760486603,0.19166529178619385,0.2526024281978607,0.19030925631523132,0.25314202904701233,0.18892286717891693,0.25343266129493713,0.17592790722846985,0.2673269212245941,0.17721441388130188,0.26559963822364807,0.20637394487857819,0.2780503034591675,0.20609597861766815,0.2772611379623413,0.17295725643634796,0.3256874978542328,0.18269653618335724,0.3157472014427185,0.1751323789358139,0.2199910581111908,0.18704652786254883,0.19971096515655518,0.17637991905212402,0.14087826013565063,0.18029868602752686,0.10974764823913574,0.16868527233600616,0.11414769291877747,0.17865654826164246,0.08998137712478638,0.1698751002550125,0.11414507031440735,0.17524966597557068,0.09006473422050476,0.1600331813097,0.12231895327568054,0.1755756139755249,0.1027594804763794
Tree_Pose (155),Tree,4,0.5440953969955444,0.14225313067436218,0.5499132871627808,0.1258627474308014,0.5548675060272217,0.1256541907787323,0.5586039423942566,0.12539714574813843,0.5369144082069397,0.12567102909088135,0.5328727960586548,0.1256825029850006,0.5284388661384583,0.12588319182395935,0.5652111172676086,0.13224032521247864,0.5224897265434265,0.13422414660453796,0.5534002184867859,0.16109159588813782,0.5365291833877563,0.16214239597320557,0.6044136881828308,0.24245062470436096,0.48930010199546814,0.2441851645708084,0.6223284006118774,0.3748841881752014,0.46305662393569946,0.3809998035430908,0.5452751517295837,0.31257355213165283,0.5239335894584656,0.3051932156085968,0.5329904556274414,0.2832460403442383,0.5348844528198242,0.27323922514915466,0.5351518988609314,0.2729688584804535,0.5336570739746094,0.26130229234695435,0.5380415916442871,0.2829142212867737,0.5311056971549988,0.2737637758255005
Tree_Pose (156),Tree,4,0.5674949288368225,0.2940104603767395,0.5770683288574219,0.28184977173805237,0.584377110004425,0.28173819184303284,0.5905195474624634,0.2817274332046509,0.5562622547149658,0.2827053964138031,0.5482883453369141,0.2830176055431366,0.5413132309913635,0.28329113125801086,0.6003967523574829,0.2910967767238617,0.5325915813446045,0.2930285632610321,0.5822533369064331,0.3074381351470947,0.5554969906806946,0.30696630477905273,0.6493591070175171,0.34743285179138184,0.5003982782363892,0.3486444354057312,0.6609805226325989,0.24350303411483765,0.4874536693096161,0.24130406975746155,0.5873111486434937,0.14613771438598633,0.5311083793640137,0.14915481209754944,0.5731176137924194,0.11994743347167969,0.5469124913215637,0.12012982368469238,0.5706013441085815,0.1168992817401886,0.54753577709198,0.11872366070747375,0.5732588768005371,0.12688776850700378,0.5454725027084351,0.13005536794662476
Tree_Pose (157),Tree,4,0.5514655709266663,0.1428564488887787,0.570281982421875,0.12795531749725342,0.5822297930717468,0.12821272015571594,0.5914029479026794,0.12866950035095215,0.5374360084533691,0.12875154614448547,0.5273308753967285,0.1295689046382904,0.5207947492599487,0.13004830479621887,0.6079809069633484,0.14061003923416138,0.5148358345031738,0.14525356888771057,0.5761885046958923,0.16474655270576477,0.533319890499115,0.16584888100624084,0.6815266609191895,0.255801260471344,0.46218952536582947,0.25745922327041626,0.721227765083313,0.3828808665275574,0.3664497137069702,0.3714420199394226,0.5733264684677124,0.361763060092926,0.5096673965454102,0.37587717175483704,0.5427027940750122,0.33884966373443604,0.5300034284591675,0.3603585362434387,0.5440868735313416,0.3279971480369568,0.5401488542556763,0.34454774856567383,0.5519962310791016,0.3331184387207031,0.5331974029541016,0.3510095477104187
Tree_Pose (158),Tree,4,0.513999342918396,0.28840371966362,0.5282433032989502,0.27436715364456177,0.5370369553565979,0.27398303151130676,0.5451316833496094,0.27395421266555786,0.5016486048698425,0.27661484479904175,0.49240249395370483,0.27739280462265015,0.4840018153190613,0.2783576548099518,0.5590378642082214,0.2854762077331543,0.47416555881500244,0.28847816586494446,0.5343077182769775,0.30723056197166443,0.49892085790634155,0.30770477652549744,0.6337459683418274,0.3600807785987854,0.4268916845321655,0.3660341501235962,0.7245771884918213,0.2581322491168976,0.32570680975914,0.275565505027771,0.7533218860626221,0.13895973563194275,0.25730273127555847,0.1537988781929016,0.7728704214096069,0.10890096426010132,0.23734894394874573,0.12295171618461609,0.7670949697494507,0.10434737801551819,0.2428632378578186,0.11580610275268555,0.7570092678070068,0.11741751432418823,0.2526243031024933,0.125767320394516
Tree_Pose (159),Tree,4,0.4930427074432373,0.1426309049129486,0.5042099356651306,0.12587964534759521,0.5115004181861877,0.1260029673576355,0.5177289843559265,0.12631827592849731,0.4832558333873749,0.1254979372024536,0.47599196434020996,0.125400573015213,0.4692615270614624,0.12565025687217712,0.5276822447776794,0.13449236750602722,0.4595939517021179,0.13413074612617493,0.508273720741272,0.16180682182312012,0.48140639066696167,0.16178476810455322,0.5944429636001587,0.24337613582611084,0.39552730321884155,0.23796144127845764,0.6841939687728882,0.3409044146537781,0.29746562242507935,0.34017497301101685,0.5249902009963989,0.33486491441726685,0.4406818151473999,0.3307339549064636,0.5003485083580017,0.3203563094139099,0.4740578234195709,0.31332510709762573,0.4951399862766266,0.31114649772644043,0.4791465699672699,0.30583736300468445,0.5013588070869446,0.31770968437194824,0.4739339351654053,0.3111022710800171
Tree_Pose (16),Tree,4,0.7046040296554565,0.37452954053878784,0.7095062136650085,0.3671364188194275,0.7113524675369263,0.36736419796943665,0.7132779359817505,0.3676254153251648,0.706315815448761,0.3663783669471741,0.7058778405189514,0.36601078510284424,0.7055144309997559,0.36562520265579224,0.7201258540153503,0.372458815574646,0.709408700466156,0.36960333585739136,0.7084047794342041,0.38501375913619995,0.7038376927375793,0.3838651776313782,0.7382488250732422,0.41488879919052124,0.6990332007408142,0.40800559520721436,0.7383550405502319,0.3387036919593811,0.7015981078147888,0.33927977085113525,0.7345185875892639,0.28516635298728943,0.7269837260246277,0.28850188851356506,0.7365198731422424,0.26803725957870483,0.7330791354179382,0.27319222688674927,0.7371559143066406,0.26787954568862915,0.733597457408905,0.272330641746521,0.7357898354530334,0.27430644631385803,0.7318273782730103,0.2789934277534485
Tree_Pose (160),Tree,4,0.5434796810150146,0.12586572766304016,0.548951268196106,0.10750821232795715,0.5526505708694458,0.10668972134590149,0.5557629466056824,0.10630306601524353,0.5388724207878113,0.10907253623008728,0.5358278155326843,0.10945442318916321,0.5326260328292847,0.11000841856002808,0.561788022518158,0.113922119140625,0.5301730036735535,0.11843559145927429,0.5508928894996643,0.14238595962524414,0.538573682308197,0.14240455627441406,0.5935544967651367,0.225979283452034,0.5030229091644287,0.22211293876171112,0.6079016327857971,0.3538281321525574,0.48211216926574707,0.35251596570014954,0.5463696718215942,0.2808682918548584,0.5350254774093628,0.2716003358364105,0.5403071045875549,0.24571722745895386,0.540634036064148,0.23470675945281982,0.5412818193435669,0.2388170212507248,0.5383939743041992,0.22875651717185974,0.543126106262207,0.2506636381149292,0.5374809503555298,0.2393481433391571
Tree_Pose (161),Tree,4,0.4761824309825897,0.19709432125091553,0.48985400795936584,0.17927154898643494,0.4983345568180084,0.17942842841148376,0.50544673204422,0.17940008640289307,0.46392786502838135,0.1791163682937622,0.45534229278564453,0.1791641116142273,0.44706910848617554,0.17925211787223816,0.5142101049423218,0.18770521879196167,0.43619030714035034,0.18738675117492676,0.49368926882743835,0.21599537134170532,0.46014082431793213,0.21503868699073792,0.5762289762496948,0.27313560247421265,0.37965866923332214,0.2688319683074951,0.6313707828521729,0.15460312366485596,0.2988131046295166,0.15587633848190308,0.4994211792945862,0.08389681577682495,0.44167396426200867,0.08697912096977234,0.47466644644737244,0.05527648329734802,0.4620865285396576,0.05812981724739075,0.47145912051200867,0.05667319893836975,0.4641650915145874,0.06528103351593018,0.47609585523605347,0.07200729846954346,0.46034348011016846,0.07807692885398865
Tree_Pose (18),Tree,4,0.5065507292747498,0.43494805693626404,0.5118419528007507,0.4277697205543518,0.5159949064254761,0.4282625913619995,0.520359218120575,0.4289664030075073,0.49948111176490784,0.42775484919548035,0.49431169033050537,0.4280363619327545,0.4891819357872009,0.42843830585479736,0.5262840390205383,0.43877649307250977,0.48114416003227234,0.43670743703842163,0.5145754814147949,0.44570422172546387,0.4967891275882721,0.44510418176651,0.5683211088180542,0.484343558549881,0.45412835478782654,0.48218804597854614,0.6243288516998291,0.4139397144317627,0.4162592589855194,0.40101921558380127,0.63826584815979,0.3356100618839264,0.41026073694229126,0.31269216537475586,0.6423870325088501,0.31404611468315125,0.40678930282592773,0.28595057129859924,0.6331669092178345,0.3115725517272949,0.415393590927124,0.2862217426300049,0.6286709308624268,0.31924983859062195,0.4174289107322693,0.29339534044265747
Tree_Pose (19),Tree,4,0.48372167348861694,0.2971891760826111,0.4954131543636322,0.2836425304412842,0.5029148459434509,0.283867746591568,0.5097904205322266,0.2840690612792969,0.4754275381565094,0.2816411256790161,0.4697514474391937,0.2805716395378113,0.46478742361068726,0.27951449155807495,0.5223886370658875,0.2859135866165161,0.46567872166633606,0.280285120010376,0.49824270606040955,0.3107607364654541,0.475005179643631,0.308864951133728,0.5765877366065979,0.36216071248054504,0.4350656270980835,0.32987073063850403,0.5745009779930115,0.45207926630973816,0.4366856515407562,0.22856667637825012,0.4963800013065338,0.44959449768066406,0.47885939478874207,0.15160071849822998,0.4666571617126465,0.44589149951934814,0.4809774160385132,0.12239685654640198,0.4675300717353821,0.43811824917793274,0.4853922724723816,0.1215774416923523,0.4779510498046875,0.43885132670402527,0.48582923412323,0.1303640604019165
Tree_Pose (2),Tree,4,0.5037218332290649,0.17810401320457458,0.5114709734916687,0.16086798906326294,0.5149493217468262,0.1609089970588684,0.5191346406936646,0.16074830293655396,0.49615004658699036,0.16034218668937683,0.48992225527763367,0.16027507185935974,0.4842745065689087,0.16014036536216736,0.5249339938163757,0.16784259676933289,0.4771341383457184,0.16699528694152832,0.5110965371131897,0.19846370816230774,0.4931209087371826,0.1991294026374817,0.5573763251304626,0.27087855339050293,0.4439172148704529,0.2763352394104004,0.5960755348205566,0.3817386031150818,0.42227476835250854,0.40786227583885193,0.5154848694801331,0.32395973801612854,0.4849855303764343,0.3310467600822449,0.5041230916976929,0.2982850670814514,0.4903098940849304,0.2955663800239563,0.5047264695167542,0.28720420598983765,0.49074921011924744,0.2872818112373352,0.5072145462036133,0.2957528233528137,0.4905375838279724,0.29814043641090393
Tree_Pose (21),Tree,4,0.6100106239318848,0.5702087879180908,0.619256854057312,0.5669494867324829,0.6204490065574646,0.5654877424240112,0.6218357682228088,0.5640118718147278,0.6165541410446167,0.5710312724113464,0.6163668632507324,0.5715507864952087,0.6161812543869019,0.5721617937088013,0.6225506067276001,0.5560118556022644,0.6141994595527649,0.567326009273529,0.6036831140518188,0.5627433061599731,0.6014162302017212,0.5664927959442139,0.5946061015129089,0.5292031168937683,0.5710561275482178,0.5649331212043762,0.5415647029876709,0.5418587923049927,0.5346474647521973,0.5837565660476685,0.5085760354995728,0.5845566987991333,0.5031509399414062,0.6081488132476807,0.5000934600830078,0.5947909355163574,0.4961409270763397,0.6186957955360413,0.501008927822113,0.602318286895752,0.499610036611557,0.6189332604408264,0.5030053853988647,0.6008001565933228,0.5043243765830994,0.6146565675735474
Tree_Pose (22),Tree,4,0.5069833993911743,0.2687629461288452,0.5167375206947327,0.25635236501693726,0.5238839387893677,0.2566651999950409,0.530884861946106,0.2573939561843872,0.4939858615398407,0.25726398825645447,0.48504993319511414,0.25808778405189514,0.47633588314056396,0.25908157229423523,0.5396984219551086,0.26657888293266296,0.4625876545906067,0.2682805061340332,0.5239049196243286,0.2850789427757263,0.4922258257865906,0.2862946689128876,0.5929970145225525,0.3259773254394531,0.4205993711948395,0.33386561274528503,0.6511670351028442,0.21638289093971252,0.3439004123210907,0.2370797097682953,0.6459823846817017,0.10596010088920593,0.3120003342628479,0.13021835684776306,0.6577514410018921,0.0859767496585846,0.305149644613266,0.11357808113098145,0.6432377099990845,0.08418649435043335,0.3147234618663788,0.10793876647949219,0.6355303525924683,0.09068894386291504,0.31949111819267273,0.11494725942611694
Tree_Pose (24),Tree,4,0.4835827350616455,0.3014267086982727,0.4931451380252838,0.2881283462047577,0.5007350444793701,0.2875203788280487,0.5076862573623657,0.28725263476371765,0.4732936918735504,0.28995099663734436,0.46606943011283875,0.29053476452827454,0.4593459665775299,0.2910463213920593,0.5205337405204773,0.2957128882408142,0.4517388939857483,0.29763489961624146,0.4978015124797821,0.3151949346065521,0.4716854691505432,0.3163969814777374,0.5812637209892273,0.35613948106765747,0.4130041003227234,0.35673993825912476,0.6450397968292236,0.26510924100875854,0.36024612188339233,0.2672317624092102,0.6894373297691345,0.1607053279876709,0.33734574913978577,0.16150254011154175,0.6990307569503784,0.13570159673690796,0.3314646780490875,0.13329410552978516,0.6905189752578735,0.12849575281143188,0.3391719460487366,0.12883001565933228,0.6844969987869263,0.1390073299407959,0.34353578090667725,0.1388791799545288
Tree_Pose (25),Tree,4,0.522350013256073,0.26408064365386963,0.527259886264801,0.2503725588321686,0.5309385061264038,0.24936330318450928,0.5335137844085693,0.24874427914619446,0.5164288878440857,0.2524297833442688,0.5129669308662415,0.25288882851600647,0.5094391703605652,0.2536366283893585,0.5385273694992065,0.2528453469276428,0.50518399477005,0.2597257196903229,0.5304988026618958,0.27620387077331543,0.5167975425720215,0.2774396240711212,0.5731570720672607,0.33564531803131104,0.4777621626853943,0.3326743245124817,0.6124780774116516,0.41276228427886963,0.4181179404258728,0.3993631601333618,0.5830349326133728,0.47971370816230774,0.45086604356765747,0.4681408405303955,0.5713087916374207,0.4904406666755676,0.46017757058143616,0.4830283522605896,0.5673460364341736,0.4787885844707489,0.46729207038879395,0.47308874130249023,0.5690076947212219,0.4751463532447815,0.4662184417247772,0.46833664178848267
Tree_Pose (29),Tree,4,0.5570304989814758,0.2772764265537262,0.5619156360626221,0.265846312046051,0.5651806592941284,0.26585251092910767,0.5680698156356812,0.2657758593559265,0.5527089834213257,0.26565322279930115,0.5497049689292908,0.2653074860572815,0.5471228957176208,0.26512405276298523,0.5728439092636108,0.2714073061943054,0.5423913598060608,0.2697414457798004,0.5639176368713379,0.2891020178794861,0.5510193705558777,0.288155734539032,0.6024518609046936,0.336995005607605,0.5152330994606018,0.33623772859573364,0.659106969833374,0.3684796094894409,0.45638513565063477,0.35996896028518677,0.7097183465957642,0.3253440260887146,0.41633278131484985,0.31219881772994995,0.7228483557701111,0.30986112356185913,0.40518641471862793,0.29569798707962036,0.720765233039856,0.3021393418312073,0.4079728424549103,0.2897306978702545,0.7160605192184448,0.30548495054244995,0.4125659465789795,0.29505228996276855
Tree_Pose (31),Tree,4,0.5116353034973145,0.20012599229812622,0.5176478028297424,0.1871708333492279,0.5220528841018677,0.18660065531730652,0.5256268978118896,0.18631678819656372,0.5047857165336609,0.18833178281784058,0.4993728697299957,0.1887189745903015,0.49477535486221313,0.18932291865348816,0.5313311815261841,0.19221779704093933,0.48911237716674805,0.19693061709403992,0.5193217396736145,0.21584245562553406,0.5035934448242188,0.21736624836921692,0.565987229347229,0.2947443127632141,0.4613373279571533,0.2927665710449219,0.5992118716239929,0.402571439743042,0.4239027202129364,0.3990633189678192,0.5272526741027832,0.37189239263534546,0.499007910490036,0.3761809766292572,0.5150532722473145,0.350023090839386,0.5096737742424011,0.3518648147583008,0.5151670575141907,0.34182727336883545,0.5101231932640076,0.3437458872795105,0.5188248157501221,0.34703919291496277,0.5090860724449158,0.35069286823272705
Tree_Pose (33),Tree,4,0.41968393325805664,0.28986847400665283,0.42627057433128357,0.2748672068119049,0.43097469210624695,0.2741478383541107,0.43472999334335327,0.27364784479141235,0.4128386676311493,0.27742820978164673,0.4088920056819916,0.2784533202648163,0.4049910604953766,0.27958813309669495,0.44210976362228394,0.27904191613197327,0.40540245175361633,0.28713512420654297,0.4293823838233948,0.3030836582183838,0.4135758876800537,0.30676180124282837,0.47694477438926697,0.3463117182254791,0.39111030101776123,0.35888394713401794,0.48321062326431274,0.24873152375221252,0.35473737120628357,0.2679407596588135,0.41895389556884766,0.17023596167564392,0.4010530114173889,0.17585065960884094,0.41156813502311707,0.14832383394241333,0.40601757168769836,0.15209165215492249,0.41024249792099,0.14777839183807373,0.40652701258659363,0.15420621633529663,0.4119935631752014,0.1567886471748352,0.4058568477630615,0.16394194960594177
Tree_Pose (36),Tree,4,0.5030676126480103,0.23456314206123352,0.49588507413864136,0.22175949811935425,0.49145981669425964,0.2222234308719635,0.48612815141677856,0.2227339744567871,0.5067394971847534,0.22206175327301025,0.510430097579956,0.22286558151245117,0.5147009491920471,0.22380608320236206,0.4734272062778473,0.23358726501464844,0.5162991881370544,0.23476913571357727,0.4949917197227478,0.2500970661640167,0.5081643462181091,0.24936118721961975,0.42608171701431274,0.31063640117645264,0.5565652847290039,0.30914562940597534,0.3892192244529724,0.18317997455596924,0.5940446257591248,0.1946704387664795,0.4693428575992584,0.1063709557056427,0.5017160177230835,0.10796722769737244,0.47997745871543884,0.07931506633758545,0.5000870823860168,0.0755670964717865,0.48578745126724243,0.08525097370147705,0.4981188476085663,0.0844142735004425,0.48536980152130127,0.09925934672355652,0.49850016832351685,0.09849590063095093
Tree_Pose (37),Tree,4,0.504469096660614,0.11725229024887085,0.5201618671417236,0.09899711608886719,0.5290775895118713,0.09925204515457153,0.5371919870376587,0.09936690330505371,0.4849017858505249,0.09890887141227722,0.4718097448348999,0.09912395477294922,0.4614887833595276,0.09911146759986877,0.5501531958580017,0.11068212985992432,0.4457847476005554,0.11086073517799377,0.5250979661941528,0.1412806510925293,0.48224443197250366,0.1410752236843109,0.6326362490653992,0.23117128014564514,0.3614991307258606,0.23901912569999695,0.7325223684310913,0.35567766427993774,0.2784651815891266,0.37552112340927124,0.5444658398628235,0.3134816884994507,0.4600880444049835,0.32595300674438477,0.521648645401001,0.28561174869537354,0.496561735868454,0.2994721233844757,0.5196642279624939,0.2741825580596924,0.4966014623641968,0.2904558777809143,0.5248000621795654,0.2840152382850647,0.49096018075942993,0.2999579906463623
Tree_Pose (38),Tree,4,0.5296099185943604,0.2923440933227539,0.5325369834899902,0.28028377890586853,0.5350658893585205,0.2797871530056,0.537559986114502,0.2795262634754181,0.522120475769043,0.28108805418014526,0.5179898142814636,0.2811709940433502,0.5140917897224426,0.2812928259372711,0.540787398815155,0.285863995552063,0.5073829889297485,0.2889953553676605,0.5357785820960999,0.30702388286590576,0.5232563614845276,0.3062102198600769,0.5592113733291626,0.3539915680885315,0.4890720844268799,0.3540708124637604,0.5563465356826782,0.2514779269695282,0.491834431886673,0.2525767982006073,0.5367960929870605,0.1700916290283203,0.5145291686058044,0.16567188501358032,0.5321353673934937,0.14400020241737366,0.5181442499160767,0.14074504375457764,0.5303345918655396,0.14055761694908142,0.5183365941047668,0.1375732719898224,0.5309022068977356,0.14965197443962097,0.5182304382324219,0.14670827984809875
Tree_Pose (39),Tree,4,0.46773818135261536,0.28152188658714294,0.47086286544799805,0.2719985246658325,0.4737659990787506,0.2722757160663605,0.47682470083236694,0.27267804741859436,0.4620192348957062,0.27197325229644775,0.4584251344203949,0.27204179763793945,0.4548454284667969,0.2721554636955261,0.47924643754959106,0.28062015771865845,0.4489597678184509,0.27889761328697205,0.4726910889148712,0.29367196559906006,0.4610465466976166,0.2925341725349426,0.5015923380851746,0.34007424116134644,0.42764297127723694,0.33750176429748535,0.539742112159729,0.2731773555278778,0.3860431909561157,0.2678963243961334,0.562881588935852,0.20209485292434692,0.3564286530017853,0.1814882457256317,0.5685880184173584,0.1812533140182495,0.34715792536735535,0.15669167041778564,0.564971387386322,0.17722928524017334,0.35017284750938416,0.15141993761062622,0.561951220035553,0.183925598859787,0.35381707549095154,0.16006144881248474
Tree_Pose (4),Tree,4,0.549073338508606,0.21205219626426697,0.550588846206665,0.19866347312927246,0.5527994632720947,0.1989019513130188,0.5556939840316772,0.19924890995025635,0.5411641597747803,0.19820377230644226,0.5367544889450073,0.19817885756492615,0.5318599343299866,0.19841167330741882,0.5560991168022156,0.2060762345790863,0.5201892852783203,0.20562782883644104,0.552301824092865,0.22832134366035461,0.5407353043556213,0.22683751583099365,0.5847277641296387,0.2966458797454834,0.4862009882926941,0.2975807189941406,0.5838271975517273,0.4041600525379181,0.4821774661540985,0.4041399657726288,0.5342128872871399,0.3285071849822998,0.5184242129325867,0.3114771246910095,0.5262066721916199,0.3021557331085205,0.5234408378601074,0.28931882977485657,0.5269150137901306,0.2949572205543518,0.5226229429244995,0.2847028374671936,0.5284619331359863,0.3014528155326843,0.5213042497634888,0.29103314876556396
Tree_Pose (41),Tree,4,0.40140843391418457,0.20007121562957764,0.41906842589378357,0.1901591420173645,0.42655739188194275,0.19034543633460999,0.4339362680912018,0.19075965881347656,0.39920660853385925,0.1918146014213562,0.3936682939529419,0.1928127408027649,0.3886231780052185,0.1939367651939392,0.4537011682987213,0.20316481590270996,0.39823004603385925,0.20440834760665894,0.4192698299884796,0.2126886248588562,0.3915926516056061,0.21404626965522766,0.5058506727218628,0.28060364723205566,0.3579419255256653,0.27976906299591064,0.5544419288635254,0.17098933458328247,0.31469589471817017,0.19037416577339172,0.5839465260505676,0.07765448093414307,0.29617172479629517,0.10438281297683716,0.5969406366348267,0.05330556631088257,0.2863549590110779,0.08266898989677429,0.5918303728103638,0.04968985915184021,0.29649266600608826,0.08170107007026672,0.58392733335495,0.05915325880050659,0.30086812376976013,0.08873909711837769
Tree_Pose (43),Tree,4,0.30141481757164,0.3838364779949188,0.30565986037254333,0.37004354596138,0.308668851852417,0.36973968148231506,0.31117838621139526,0.3694570064544678,0.29519137740135193,0.3710871934890747,0.2908058166503906,0.371721088886261,0.28723400831222534,0.37250077724456787,0.3149271607398987,0.37467753887176514,0.28143131732940674,0.37852171063423157,0.3075263202190399,0.3995422422885895,0.29430875182151794,0.4009302258491516,0.3364451825618744,0.4405668377876282,0.265988290309906,0.44780224561691284,0.3367473781108856,0.32595688104629517,0.2601403295993805,0.3355250358581543,0.308819442987442,0.23216238617897034,0.2822338342666626,0.2344423234462738,0.30310311913490295,0.20520401000976562,0.2855972945690155,0.20344975590705872,0.3012896180152893,0.2050231695175171,0.2853294909000397,0.20283827185630798,0.3020215630531311,0.21447482705116272,0.28697001934051514,0.21337026357650757
Tree_Pose (44),Tree,4,0.5435916781425476,0.12669101357460022,0.5539501309394836,0.11333209276199341,0.5604634284973145,0.11358490586280823,0.5688570737838745,0.11405682563781738,0.5301691293716431,0.11367163062095642,0.5206613540649414,0.11425763368606567,0.5117959976196289,0.11487367749214172,0.5807612538337708,0.12260857224464417,0.49834272265434265,0.12326103448867798,0.5587953329086304,0.14466965198516846,0.5274031758308411,0.14529860019683838,0.6658027768135071,0.23387499153614044,0.42451390624046326,0.22876369953155518,0.7311035990715027,0.35487937927246094,0.32610201835632324,0.34580865502357483,0.5640832185745239,0.314757764339447,0.4908597767353058,0.3089517056941986,0.5420467853546143,0.2903134226799011,0.5233302116394043,0.28383564949035645,0.5424699187278748,0.2780531644821167,0.523293137550354,0.2743651270866394,0.5469154119491577,0.2841002345085144,0.5180606245994568,0.27926746010780334
Tree_Pose (45),Tree,4,0.457951158285141,0.23350289463996887,0.4607822895050049,0.2206481397151947,0.4651680588722229,0.22115656733512878,0.4693099856376648,0.22165116667747498,0.44368624687194824,0.21977031230926514,0.43562161922454834,0.21992948651313782,0.42747899889945984,0.22037366032600403,0.46407055854797363,0.22877299785614014,0.4086475968360901,0.2302931249141693,0.4630764126777649,0.2521573305130005,0.44286417961120605,0.25218796730041504,0.5017706155776978,0.30445927381515503,0.36688685417175293,0.31163346767425537,0.5754879713058472,0.21255776286125183,0.30184146761894226,0.19526997208595276,0.45191690325737,0.16943588852882385,0.42728203535079956,0.17094740271568298,0.43849000334739685,0.1488308608531952,0.4446900486946106,0.14880818128585815,0.4366680979728699,0.15514010190963745,0.44412070512771606,0.160870760679245,0.4393611550331116,0.16578730940818787,0.4404776990413666,0.17627966403961182
Tree_Pose (47),Tree,4,0.49688392877578735,0.24925938248634338,0.508158802986145,0.22849807143211365,0.5245760679244995,0.2307811677455902,0.5313720703125,0.23266500234603882,0.48268505930900574,0.2288782298564911,0.47754967212677,0.2304898202419281,0.47249704599380493,0.2326023280620575,0.5449039936065674,0.23963910341262817,0.4605924189090729,0.24127590656280518,0.5181379318237305,0.268847793340683,0.48474717140197754,0.26587730646133423,0.599892795085907,0.3302990794181824,0.4286329746246338,0.3262587785720825,0.655944287776947,0.4408687949180603,0.35292136669158936,0.43084803223609924,0.543794572353363,0.37965014576911926,0.45442891120910645,0.37870699167251587,0.5307539105415344,0.36044445633888245,0.46809396147727966,0.35615575313568115,0.5274670720100403,0.35198378562927246,0.47014087438583374,0.3480701446533203,0.5281857848167419,0.3581126630306244,0.4688848853111267,0.35476115345954895
Tree_Pose (48),Tree,4,0.5628731846809387,0.4178263247013092,0.5657973289489746,0.40976276993751526,0.5677365660667419,0.4094073474407196,0.570198655128479,0.40911155939102173,0.5587599277496338,0.41002053022384644,0.5565235614776611,0.4098062515258789,0.5540717244148254,0.4098450541496277,0.5763100981712341,0.41373932361602783,0.5513195395469666,0.4169257879257202,0.568153977394104,0.428377628326416,0.5603765845298767,0.42756062746047974,0.5911844372749329,0.45629167556762695,0.5409356355667114,0.4629669189453125,0.5823825597763062,0.3731522560119629,0.5397832989692688,0.3868405222892761,0.5686800479888916,0.30788299441337585,0.5474978089332581,0.3112441301345825,0.5647226572036743,0.2886618673801422,0.5523496866226196,0.29304540157318115,0.5627596974372864,0.28777045011520386,0.5528037548065186,0.28985968232154846,0.5632860064506531,0.2945641577243805,0.5526926517486572,0.29609692096710205
Tree_Pose (49),Tree,4,0.7487882375717163,0.4082334637641907,0.7613317370414734,0.4193970263004303,0.7613505125045776,0.42625901103019714,0.7612224817276001,0.4304429888725281,0.7606470584869385,0.39746609330177307,0.7600306272506714,0.39091935753822327,0.7594094276428223,0.3837590217590332,0.7552273273468018,0.4382350742816925,0.7521953582763672,0.37940868735313416,0.7336846590042114,0.4223460853099823,0.7329427003860474,0.3961835503578186,0.6724110841751099,0.49807897210121155,0.6645076274871826,0.3364201784133911,0.5851673483848572,0.5572043657302856,0.575650691986084,0.2852851152420044,0.5728247165679932,0.46585458517074585,0.560967743396759,0.36734211444854736,0.5722103118896484,0.4423951208591461,0.56086266040802,0.38311484456062317,0.5813481211662292,0.4323002099990845,0.5707198977470398,0.38976338505744934,0.5817034840583801,0.4378397762775421,0.5711613297462463,0.38694682717323303
Tree_Pose (5),Tree,4,0.47173991799354553,0.28473106026649475,0.4780661463737488,0.2734910845756531,0.48264655470848083,0.2745821475982666,0.48700374364852905,0.27586692571640015,0.46336451172828674,0.2726212739944458,0.45811501145362854,0.2730853855609894,0.4526612162590027,0.27377715706825256,0.4898005425930023,0.28618723154067993,0.4418661594390869,0.28443944454193115,0.48014914989471436,0.30012765526771545,0.4599704146385193,0.29841771721839905,0.5349376201629639,0.3564801812171936,0.40712353587150574,0.3565613627433777,0.6062774062156677,0.26755452156066895,0.34869664907455444,0.26259803771972656,0.6790894865989685,0.16963958740234375,0.27727586030960083,0.15958362817764282,0.698736846446991,0.14556798338890076,0.24965797364711761,0.13348692655563354,0.6978628635406494,0.13769137859344482,0.25283899903297424,0.1270856261253357,0.6891659498214722,0.14952021837234497,0.26388850808143616,0.1366928517818451
Tree_Pose (50),Tree,4,0.2233954519033432,0.1713779866695404,0.22904789447784424,0.15638133883476257,0.2321583777666092,0.15652906894683838,0.23595693707466125,0.1567559838294983,0.21753644943237305,0.15504446625709534,0.2125377207994461,0.15441715717315674,0.20744511485099792,0.15370428562164307,0.24017661809921265,0.16426977515220642,0.19667984545230865,0.1598740816116333,0.2284660041332245,0.1887761354446411,0.2131480872631073,0.1862766146659851,0.2717067003250122,0.2701858878135681,0.1607210487127304,0.2560778856277466,0.2904585003852844,0.38809099793434143,0.14744862914085388,0.3823258578777313,0.24801704287528992,0.315117210149765,0.20773319900035858,0.2949363589286804,0.24751465022563934,0.288022518157959,0.21624332666397095,0.27192699909210205,0.24702736735343933,0.2772839069366455,0.212938129901886,0.2633134722709656,0.24390673637390137,0.2841512858867645,0.2099764347076416,0.2704434394836426
Tree_Pose (51),Tree,4,0.3452571630477905,0.4393596351146698,0.3387216627597809,0.4323495328426361,0.33499282598495483,0.43238821625709534,0.3311598002910614,0.4326622486114502,0.3498484790325165,0.4328871965408325,0.35349133610725403,0.4330778121948242,0.3578300178050995,0.4334644675254822,0.3235361874103546,0.4375140964984894,0.36333712935447693,0.43927252292633057,0.340177446603775,0.4467669427394867,0.3524884283542633,0.44760018587112427,0.28307682275772095,0.474825382232666,0.3921619951725006,0.4738829433917999,0.26101434230804443,0.4149262011051178,0.4016898274421692,0.4180208444595337,0.2544998824596405,0.35397568345069885,0.41109323501586914,0.35349923372268677,0.24418161809444427,0.33780959248542786,0.418906569480896,0.33624202013015747,0.2578337788581848,0.3353152573108673,0.40787288546562195,0.3374486565589905,0.2664775550365448,0.34002140164375305,0.40209338068962097,0.34355828166007996
Tree_Pose (53),Tree,4,0.4766732156276703,0.49660009145736694,0.4800027906894684,0.4942353069782257,0.4831838011741638,0.49477964639663696,0.4862791895866394,0.49541032314300537,0.47032803297042847,0.4943193793296814,0.46643877029418945,0.49492788314819336,0.4624873101711273,0.4957391619682312,0.48868611454963684,0.501083254814148,0.4546319544315338,0.5038658380508423,0.4824581742286682,0.5035284161567688,0.4702693819999695,0.5035544037818909,0.5211207866668701,0.5382143259048462,0.4337160885334015,0.5366847515106201,0.5618743896484375,0.49675559997558594,0.3913898468017578,0.4985518753528595,0.5882461667060852,0.46549099683761597,0.3581507205963135,0.45828747749328613,0.5961400270462036,0.4554421007633209,0.34868407249450684,0.44568413496017456,0.5940709114074707,0.453156054019928,0.350919634103775,0.44462698698043823,0.5903984904289246,0.45696520805358887,0.3548026978969574,0.44934746623039246
Tree_Pose (55),Tree,4,0.4712282419204712,0.2940601408481598,0.46851131319999695,0.285663366317749,0.46753889322280884,0.2852976322174072,0.46657535433769226,0.28487473726272583,0.47050705552101135,0.28709086775779724,0.4708334505558014,0.2876274287700653,0.4711760878562927,0.28806567192077637,0.4621419608592987,0.2900802493095398,0.4695329964160919,0.2953050434589386,0.4694100320339203,0.30273789167404175,0.4715019464492798,0.30450180172920227,0.44847726821899414,0.3329150378704071,0.4736956059932709,0.34251925349235535,0.45674166083335876,0.25074392557144165,0.4828673005104065,0.25726187229156494,0.46605801582336426,0.17750582098960876,0.4739018976688385,0.18139392137527466,0.4649595618247986,0.15977656841278076,0.4725714325904846,0.1612263321876526,0.46572455763816833,0.1587527096271515,0.47075945138931274,0.16003060340881348,0.46635955572128296,0.1640046238899231,0.47083503007888794,0.16791483759880066
Tree_Pose (56),Tree,4,0.5060095191001892,0.13020667433738708,0.5037420988082886,0.11497429013252258,0.5059171915054321,0.11483544111251831,0.5078401565551758,0.11473202705383301,0.4940608739852905,0.11478033661842346,0.48846638202667236,0.11507132649421692,0.4823160171508789,0.11559614539146423,0.5004156231880188,0.1208590567111969,0.466267466545105,0.1256294548511505,0.5083141922950745,0.1483575403690338,0.49782243371009827,0.14888375997543335,0.5291460156440735,0.2311740517616272,0.43731969594955444,0.2265370786190033,0.5840237736701965,0.3510121703147888,0.4445454478263855,0.35246211290359497,0.5409537553787231,0.3071616291999817,0.5193124413490295,0.3053663671016693,0.5343648195266724,0.2780442237854004,0.5303680896759033,0.28031125664711,0.5292893052101135,0.2650749087333679,0.5266103148460388,0.2687045633792877,0.5287805795669556,0.26951563358306885,0.5230365991592407,0.27358394861221313
Tree_Pose (58),Tree,4,0.5536186099052429,0.28120261430740356,0.5639466643333435,0.2676307260990143,0.5721128582954407,0.2671971023082733,0.579184889793396,0.26685962080955505,0.5391915440559387,0.2687487304210663,0.5303763747215271,0.2689482867717743,0.5231165885925293,0.2690400183200836,0.5871254801750183,0.2732580304145813,0.5128765106201172,0.2766786217689514,0.5703492164611816,0.2930399477481842,0.539924144744873,0.2939530909061432,0.6308014392852783,0.33549731969833374,0.47878527641296387,0.33638525009155273,0.6165644526481628,0.23209556937217712,0.4828510880470276,0.23744240403175354,0.564608633518219,0.14488235116004944,0.525855302810669,0.14535382390022278,0.5549370646476746,0.11694511771202087,0.5363065004348755,0.11891520023345947,0.5525416731834412,0.11547219753265381,0.5358698964118958,0.11667564511299133,0.5556467175483704,0.12674665451049805,0.5356405973434448,0.1265675127506256
Tree_Pose (59),Tree,4,0.31206822395324707,0.17093020677566528,0.32060447335243225,0.15837982296943665,0.3271567225456238,0.1583854854106903,0.33194175362586975,0.15823093056678772,0.302086740732193,0.15906953811645508,0.2963145971298218,0.15929889678955078,0.2900126576423645,0.15976858139038086,0.3424191474914551,0.16421613097190857,0.2838406264781952,0.16783055663108826,0.3246109187602997,0.18527929484844208,0.3013308644294739,0.18531852960586548,0.389497309923172,0.2506970763206482,0.23707914352416992,0.24535182118415833,0.4331052899360657,0.3475714921951294,0.18844974040985107,0.34245362877845764,0.34122180938720703,0.3048378825187683,0.2934257686138153,0.2954973876476288,0.33067968487739563,0.2828126549720764,0.31408771872520447,0.27410292625427246,0.32811155915260315,0.2766653299331665,0.31388232111930847,0.26941630244255066,0.33007657527923584,0.28466174006462097,0.31025224924087524,0.2787901759147644
Tree_Pose (6),Tree,4,0.5237173438072205,0.34332457184791565,0.5346984267234802,0.3339166045188904,0.5414746999740601,0.33434024453163147,0.5481001734733582,0.33470243215560913,0.5153653025627136,0.3337661027908325,0.5087601542472839,0.33411890268325806,0.5034198760986328,0.33448731899261475,0.56131911277771,0.34342390298843384,0.49495232105255127,0.3416213393211365,0.535655677318573,0.3588670492172241,0.5114749670028687,0.3581107556819916,0.6076712012290955,0.39234763383865356,0.44961756467819214,0.3921011686325073,0.6007264852523804,0.29912957549095154,0.43863826990127563,0.3005252480506897,0.6014567613601685,0.21868449449539185,0.439655601978302,0.21713533997535706,0.6043373346328735,0.19990947842597961,0.4367862939834595,0.19428369402885437,0.5987374782562256,0.19971182942390442,0.44316068291664124,0.19264578819274902,0.5951358079910278,0.20659953355789185,0.44732925295829773,0.1989787220954895
Tree_Pose (60),Tree,4,0.5210932493209839,0.2653082311153412,0.5318590998649597,0.25258177518844604,0.5395544767379761,0.2530507445335388,0.5456291437149048,0.2533687949180603,0.5088992118835449,0.25128188729286194,0.5012784004211426,0.251352995634079,0.49461817741394043,0.25150027871131897,0.5541326403617859,0.2604599595069885,0.49083513021469116,0.25919219851493835,0.5386850833892822,0.2777708172798157,0.510813295841217,0.2779204249382019,0.6318305730819702,0.323879599571228,0.43214115500450134,0.3306064009666443,0.7112616300582886,0.21618783473968506,0.34155941009521484,0.23220115900039673,0.5431932806968689,0.18469932675361633,0.4908393919467926,0.17534372210502625,0.5245614051818848,0.16417834162712097,0.514360249042511,0.14949887990951538,0.5204328894615173,0.16777944564819336,0.5162230730056763,0.15587738156318665,0.523366391658783,0.18261808156967163,0.5110518932342529,0.16823095083236694
Tree_Pose (62),Tree,4,0.5374385714530945,0.19836768507957458,0.5469608902931213,0.17809906601905823,0.5523072481155396,0.17744925618171692,0.5574209094047546,0.17702606320381165,0.5273681879043579,0.1803533434867859,0.5203767418861389,0.18133670091629028,0.5149081349372864,0.18234595656394958,0.5664603114128113,0.18665754795074463,0.5083954334259033,0.1937558352947235,0.5489434599876404,0.22316518425941467,0.5273698568344116,0.22412610054016113,0.6121849417686462,0.3191140294075012,0.47309115529060364,0.3234356641769409,0.6058878302574158,0.4768581986427307,0.47336673736572266,0.4783945083618164,0.5560122728347778,0.34592205286026,0.5276768803596497,0.3515505790710449,0.5526867508888245,0.30669349431991577,0.5339667201042175,0.3119853734970093,0.5551688075065613,0.29756584763526917,0.5284591913223267,0.30503854155540466,0.5560289621353149,0.31337666511535645,0.5276573300361633,0.3157656490802765
Tree_Pose (63),Tree,4,0.5024580955505371,0.2936064898967743,0.5176563858985901,0.2842237055301666,0.5261209011077881,0.2844569683074951,0.5345019698143005,0.2848753333091736,0.49539321660995483,0.28292080760002136,0.48985549807548523,0.28210726380348206,0.4841242730617523,0.2814835011959076,0.5476884245872498,0.29211488366127014,0.477262020111084,0.289713591337204,0.5189195275306702,0.3068316876888275,0.4902835190296173,0.30473604798316956,0.588651180267334,0.3546507954597473,0.43454709649086,0.34659042954444885,0.6120367646217346,0.2518007755279541,0.4434185028076172,0.2408270239830017,0.5681244730949402,0.153903990983963,0.5202662348747253,0.1535090208053589,0.5641635060310364,0.12487000226974487,0.5378130674362183,0.12697958946228027,0.5596487522125244,0.12349337339401245,0.5376251339912415,0.1236238181591034,0.5591554641723633,0.13560009002685547,0.5355531573295593,0.13480493426322937
Tree_Pose (65),Tree,4,0.48737454414367676,0.15327203273773193,0.47869032621383667,0.13911151885986328,0.4717991054058075,0.139799565076828,0.4631810486316681,0.14061978459358215,0.499449759721756,0.1389324963092804,0.5059645771980286,0.13951003551483154,0.51298987865448,0.14035069942474365,0.45693495869636536,0.15236294269561768,0.5218348503112793,0.15070581436157227,0.4770270884037018,0.16955602169036865,0.5003824234008789,0.17008143663406372,0.3900250196456909,0.25858616828918457,0.5819041132926941,0.26006385684013367,0.34303951263427734,0.37756094336509705,0.6270902156829834,0.36271053552627563,0.4270629286766052,0.3365233540534973,0.5279972553253174,0.3370492458343506,0.4417118430137634,0.32171741127967834,0.5157050490379333,0.3236149549484253,0.45425283908843994,0.314823180437088,0.5057153701782227,0.3215879201889038,0.4530773460865021,0.3174249529838562,0.5091835856437683,0.3234179615974426
Tree_Pose (66),Tree,4,0.4901387691497803,0.2488768994808197,0.4936535656452179,0.24516551196575165,0.4959770143032074,0.24523821473121643,0.4984433054924011,0.24502629041671753,0.48773816227912903,0.24588730931282043,0.48586708307266235,0.24667692184448242,0.4838172197341919,0.2473248988389969,0.503320038318634,0.2517484426498413,0.48249781131744385,0.25523602962493896,0.4950263500213623,0.2556961178779602,0.48727163672447205,0.25779521465301514,0.5262168049812317,0.2979544401168823,0.46863552927970886,0.29989010095596313,0.5426741242408752,0.22729894518852234,0.4439648687839508,0.23194274306297302,0.5044677257537842,0.17820847034454346,0.4751793146133423,0.18153512477874756,0.5000768303871155,0.16128113865852356,0.48256391286849976,0.1658768653869629,0.497322678565979,0.16261935234069824,0.4829257130622864,0.1668015420436859,0.49788057804107666,0.17056825757026672,0.48207440972328186,0.1730024218559265
Tree_Pose (67),Tree,4,0.35965922474861145,0.3818102478981018,0.35717278718948364,0.3751116991043091,0.3550891876220703,0.375102698802948,0.35274645686149597,0.37516191601753235,0.3627021908760071,0.37537676095962524,0.3646171987056732,0.37557393312454224,0.3667353391647339,0.3759709298610687,0.3504210114479065,0.37909555435180664,0.37231558561325073,0.3817143738269806,0.3575316369533539,0.388416588306427,0.3631669580936432,0.3882756233215332,0.33664852380752563,0.4164954423904419,0.3936346471309662,0.4216133952140808,0.3322066366672516,0.34805575013160706,0.3918679356575012,0.3602927327156067,0.3585982918739319,0.2886662781238556,0.3717304468154907,0.2952670454978943,0.3596964478492737,0.27105337381362915,0.3710854947566986,0.2754005193710327,0.36212819814682007,0.2726360261440277,0.369263619184494,0.2764667868614197,0.3623098134994507,0.27979278564453125,0.3691088855266571,0.28457382321357727
Tree_Pose (68),Tree,4,0.5486325025558472,0.13892102241516113,0.5630190372467041,0.12061062455177307,0.5720725059509277,0.12100109457969666,0.5781720280647278,0.12156370282173157,0.5356999635696411,0.12056556344032288,0.5273348093032837,0.12061294913291931,0.5183488130569458,0.12089863419532776,0.5900764465332031,0.13168597221374512,0.508423388004303,0.12976601719856262,0.5672206878662109,0.15857431292533875,0.5312528014183044,0.1573878526687622,0.6599754095077515,0.23077981173992157,0.4538668394088745,0.2336874157190323,0.7375590801239014,0.34371012449264526,0.37602633237838745,0.36116981506347656,0.5811888575553894,0.3446221947669983,0.517322301864624,0.3512918949127197,0.5592402815818787,0.32965874671936035,0.5430763363838196,0.3368348777294159,0.557235836982727,0.3201843798160553,0.544550359249115,0.32537394762039185,0.5642071962356567,0.32613885402679443,0.540590226650238,0.32954251766204834
Tree_Pose (7),Tree,4,0.5183053612709045,0.2528068423271179,0.5219016075134277,0.23833507299423218,0.5249454975128174,0.23801660537719727,0.5274772047996521,0.23773539066314697,0.5122435688972473,0.23960813879966736,0.5084839463233948,0.24018388986587524,0.5048050880432129,0.2408469319343567,0.5303601026535034,0.24295759201049805,0.49971917271614075,0.24773746728897095,0.5243545770645142,0.2668614387512207,0.5113765001296997,0.26774364709854126,0.5621711611747742,0.32435762882232666,0.4730890095233917,0.32622402906417847,0.5940996408462524,0.40815067291259766,0.4471607208251953,0.4152635931968689,0.5283583998680115,0.3787643313407898,0.5090680122375488,0.3790542483329773,0.5210126042366028,0.3557887673377991,0.5186291933059692,0.3573657274246216,0.5201001167297363,0.3492854833602905,0.5179653763771057,0.3513064682483673,0.521557629108429,0.35707277059555054,0.5164604187011719,0.3584970235824585
Tree_Pose (70),Tree,4,0.5052355527877808,0.2425214946269989,0.5163376927375793,0.22868379950523376,0.5232802629470825,0.22894862294197083,0.5302560925483704,0.22964608669281006,0.494894415140152,0.227572500705719,0.48823925852775574,0.22717899084091187,0.4822562336921692,0.22688916325569153,0.5417327284812927,0.23877710103988647,0.475803941488266,0.2338862121105194,0.5203264951705933,0.25996458530426025,0.49451613426208496,0.25785502791404724,0.5973330736160278,0.31024664640426636,0.4381862282752991,0.31058648228645325,0.6664412617683411,0.20407727360725403,0.36816293001174927,0.20789381861686707,0.7121066451072693,0.09346002340316772,0.30569303035736084,0.10149279236793518,0.7267318367958069,0.0624692440032959,0.2910071015357971,0.0704486072063446,0.7208627462387085,0.05661416053771973,0.2955198287963867,0.06325224041938782,0.7145292162895203,0.06887388229370117,0.30287325382232666,0.07470214366912842
Tree_Pose (73),Tree,4,0.6489281058311462,0.11270001530647278,0.6686176061630249,0.09772798418998718,0.6776474714279175,0.09838131070137024,0.6881915330886841,0.09926202893257141,0.6327884793281555,0.09694984555244446,0.6194945573806763,0.09744402766227722,0.6094843149185181,0.09807449579238892,0.7069965600967407,0.10934942960739136,0.5962954759597778,0.11009708046913147,0.6708362102508545,0.13283097743988037,0.6263952851295471,0.1329546868801117,0.7974026203155518,0.2211376130580902,0.5124382972717285,0.22512930631637573,0.8940412998199463,0.33458828926086426,0.4192574620246887,0.3456125855445862,0.7202533483505249,0.3582276403903961,0.5896913409233093,0.3656628429889679,0.6852649450302124,0.34455549716949463,0.6310272812843323,0.34967929124832153,0.6763578653335571,0.33174771070480347,0.6352999806404114,0.33535945415496826,0.6820231676101685,0.3382984399795532,0.628219723701477,0.3419005274772644
Tree_Pose (74),Tree,4,0.5576463937759399,0.2080906629562378,0.5721341967582703,0.1912820041179657,0.5824153423309326,0.1907467544078827,0.5904577970504761,0.19037240743637085,0.5431743860244751,0.19241005182266235,0.5341930389404297,0.19280236959457397,0.524978756904602,0.19350045919418335,0.6076006293296814,0.19535869359970093,0.5153584480285645,0.20104089379310608,0.5813497304916382,0.22640958428382874,0.5443109273910522,0.22930294275283813,0.6955894231796265,0.29804354906082153,0.45231860876083374,0.29983460903167725,0.8178941011428833,0.3887523412704468,0.3289228677749634,0.39199015498161316,0.7439038753509521,0.47747302055358887,0.4071584939956665,0.47967156767845154,0.7111045718193054,0.5065340995788574,0.4309592545032501,0.5070996284484863,0.6937103867530823,0.49235180020332336,0.452936589717865,0.4969060719013214,0.6984824538230896,0.48365455865859985,0.4492326080799103,0.48766767978668213
Tree_Pose (75),Tree,4,0.4383588433265686,0.14514973759651184,0.4538830816745758,0.13235265016555786,0.46447959542274475,0.1329546868801117,0.4711452126502991,0.13343599438667297,0.426095575094223,0.1323903203010559,0.4175770878791809,0.13291093707084656,0.4077712595462799,0.1332872211933136,0.4902918040752411,0.14355769753456116,0.3990568518638611,0.1417923867702484,0.4591407775878906,0.16480809450149536,0.42034047842025757,0.1626078486442566,0.5578391551971436,0.24455878138542175,0.3322128653526306,0.23785626888275146,0.5718306303024292,0.3722253143787384,0.28879407048225403,0.35951656103134155,0.4468768537044525,0.2953334450721741,0.42426225543022156,0.29173725843429565,0.4262629449367523,0.26513421535491943,0.4503001868724823,0.2607790231704712,0.4356935918331146,0.25232642889022827,0.4464319050312042,0.2516895532608032,0.43974196910858154,0.26218336820602417,0.4403303563594818,0.2607526481151581
Tree_Pose (77),Tree,4,0.45778602361679077,0.20923450589179993,0.47195199131965637,0.19406062364578247,0.48043107986450195,0.19455364346504211,0.4872688353061676,0.19499295949935913,0.4485242962837219,0.1934860348701477,0.4395754933357239,0.19373789429664612,0.4321401119232178,0.19404903054237366,0.5033100843429565,0.20453283190727234,0.42952120304107666,0.20247933268547058,0.4737367331981659,0.2261078655719757,0.44462335109710693,0.22665861248970032,0.5583319664001465,0.2766195833683014,0.39292705059051514,0.2807515859603882,0.5833991765975952,0.16162866353988647,0.3129076361656189,0.1735934019088745,0.472150593996048,0.09427779912948608,0.4344673156738281,0.09620857238769531,0.46189793944358826,0.06779119372367859,0.4526985287666321,0.06964379549026489,0.4605565071105957,0.06905978918075562,0.45523062348365784,0.07123440504074097,0.46214643120765686,0.08169889450073242,0.4501635432243347,0.08348426222801208
Tree_Pose (78),Tree,4,0.3525395095348358,0.3977133631706238,0.3457190990447998,0.3905518054962158,0.3416591286659241,0.390667587518692,0.33750516176223755,0.3909860849380493,0.3571155369281769,0.3912780284881592,0.36081433296203613,0.3917232155799866,0.3649355471134186,0.39233100414276123,0.32981735467910767,0.39612308144569397,0.37188512086868286,0.3980933129787445,0.34757107496261597,0.4055755138397217,0.36056312918663025,0.4062892198562622,0.29083094000816345,0.4340650141239166,0.39650633931159973,0.4322534203529358,0.2745569348335266,0.37175971269607544,0.41250696778297424,0.3744204044342041,0.2670055031776428,0.31196171045303345,0.4177992343902588,0.3075959086418152,0.25432834029197693,0.29417410492897034,0.42489707469940186,0.2906295657157898,0.2649742364883423,0.2923847436904907,0.4146992564201355,0.29240676760673523,0.2723848223686218,0.2982175350189209,0.409740686416626,0.29793986678123474
Tree_Pose (79),Tree,4,0.3653499484062195,0.4590889811515808,0.3621634542942047,0.45187491178512573,0.3597920835018158,0.4518586993217468,0.3575280010700226,0.45189881324768066,0.3682684600353241,0.4516359567642212,0.37038934230804443,0.4515438973903656,0.3728019893169403,0.451571524143219,0.3515532910823822,0.45620399713516235,0.3753795325756073,0.4559893310070038,0.36295104026794434,0.4660428762435913,0.36924517154693604,0.4661022424697876,0.31045764684677124,0.5087234973907471,0.4087246358394623,0.5105270147323608,0.23458664119243622,0.5531436204910278,0.479746550321579,0.5601035952568054,0.16276158392429352,0.533363938331604,0.5578161478042603,0.5420777797698975,0.14207682013511658,0.5274521708488464,0.5834808349609375,0.5362417101860046,0.1429011970758438,0.5199252963066101,0.5786356329917908,0.5291779041290283,0.15157504379749298,0.5218586325645447,0.5704318881034851,0.5305994153022766
Tree_Pose (8),Tree,4,0.4296742379665375,0.22340086102485657,0.42452794313430786,0.21376624703407288,0.4212745428085327,0.2142246663570404,0.41647326946258545,0.21498218178749084,0.43312790989875793,0.213646799325943,0.4353047013282776,0.21400904655456543,0.43811655044555664,0.21476858854293823,0.41108569502830505,0.22291028499603271,0.4399149417877197,0.2240930199623108,0.4239971339702606,0.23670899868011475,0.433205783367157,0.2359749674797058,0.37814608216285706,0.30182981491088867,0.4552915394306183,0.29997479915618896,0.34366297721862793,0.3660539984703064,0.5107188820838928,0.372855544090271,0.3113946318626404,0.29612308740615845,0.5602717995643616,0.31919580698013306,0.29776301980018616,0.2830558121204376,0.5756243467330933,0.30758851766586304,0.3030300736427307,0.2706482410430908,0.5697522163391113,0.2939915657043457,0.3080766201019287,0.27569419145584106,0.5639482140541077,0.29712679982185364
Tree_Pose (80),Tree,4,0.4464539587497711,0.3035709261894226,0.4593474268913269,0.28605037927627563,0.47031521797180176,0.2855325937271118,0.4787154793739319,0.2853130102157593,0.42754483222961426,0.2866734564304352,0.41652825474739075,0.286178320646286,0.4064251184463501,0.2856510281562805,0.4897104501724243,0.29455822706222534,0.39570319652557373,0.29314300417900085,0.4653467535972595,0.3187274932861328,0.4277474284172058,0.31805893778800964,0.5489742755889893,0.36903253197669983,0.34987521171569824,0.36710846424102783,0.5792093276977539,0.23948198556900024,0.3122188150882721,0.2339625358581543,0.4912876784801483,0.1249992847442627,0.4038551449775696,0.1245226263999939,0.46173277497291565,0.0977211594581604,0.4306429624557495,0.0969352126121521,0.4549171030521393,0.09700614213943481,0.43158072233200073,0.09713500738143921,0.45842114090919495,0.10685306787490845,0.4262389540672302,0.1076819896697998
Tree_Pose (81),Tree,4,0.5307456254959106,0.32071295380592346,0.5381457805633545,0.31141453981399536,0.5389170050621033,0.3129720091819763,0.539466142654419,0.3144805133342743,0.529853105545044,0.3050481081008911,0.5254449248313904,0.302266389131546,0.5209414958953857,0.29953283071517944,0.5231714248657227,0.3172033727169037,0.4980863630771637,0.29963311553001404,0.5158545970916748,0.33503466844558716,0.5047205686569214,0.3260035216808319,0.5139018297195435,0.40768736600875854,0.36207252740859985,0.32097798585891724,0.5648865103721619,0.5173245668411255,0.38826891779899597,0.2025941014289856,0.6504862904548645,0.6087670922279358,0.436615526676178,0.10384753346443176,0.6793975830078125,0.6313828825950623,0.4567696452140808,0.08203881978988647,0.6791855096817017,0.630386233329773,0.46534082293510437,0.08137071132659912,0.6671498417854309,0.6247392892837524,0.46235939860343933,0.0876774787902832
Tree_Pose (82),Tree,4,0.46333515644073486,0.28512969613075256,0.4701206088066101,0.27237698435783386,0.4764585793018341,0.27145707607269287,0.48140713572502136,0.2709101140499115,0.45302653312683105,0.2747442424297333,0.4458840489387512,0.2754531502723694,0.4402006268501282,0.27629172801971436,0.49021023511886597,0.27803412079811096,0.4345921576023102,0.28418782353401184,0.4783429801464081,0.2984810769557953,0.45542091131210327,0.2995246946811676,0.5326564908027649,0.3421139121055603,0.4052468538284302,0.35109224915504456,0.5272552967071533,0.2271471619606018,0.3862791657447815,0.23629868030548096,0.4744229018688202,0.12891238927841187,0.4298565685749054,0.13788563013076782,0.46305376291275024,0.10397455096244812,0.44274547696113586,0.11099529266357422,0.4597640335559845,0.1036389172077179,0.4426976442337036,0.11026409268379211,0.4615015685558319,0.11273947358131409,0.44119247794151306,0.1202833354473114
Tree_Pose (84),Tree,4,0.4217842221260071,0.3155978322029114,0.4128309190273285,0.30505043268203735,0.40735140442848206,0.3047271966934204,0.4006359279155731,0.3049454092979431,0.429138720035553,0.30648285150527954,0.4374142289161682,0.3067883849143982,0.4437938928604126,0.3072749078273773,0.391182541847229,0.31047746539115906,0.4444035589694977,0.3140663206577301,0.41440051794052124,0.32405081391334534,0.4302867352962494,0.3260917067527771,0.33581215143203735,0.36301755905151367,0.4823967516422272,0.36320826411247253,0.34404006600379944,0.2678438425064087,0.5055672526359558,0.275750994682312,0.38631296157836914,0.1830292046070099,0.4463680386543274,0.19405707716941833,0.3848620057106018,0.15836772322654724,0.43642958998680115,0.16965046525001526,0.3982205092906952,0.16088137030601501,0.43102186918258667,0.17202386260032654,0.4015236496925354,0.17250284552574158,0.4314373731613159,0.18068626523017883
Tree_Pose (85),Tree,4,0.2821938693523407,0.2139776051044464,0.2867012023925781,0.20007282495498657,0.2889772951602936,0.2004198431968689,0.2918192446231842,0.20072925090789795,0.2775128483772278,0.20002174377441406,0.2739066779613495,0.20035982131958008,0.27079081535339355,0.2008245289325714,0.2957976460456848,0.20872876048088074,0.26586273312568665,0.20968031883239746,0.28842437267303467,0.2313494086265564,0.2765331566333771,0.2314731776714325,0.32012617588043213,0.29441535472869873,0.24579812586307526,0.2954863905906677,0.3246590495109558,0.4097464680671692,0.23549070954322815,0.40915530920028687,0.2941410541534424,0.32678985595703125,0.26887011528015137,0.3253263831138611,0.2898977994918823,0.29600659012794495,0.2733624279499054,0.29495641589164734,0.2909452021121979,0.28767967224121094,0.2725857198238373,0.28442370891571045,0.2917426824569702,0.29833489656448364,0.2722013294696808,0.29658669233322144
Tree_Pose (87),Tree,4,0.6941321492195129,0.5038957595825195,0.6896539330482483,0.4978927969932556,0.6864611506462097,0.4982854127883911,0.6835746169090271,0.4987885653972626,0.698104202747345,0.4972805976867676,0.7008468508720398,0.4972706139087677,0.703652024269104,0.49744805693626404,0.6813883781433105,0.5033481121063232,0.709345817565918,0.5024576187133789,0.6890944838523865,0.5114592909812927,0.6990964412689209,0.511091947555542,0.6552237272262573,0.5512966513633728,0.7559560537338257,0.5502955913543701,0.5866803526878357,0.598309338092804,0.8169652819633484,0.5975038409233093,0.5109309554100037,0.5919744968414307,0.9027786254882812,0.596534252166748,0.4866073727607727,0.5941553711891174,0.9234963655471802,0.5995594263076782,0.4870119094848633,0.5862654447555542,0.9229457974433899,0.5899683237075806,0.494511216878891,0.5855614542961121,0.9149700403213501,0.589111864566803
Tree_Pose (88),Tree,4,0.4048691987991333,0.26639077067375183,0.41207608580589294,0.24914488196372986,0.4200943112373352,0.2480188012123108,0.42859184741973877,0.2471986711025238,0.3872930705547333,0.2517901659011841,0.378700852394104,0.2523472309112549,0.3712393045425415,0.2531517446041107,0.4397839903831482,0.25354281067848206,0.3634234666824341,0.258338987827301,0.4240536093711853,0.2798498272895813,0.39247584342956543,0.2819392681121826,0.4913923144340515,0.31466835737228394,0.33505234122276306,0.3240949213504791,0.5567747950553894,0.21407243609428406,0.26723551750183105,0.21604424715042114,0.5574841499328613,0.10070407390594482,0.2634490728378296,0.09972241520881653,0.555815577507019,0.06696492433547974,0.2575327754020691,0.06693077087402344,0.5444336533546448,0.0622309148311615,0.2712870240211487,0.06275388598442078,0.5416845083236694,0.07617580890655518,0.27926722168922424,0.07507994771003723
Tree_Pose (89),Tree,4,0.47389882802963257,0.1278630495071411,0.49199816584587097,0.11300697922706604,0.49642258882522583,0.11361858248710632,0.5011512637138367,0.11424008011817932,0.489562064409256,0.11168614029884338,0.49219560623168945,0.11138126254081726,0.49519360065460205,0.11105811595916748,0.5339138507843018,0.12591615319252014,0.5299643278121948,0.12348440289497375,0.4821408689022064,0.14673441648483276,0.47896620631217957,0.1456223428249359,0.5529094934463501,0.2361939251422882,0.5486724972724915,0.23570361733436584,0.42356234788894653,0.36497098207473755,0.4416670501232147,0.3527520000934601,0.4094579815864563,0.2709715962409973,0.42398327589035034,0.2842949628829956,0.39735525846481323,0.24116167426109314,0.4146629571914673,0.24664199352264404,0.4275621473789215,0.23213917016983032,0.41468095779418945,0.24246534705162048,0.4348430335521698,0.24268710613250732,0.4231269955635071,0.25277063250541687
Tree_Pose (9),Tree,4,0.5161899328231812,0.12371808290481567,0.5234532952308655,0.10595059394836426,0.5280286073684692,0.10506653785705566,0.5328174233436584,0.10469385981559753,0.5097345113754272,0.10788536071777344,0.5053768157958984,0.10832881927490234,0.5020449161529541,0.10914477705955505,0.5403723120689392,0.11111432313919067,0.5006474852561951,0.11586987972259521,0.5254729390144348,0.14249452948570251,0.5092214941978455,0.14484387636184692,0.5742025971412659,0.21797211468219757,0.4835474491119385,0.2263135313987732,0.5802664160728455,0.34416037797927856,0.48887982964515686,0.34885770082473755,0.5162694454193115,0.2829897403717041,0.5098340511322021,0.43735891580581665,0.5026925206184387,0.26110750436782837,0.5123632550239563,0.4665037989616394,0.5040936470031738,0.24597297608852386,0.5092960000038147,0.4600389003753662,0.5072692632675171,0.2535400390625,0.5108130574226379,0.4460758864879608
Tree_Pose (90),Tree,4,0.42337363958358765,0.2096874713897705,0.4360063374042511,0.19619470834732056,0.44425851106643677,0.1956510841846466,0.4511864185333252,0.19533780217170715,0.40758079290390015,0.19888189435005188,0.39817014336586,0.20008283853530884,0.3893566429615021,0.2015606164932251,0.46580007672309875,0.2019437551498413,0.3790217339992523,0.21050190925598145,0.4440281391143799,0.22550076246261597,0.4104442000389099,0.22844359278678894,0.5608488917350769,0.2977633476257324,0.32038962841033936,0.30572643876075745,0.584162712097168,0.43095406889915466,0.2905822694301605,0.4372764229774475,0.4526160657405853,0.4078138470649719,0.4100978374481201,0.4056292772293091,0.4312921166419983,0.3897337019443512,0.42134255170822144,0.3852449059486389,0.440252423286438,0.3705505132675171,0.4165692925453186,0.37038540840148926,0.445832222700119,0.37468189001083374,0.4146990478038788,0.37559306621551514
Tree_Pose (92),Tree,4,0.6092357635498047,0.14435502886772156,0.6283690333366394,0.12958267331123352,0.6376357078552246,0.13037756085395813,0.6463529467582703,0.1312580704689026,0.5963266491889954,0.1282135546207428,0.5855331420898438,0.1280648112297058,0.5763753056526184,0.12818539142608643,0.6676754355430603,0.13857540488243103,0.5654717087745667,0.13641870021820068,0.6293730139732361,0.163185715675354,0.5888229012489319,0.16219401359558105,0.7463772296905518,0.23007462918758392,0.49189522862434387,0.23184381425380707,0.8414456248283386,0.3308013081550598,0.3993317782878876,0.3383077383041382,0.6653335094451904,0.3337613046169281,0.5651521682739258,0.34073904156684875,0.6325199604034424,0.31295204162597656,0.6005517840385437,0.3225809335708618,0.6291024684906006,0.30413734912872314,0.6023021936416626,0.31053900718688965,0.6363368034362793,0.3105403184890747,0.5972128510475159,0.3161320984363556
Tree_Pose (93),Tree,4,0.5645586252212524,0.14894220232963562,0.571916401386261,0.13462281227111816,0.5759506225585938,0.13468536734580994,0.579142689704895,0.1349521279335022,0.5575828552246094,0.13475149869918823,0.5530586242675781,0.1349950134754181,0.5489104390144348,0.13576093316078186,0.5869007110595703,0.14167755842208862,0.5426648259162903,0.1418134570121765,0.573444128036499,0.16762325167655945,0.5556543469429016,0.16863077878952026,0.6240218281745911,0.23379556834697723,0.5040150284767151,0.22983558475971222,0.6616343855857849,0.33599090576171875,0.46424978971481323,0.33649924397468567,0.5674640536308289,0.28230488300323486,0.5499094128608704,0.28137749433517456,0.5520110130310059,0.2573917508125305,0.5675362348556519,0.25691044330596924,0.5553287267684937,0.24767695367336273,0.565146267414093,0.24941256642341614,0.5593685507774353,0.257098913192749,0.5621581673622131,0.25769293308258057
Tree_Pose (94),Tree,4,0.652714192867279,0.27552929520606995,0.6571006178855896,0.26215556263923645,0.6603218913078308,0.26225733757019043,0.6632028222084045,0.262300968170166,0.6473202705383301,0.2623156011104584,0.6441908478736877,0.2623775005340576,0.6414070725440979,0.2628009617328644,0.6670665740966797,0.27256304025650024,0.6377389430999756,0.2742725908756256,0.6593966484069824,0.291694700717926,0.6475326418876648,0.29038581252098083,0.6879622340202332,0.3483530879020691,0.6246610879898071,0.35203051567077637,0.6885150671005249,0.2310137152671814,0.6200379729270935,0.2243184745311737,0.6655210256576538,0.13011717796325684,0.6451006531715393,0.11856719851493835,0.6582000851631165,0.09823295474052429,0.6495758295059204,0.09049934148788452,0.6580139994621277,0.09559199213981628,0.6503986716270447,0.08931931853294373,0.6588802337646484,0.10778668522834778,0.6493929028511047,0.09898743033409119
Tree_Pose (95),Tree,4,0.4676917791366577,0.19440636038780212,0.4766647517681122,0.1801435649394989,0.48263248801231384,0.17985859513282776,0.48970359563827515,0.17961764335632324,0.45161181688308716,0.18029460310935974,0.441487193107605,0.18000486493110657,0.4320099651813507,0.17994889616966248,0.4989032447338104,0.18550264835357666,0.414056658744812,0.18734604120254517,0.4821532964706421,0.21124857664108276,0.4506225287914276,0.21153980493545532,0.5812383890151978,0.2744627594947815,0.3356474041938782,0.28637629747390747,0.6948783993721008,0.3557041883468628,0.23637603223323822,0.3865625858306885,0.5072687268257141,0.3520006537437439,0.4239236116409302,0.3598702549934387,0.47354593873023987,0.32771414518356323,0.4619879722595215,0.33908534049987793,0.4698362946510315,0.3219890594482422,0.46266743540763855,0.3316587209701538,0.4769061505794525,0.3291342258453369,0.4538257420063019,0.3390078544616699
Tree_Pose (96),Tree,4,0.6393336653709412,0.2059890329837799,0.6537237167358398,0.19343525171279907,0.6616256237030029,0.19375509023666382,0.6706188917160034,0.19422078132629395,0.6267909407615662,0.19359037280082703,0.6171307563781738,0.19418883323669434,0.6085586547851562,0.19504767656326294,0.6847954392433167,0.20370158553123474,0.5993072986602783,0.20449823141098022,0.6580731868743896,0.2230813205242157,0.6230060458183289,0.22416219115257263,0.7518292665481567,0.28167474269866943,0.5431995391845703,0.2784229516983032,0.8291611671447754,0.1747753620147705,0.4456802308559418,0.18293392658233643,0.6630000472068787,0.12203264236450195,0.6088227033615112,0.11941394209861755,0.6384613513946533,0.09607589244842529,0.6323871612548828,0.0926109254360199,0.6363692283630371,0.09777835011482239,0.6333139538764954,0.09528094530105591,0.64009690284729,0.10912245512008667,0.628326416015625,0.1079583466053009
Tree_Pose (97),Tree,4,0.505680501461029,0.11752089858055115,0.5221149325370789,0.09938865900039673,0.5305643081665039,0.09966474771499634,0.5385358333587646,0.0998833179473877,0.4861498773097992,0.09956496953964233,0.47311335802078247,0.09997358918190002,0.4624326527118683,0.10016795992851257,0.5525381565093994,0.11098870635032654,0.4472988247871399,0.110899418592453,0.5259263515472412,0.14070677757263184,0.48387590050697327,0.14120912551879883,0.6365920305252075,0.22613313794136047,0.35835376381874084,0.23310020565986633,0.725872814655304,0.35088443756103516,0.28282666206359863,0.3653806149959564,0.5425205826759338,0.30528122186660767,0.4658963680267334,0.31482914090156555,0.5263469815254211,0.27488091588020325,0.5023815035820007,0.28793931007385254,0.52550208568573,0.2644273638725281,0.4997459948062897,0.2782704830169678,0.528330385684967,0.2746084928512573,0.49393969774246216,0.28831616044044495
Tree_Pose (98),Tree,4,0.27753376960754395,0.43348169326782227,0.2717389166355133,0.4274817109107971,0.2685805559158325,0.42768746614456177,0.2653167247772217,0.4280223846435547,0.28117087483406067,0.4280649423599243,0.283762663602829,0.42856907844543457,0.2868403196334839,0.4292948246002197,0.26100409030914307,0.4315304756164551,0.2875022888183594,0.4329221844673157,0.2734416425228119,0.43945541977882385,0.2830677926540375,0.4402061104774475,0.2213820070028305,0.46162471175193787,0.3112807869911194,0.464318186044693,0.22397315502166748,0.4097161293029785,0.3132285475730896,0.4131429195404053,0.26640626788139343,0.3644181191921234,0.2786731421947479,0.36409950256347656,0.2717193365097046,0.3502156138420105,0.28209760785102844,0.35004478693008423,0.2745286226272583,0.3505924940109253,0.27935874462127686,0.35080716013908386,0.2733166813850403,0.354955792427063,0.2778278589248657,0.35562869906425476
Upward-Facing_Dog_Pose (1),Upward-Facing_Dog,6,0.7906445860862732,0.2884412109851837,0.7709770798683167,0.2824539244174957,0.770102858543396,0.2834077775478363,0.7687440514564514,0.28457075357437134,0.7687082290649414,0.2859877347946167,0.7664119601249695,0.2888135015964508,0.7635560631752014,0.29191702604293823,0.7529808878898621,0.3114657998085022,0.7467764616012573,0.3177589774131775,0.7993643283843994,0.3117583692073822,0.795653223991394,0.3143521249294281,0.7722236514091492,0.4508439600467682,0.7450870871543884,0.47221991419792175,0.8223323822021484,0.6180998682975769,0.7929971218109131,0.6632250547409058,0.9046716690063477,0.7437817454338074,0.8917208909988403,0.8279622793197632,0.9326349496841431,0.7537642121315002,0.9258827567100525,0.8427882194519043,0.9396183490753174,0.7599518299102783,0.9355812072753906,0.8321847915649414,0.9241645336151123,0.7595254182815552,0.922156035900116,0.825850784778595
Upward-Facing_Dog_Pose (100),Upward-Facing_Dog,6,0.7995339632034302,0.49700868129730225,0.7924646139144897,0.4737044870853424,0.7907745838165283,0.47375935316085815,0.7886197566986084,0.4737776219844818,0.789935827255249,0.47450554370880127,0.7867254614830017,0.47526270151138306,0.783200740814209,0.47604578733444214,0.7665345668792725,0.48033255338668823,0.761102557182312,0.4845307171344757,0.788343071937561,0.521888256072998,0.7856080532073975,0.5220195055007935,0.7028706669807434,0.5511578917503357,0.6987005472183228,0.5971093773841858,0.601424515247345,0.6079272031784058,0.5776463150978088,0.6543689370155334,0.6662726402282715,0.7384568452835083,0.6440868377685547,0.8098548054695129,0.6923551559448242,0.7492566704750061,0.6712354421615601,0.8217182159423828,0.6968627572059631,0.7528560757637024,0.683068573474884,0.8048173189163208,0.6888123154640198,0.7499521970748901,0.672796368598938,0.8017224669456482
Upward-Facing_Dog_Pose (104),Upward-Facing_Dog,6,0.30367928743362427,0.10442692041397095,0.32012343406677246,0.12266772985458374,0.3210502862930298,0.12771326303482056,0.3222576677799225,0.13341403007507324,0.3215077519416809,0.12116134166717529,0.3234159052371979,0.12499988079071045,0.32557177543640137,0.1293056607246399,0.32299792766571045,0.18402940034866333,0.3268197476863861,0.17654776573181152,0.29011306166648865,0.12628483772277832,0.29122769832611084,0.1227378249168396,0.27274197340011597,0.3256072700023651,0.29626908898353577,0.3162829577922821,0.28338199853897095,0.6189956068992615,0.307790070772171,0.5776669979095459,0.2535708546638489,0.8605274558067322,0.27364322543144226,0.7681654691696167,0.2210158407688141,0.8929228782653809,0.24654972553253174,0.7832504510879517,0.2094382345676422,0.8770611882209778,0.2376798391342163,0.788041889667511,0.21966463327407837,0.8671776056289673,0.2503460645675659,0.7872940897941589
Upward-Facing_Dog_Pose (106),Upward-Facing_Dog,6,0.679770827293396,0.29831260442733765,0.661462128162384,0.30007338523864746,0.6603258848190308,0.30312836170196533,0.6590452790260315,0.30641859769821167,0.6612452268600464,0.3016507029533386,0.6600040793418884,0.30573076009750366,0.6586151123046875,0.3100622296333313,0.6512035727500916,0.34550294280052185,0.6532906293869019,0.344822496175766,0.6883962750434875,0.321957528591156,0.6876435875892639,0.32363635301589966,0.6747602224349976,0.4852123558521271,0.6945146918296814,0.48259609937667847,0.740715503692627,0.6705276370048523,0.7726291418075562,0.6888684630393982,0.8212029337882996,0.8437899351119995,0.8487411737442017,0.8755053281784058,0.8544175028800964,0.8620052337646484,0.8819221258163452,0.8880126476287842,0.8609791994094849,0.8700932264328003,0.8841334581375122,0.8856829404830933,0.8444352746009827,0.8694065809249878,0.867634117603302,0.8854004740715027
Upward-Facing_Dog_Pose (108),Upward-Facing_Dog,6,0.09746479988098145,0.46787911653518677,0.10534736514091492,0.44659069180488586,0.10782939195632935,0.44688647985458374,0.11041057109832764,0.4468631148338318,0.10597705841064453,0.4448714852333069,0.10863739252090454,0.4439775347709656,0.11163809895515442,0.4425147771835327,0.12992575764656067,0.45406845211982727,0.1339493691921234,0.44649168848991394,0.10896453261375427,0.4873707890510559,0.10914957523345947,0.48609238862991333,0.18802426755428314,0.5582343339920044,0.21709001064300537,0.5260801315307617,0.32282742857933044,0.6157167553901672,0.33782464265823364,0.5984982252120972,0.24655279517173767,0.7624136805534363,0.26525309681892395,0.7136452198028564,0.21065562963485718,0.779467761516571,0.23591400682926178,0.711018443107605,0.2004329413175583,0.765909731388092,0.22559022903442383,0.7192674875259399,0.21172483265399933,0.7593091726303101,0.2373158186674118,0.7195777297019958
Upward-Facing_Dog_Pose (109),Upward-Facing_Dog,6,0.3098059594631195,0.31450948119163513,0.32407739758491516,0.3212795853614807,0.3254269063472748,0.32459163665771484,0.32693320512771606,0.3280382454395294,0.3240441679954529,0.3189379870891571,0.3251914083957672,0.32032811641693115,0.3267103135585785,0.3219071328639984,0.3326241374015808,0.3590424060821533,0.3342837393283844,0.3516557812690735,0.30100417137145996,0.3322555124759674,0.30190011858940125,0.32864910364151,0.29966095089912415,0.4686216711997986,0.3231324553489685,0.45735377073287964,0.2903154790401459,0.6601099967956543,0.3228430449962616,0.6396604776382446,0.28958070278167725,0.8295317888259888,0.3120860755443573,0.8002333641052246,0.27913832664489746,0.8391751646995544,0.3095155358314514,0.8216423392295837,0.2759523093700409,0.8409088850021362,0.303668349981308,0.8175486326217651,0.28176459670066833,0.8398841619491577,0.3077887296676636,0.8168430328369141
Upward-Facing_Dog_Pose (11),Upward-Facing_Dog,6,0.8374834060668945,0.16187304258346558,0.8201497793197632,0.14633655548095703,0.8186237812042236,0.1470431089401245,0.8167275786399841,0.14786213636398315,0.8185370564460754,0.14996826648712158,0.8159705400466919,0.15344488620758057,0.8129259347915649,0.1571236252784729,0.7965303063392639,0.18245762586593628,0.793696939945221,0.18999123573303223,0.8419842720031738,0.19455629587173462,0.8393569588661194,0.19767016172409058,0.7881127595901489,0.36885347962379456,0.782123327255249,0.3990287482738495,0.8007705211639404,0.6201597452163696,0.8020673990249634,0.670018196105957,0.8448009490966797,0.7958577871322632,0.8634518980979919,0.8890629410743713,0.8696234226226807,0.7996214628219604,0.8918734192848206,0.9029746055603027,0.875829815864563,0.8027637600898743,0.8985692262649536,0.8935749530792236,0.8665790557861328,0.8059833645820618,0.8876121640205383,0.8885477185249329
Upward-Facing_Dog_Pose (110),Upward-Facing_Dog,6,0.6653700470924377,0.3431389033794403,0.6567925810813904,0.3324967324733734,0.656319260597229,0.3338765799999237,0.6554704904556274,0.3356832265853882,0.6545599699020386,0.3348012864589691,0.652991533279419,0.3369308412075043,0.6514344811439514,0.33927208185195923,0.645801305770874,0.3599487841129303,0.6426069736480713,0.36387965083122253,0.664803683757782,0.3674379885196686,0.6634334325790405,0.36937379837036133,0.6126528978347778,0.469922810792923,0.6303157806396484,0.4993175268173218,0.5971137881278992,0.6399829983711243,0.6109898686408997,0.7049828767776489,0.6300509572029114,0.7499465942382812,0.6661338806152344,0.8658508062362671,0.6532968282699585,0.745760440826416,0.689765214920044,0.877077579498291,0.6569177508354187,0.7479928135871887,0.6938589811325073,0.8633948564529419,0.6498210430145264,0.7550688982009888,0.6842327117919922,0.8606855273246765
Upward-Facing_Dog_Pose (111),Upward-Facing_Dog,6,0.24907325208187103,0.1816672682762146,0.2669403553009033,0.1732630729675293,0.2688992917537689,0.17567068338394165,0.27117618918418884,0.17816364765167236,0.26744982600212097,0.17214620113372803,0.26951250433921814,0.17366868257522583,0.27191439270973206,0.17526578903198242,0.2846452593803406,0.20725888013839722,0.28517451882362366,0.20086005330085754,0.24680373072624207,0.20869135856628418,0.2467990517616272,0.20723357796669006,0.28234583139419556,0.3827340304851532,0.29534903168678284,0.3684687316417694,0.28872135281562805,0.6433148384094238,0.29965198040008545,0.5990158915519714,0.17967280745506287,0.7921727895736694,0.2304804027080536,0.7200509309768677,0.14540597796440125,0.817919135093689,0.20904755592346191,0.7261776328086853,0.134864941239357,0.7997453808784485,0.20354066789150238,0.7242066264152527,0.15027572214603424,0.7880562543869019,0.20758624374866486,0.7289873361587524
Upward-Facing_Dog_Pose (113),Upward-Facing_Dog,6,0.6663894057273865,0.36341604590415955,0.6597551107406616,0.3359275460243225,0.6637461185455322,0.3359604775905609,0.6669228672981262,0.3355739414691925,0.6452094316482544,0.34190499782562256,0.6369677186012268,0.3456913232803345,0.6281771659851074,0.35108017921447754,0.6601394414901733,0.35044339299201965,0.6047742366790771,0.3742610812187195,0.6734375953674316,0.40055522322654724,0.6585186719894409,0.40590646862983704,0.6792783737182617,0.547140896320343,0.5500614047050476,0.5456373691558838,0.6809784173965454,0.7656248807907104,0.5531333088874817,0.8255006074905396,0.7875926494598389,0.8424203991889954,0.6647852659225464,0.867279052734375,0.8095952868461609,0.8636378049850464,0.7035292387008667,0.884433925151825,0.8251270055770874,0.8589808344841003,0.7107867002487183,0.8647508025169373,0.8090788125991821,0.8553370833396912,0.7003452181816101,0.8563571572303772
Upward-Facing_Dog_Pose (114),Upward-Facing_Dog,6,0.7595601677894592,0.32742831110954285,0.743369460105896,0.3118656873703003,0.7415410280227661,0.3127727210521698,0.739318311214447,0.31390178203582764,0.7421145439147949,0.31454145908355713,0.7397211194038391,0.3170488178730011,0.7369633913040161,0.31964245438575745,0.7185548543930054,0.3361823558807373,0.7182995080947876,0.34230002760887146,0.7578292489051819,0.3554457724094391,0.7557515501976013,0.35775578022003174,0.6885742545127869,0.461417555809021,0.6943728923797607,0.48438000679016113,0.6484717130661011,0.6458035707473755,0.6426036357879639,0.674608051776886,0.695814847946167,0.7671329975128174,0.7145100831985474,0.826232373714447,0.7273385524749756,0.778349757194519,0.7430964708328247,0.8322924375534058,0.7368724346160889,0.7829298377037048,0.7495083808898926,0.8212751746177673,0.7259648442268372,0.7813563346862793,0.7399531006813049,0.817950427532196
Upward-Facing_Dog_Pose (116),Upward-Facing_Dog,6,0.6190686225891113,0.2572036385536194,0.6361808180809021,0.2377561628818512,0.6405004262924194,0.23942336440086365,0.645598828792572,0.2412230670452118,0.6305863261222839,0.23408940434455872,0.6303303837776184,0.23309719562530518,0.6302576661109924,0.2318863570690155,0.6754089593887329,0.262857049703598,0.6563688516616821,0.2488432228565216,0.6279932260513306,0.28757810592651367,0.617538571357727,0.2805726230144501,0.717934787273407,0.4188120365142822,0.6575812101364136,0.3741450309753418,0.7461330890655518,0.6577839851379395,0.666516900062561,0.5983760952949524,0.7390201091766357,0.8725364804267883,0.6446825861930847,0.7887418270111084,0.7283448576927185,0.9044304490089417,0.6200075149536133,0.803242564201355,0.7066245079040527,0.8934310078620911,0.6221680641174316,0.808906078338623,0.7091115713119507,0.8854147791862488,0.6342003345489502,0.8087965846061707
Upward-Facing_Dog_Pose (117),Upward-Facing_Dog,6,0.16121158003807068,0.474173903465271,0.1661222130060196,0.4524132013320923,0.16839328408241272,0.4513500928878784,0.17077317833900452,0.45045024156570435,0.16508027911186218,0.4529559910297394,0.1666221022605896,0.4521592855453491,0.16824162006378174,0.45109742879867554,0.19227004051208496,0.45500093698501587,0.18801099061965942,0.4527936279773712,0.17329759895801544,0.48990780115127563,0.17161229252815247,0.48896217346191406,0.2625524401664734,0.5515509247779846,0.2601916790008545,0.5302648544311523,0.3723874092102051,0.6404457092285156,0.3307252824306488,0.6258221864700317,0.29870277643203735,0.7440746426582336,0.2897946536540985,0.7161543369293213,0.27558523416519165,0.7508236169815063,0.2705491781234741,0.7187073230743408,0.27043676376342773,0.7408959269523621,0.26850444078445435,0.7207589745521545,0.27901631593704224,0.7376372814178467,0.2740941643714905,0.7191130518913269
Upward-Facing_Dog_Pose (12),Upward-Facing_Dog,6,0.8119221925735474,0.4717700481414795,0.8008753061294556,0.45514750480651855,0.7992860674858093,0.455157995223999,0.7974901795387268,0.45505183935165405,0.7994236946105957,0.45641028881073,0.7969260811805725,0.45732471346855164,0.7938947081565857,0.45835694670677185,0.7744455337524414,0.4664727449417114,0.7732977867126465,0.4710029363632202,0.8070545196533203,0.4927407503128052,0.8051204681396484,0.49331992864608765,0.7215864658355713,0.5516883134841919,0.7335164546966553,0.5678292512893677,0.6363770961761475,0.6691226363182068,0.6441866755485535,0.6848046183586121,0.7002254724502563,0.7404997944831848,0.7237780094146729,0.7706702351570129,0.7236416935920715,0.73948734998703,0.7502976655960083,0.7723790407180786,0.7324702143669128,0.7446234822273254,0.7539016008377075,0.7618166208267212,0.7255072593688965,0.7439916729927063,0.7453758120536804,0.7602856755256653
Upward-Facing_Dog_Pose (120),Upward-Facing_Dog,6,0.14654648303985596,0.37554439902305603,0.15865981578826904,0.3511773645877838,0.16192841529846191,0.35261937975883484,0.16550636291503906,0.3536270260810852,0.1576903760433197,0.3477438986301422,0.1601615846157074,0.34735819697380066,0.1631135642528534,0.34678372740745544,0.19024276733398438,0.3748520016670227,0.18798105418682098,0.36911216378211975,0.1579207181930542,0.41996482014656067,0.15716427564620972,0.4151262640953064,0.25106972455978394,0.5373193025588989,0.2730485796928406,0.48318150639533997,0.3887883126735687,0.5928410887718201,0.38155418634414673,0.5801209807395935,0.3189077377319336,0.8202962875366211,0.3349947929382324,0.7234466075897217,0.2865709662437439,0.8429626226425171,0.3160356879234314,0.7397748231887817,0.27736926078796387,0.8287369608879089,0.30392956733703613,0.7469956278800964,0.28668704628944397,0.8193579316139221,0.30904990434646606,0.7471008896827698
Upward-Facing_Dog_Pose (13),Upward-Facing_Dog,6,0.15977919101715088,0.4735448956489563,0.16547736525535583,0.45056548714637756,0.16784395277500153,0.44972750544548035,0.17035011947155,0.4487241506576538,0.1643046885728836,0.4497033357620239,0.16584530472755432,0.4483562111854553,0.16758045554161072,0.4464173913002014,0.18975965678691864,0.45310163497924805,0.18695509433746338,0.44958043098449707,0.17265309393405914,0.49331286549568176,0.1702043116092682,0.49057942628860474,0.2636781930923462,0.5709579586982727,0.25966566801071167,0.5359146595001221,0.37627917528152466,0.6728341579437256,0.33797264099121094,0.6491755843162537,0.3016882538795471,0.7915170192718506,0.29316243529319763,0.7543079853057861,0.27903223037719727,0.8000941276550293,0.27575647830963135,0.7587181329727173,0.27232956886291504,0.7866714000701904,0.2704901099205017,0.7584688067436218,0.280508816242218,0.7821478843688965,0.2784356474876404,0.7588527202606201
Upward-Facing_Dog_Pose (14),Upward-Facing_Dog,6,0.9300697445869446,0.3477449417114258,0.9289762377738953,0.32860827445983887,0.9272613525390625,0.3270835280418396,0.925321638584137,0.32540905475616455,0.927946925163269,0.3297492265701294,0.9255766868591309,0.3292417526245117,0.9230316877365112,0.32861292362213135,0.9015140533447266,0.3228747546672821,0.9010578989982605,0.330359548330307,0.9164241552352905,0.35887855291366577,0.9144173860549927,0.359796941280365,0.793235182762146,0.357141375541687,0.8227406740188599,0.4079684615135193,0.6775230765342712,0.41961386799812317,0.6910405158996582,0.4782070219516754,0.74436354637146,0.4907570779323578,0.7682533860206604,0.5768447518348694,0.7771821022033691,0.48797136545181274,0.8015050292015076,0.5875492095947266,0.7898780107498169,0.5024086833000183,0.8093247413635254,0.5780370831489563,0.772700309753418,0.4901300072669983,0.796223521232605,0.5709116458892822
Upward-Facing_Dog_Pose (15),Upward-Facing_Dog,6,0.7595741748809814,0.2649109661579132,0.7446132898330688,0.2607947289943695,0.7435504198074341,0.2626207172870636,0.7423287630081177,0.26468780636787415,0.7437708377838135,0.26309913396835327,0.7421078085899353,0.26657983660697937,0.7402456402778625,0.2704751789569855,0.7320074439048767,0.29698827862739563,0.7313773036003113,0.3048247694969177,0.7650700807571411,0.2839387357234955,0.7638968229293823,0.28651300072669983,0.7481577396392822,0.418913334608078,0.7347801327705383,0.44151538610458374,0.7515381574630737,0.589953601360321,0.7454309463500977,0.6389675140380859,0.7915002107620239,0.710931122303009,0.7948809862136841,0.7696323990821838,0.8148912191390991,0.7151562571525574,0.8381854891777039,0.7638022303581238,0.8283326625823975,0.725599467754364,0.8419139981269836,0.7550697326660156,0.8125777244567871,0.7234673500061035,0.824895441532135,0.752498984336853
Upward-Facing_Dog_Pose (18),Upward-Facing_Dog,6,0.80660480260849,0.147466242313385,0.791800320148468,0.13108545541763306,0.7914804816246033,0.13114386796951294,0.7909438014030457,0.13092243671417236,0.786725640296936,0.13641545176506042,0.7827362418174744,0.13970884680747986,0.7776609659194946,0.14331898093223572,0.768679141998291,0.15494275093078613,0.7508171796798706,0.17054477334022522,0.8100811839103699,0.17729905247688293,0.8028891086578369,0.18150237202644348,0.7765418887138367,0.34031376242637634,0.7104129195213318,0.37187671661376953,0.7684522867202759,0.5608091354370117,0.6930114030838013,0.5976389646530151,0.7788456082344055,0.7648816108703613,0.6806161403656006,0.8301799297332764,0.8019415140151978,0.7866905331611633,0.6943582892417908,0.8660136461257935,0.7999950647354126,0.7917144894599915,0.713257372379303,0.858317494392395,0.7846760153770447,0.7852106094360352,0.7094559669494629,0.846876859664917
Upward-Facing_Dog_Pose (2),Upward-Facing_Dog,6,0.14997926354408264,0.3892122805118561,0.15856164693832397,0.3740292489528656,0.16110646724700928,0.3740123510360718,0.1636616587638855,0.3740316331386566,0.155750572681427,0.37340274453163147,0.15632867813110352,0.3729028105735779,0.15716320276260376,0.37237685918807983,0.18007086217403412,0.3801746964454651,0.17379635572433472,0.3777066767215729,0.15644460916519165,0.4076290726661682,0.15404018759727478,0.40680253505706787,0.19886203110218048,0.49127447605133057,0.1861088126897812,0.47655802965164185,0.17518098652362823,0.6359255909919739,0.14797112345695496,0.584204375743866,0.10251760482788086,0.7211589217185974,0.08676977455615997,0.6867375373840332,0.08670125901699066,0.7413713335990906,0.07164758443832397,0.6928046345710754,0.07888171076774597,0.7310648560523987,0.06801579892635345,0.6961769461631775,0.08363395929336548,0.7259828448295593,0.07412105798721313,0.6995395421981812
Upward-Facing_Dog_Pose (20),Upward-Facing_Dog,6,0.1749861240386963,0.315446674823761,0.18764862418174744,0.2954575717449188,0.1907280683517456,0.2975209653377533,0.1941482424736023,0.2993753254413605,0.1879563331604004,0.2915689945220947,0.1909148097038269,0.2910124361515045,0.19436505436897278,0.29022809863090515,0.2225920706987381,0.3196035623550415,0.22201597690582275,0.3055817186832428,0.1848987638950348,0.34843990206718445,0.1847655475139618,0.3445470631122589,0.2807273864746094,0.48907044529914856,0.2846640944480896,0.40692228078842163,0.36378687620162964,0.6826311945915222,0.31915760040283203,0.5863282680511475,0.25396156311035156,0.7814663648605347,0.26483699679374695,0.695835530757904,0.21784335374832153,0.7971113920211792,0.2343137413263321,0.6968066692352295,0.2081616222858429,0.7729268670082092,0.22894391417503357,0.7030537128448486,0.21847109496593475,0.7680568695068359,0.24116341769695282,0.7043822407722473
Upward-Facing_Dog_Pose (21),Upward-Facing_Dog,6,0.052321046590805054,0.6680349707603455,0.06178507208824158,0.6532752513885498,0.06452786922454834,0.6531197428703308,0.06719928979873657,0.6528515815734863,0.06144574284553528,0.6526739001274109,0.06398463249206543,0.6521790623664856,0.06665745377540588,0.6514685750007629,0.09091648459434509,0.6580222845077515,0.09218719601631165,0.6554531455039978,0.06652194261550903,0.6816607713699341,0.06607559323310852,0.6813016533851624,0.16626283526420593,0.709589421749115,0.1806202530860901,0.6961739659309387,0.30845755338668823,0.703730583190918,0.3019242286682129,0.710832953453064,0.2714105546474457,0.8101156949996948,0.2659299075603485,0.7946767210960388,0.24596236646175385,0.823763370513916,0.2440524697303772,0.8069155216217041,0.23402804136276245,0.8187543153762817,0.23294921219348907,0.808383584022522,0.24332407116889954,0.8153655529022217,0.24204230308532715,0.8060513138771057
Upward-Facing_Dog_Pose (22),Upward-Facing_Dog,6,0.866506814956665,0.3262128233909607,0.8509094715118408,0.30756714940071106,0.8495554327964783,0.3073296546936035,0.8481082320213318,0.3070823848247528,0.8467642664909363,0.31044214963912964,0.8426067233085632,0.3120782971382141,0.8380211591720581,0.31359612941741943,0.821255087852478,0.319920152425766,0.8093518614768982,0.3269478976726532,0.8648742437362671,0.3484547734260559,0.8585082292556763,0.3511471152305603,0.7879006862640381,0.43407273292541504,0.7652778029441833,0.4587033689022064,0.8175114989280701,0.583016037940979,0.7673709392547607,0.6215860247612,0.8619471788406372,0.7104523181915283,0.8241649866104126,0.7834540605545044,0.8771024346351624,0.7287762761116028,0.8518975377082825,0.7970279455184937,0.8816705942153931,0.7317569255828857,0.8616974353790283,0.7893503308296204,0.875599205493927,0.7286354303359985,0.8532871007919312,0.7848497033119202
Upward-Facing_Dog_Pose (23),Upward-Facing_Dog,6,0.6405544877052307,0.4971233904361725,0.6323704719543457,0.49591732025146484,0.6317036151885986,0.4969070255756378,0.6310099363327026,0.49795597791671753,0.6321293711662292,0.49628540873527527,0.6314263343811035,0.49753761291503906,0.630615234375,0.4988534450531006,0.6247401237487793,0.5129361152648926,0.6247254610061646,0.5131778120994568,0.6432839632034302,0.5089048743247986,0.6428804993629456,0.5096794962882996,0.6239253282546997,0.5725826025009155,0.6344799995422363,0.5672359466552734,0.6048076748847961,0.6543506979942322,0.6276648044586182,0.6581142544746399,0.6325778365135193,0.7212252020835876,0.652346134185791,0.7400296926498413,0.6452046036720276,0.7283863425254822,0.66473388671875,0.7467591166496277,0.6506797075271606,0.7316954135894775,0.6659735441207886,0.742780864238739,0.6476578712463379,0.7312471866607666,0.6616592407226562,0.7411640882492065
Upward-Facing_Dog_Pose (29),Upward-Facing_Dog,6,0.7215300798416138,0.3055797517299652,0.7097703814506531,0.32309284806251526,0.7100570201873779,0.3265268802642822,0.7100675702095032,0.3300553560256958,0.7077999711036682,0.3240860402584076,0.7068507075309753,0.32812926173210144,0.7054440379142761,0.3327104151248932,0.714850902557373,0.36712560057640076,0.7080800533294678,0.3698655664920807,0.7353069186210632,0.31762465834617615,0.7336925864219666,0.3169730305671692,0.7584925293922424,0.47020646929740906,0.7536038756370544,0.4809304177761078,0.7637426257133484,0.6796107888221741,0.7558279633522034,0.6985844373703003,0.8501238226890564,0.7996698617935181,0.8498089909553528,0.841158926486969,0.8755389451980591,0.8042436242103577,0.8797524571418762,0.8536252379417419,0.8868235349655151,0.8068943023681641,0.8917873501777649,0.8407752513885498,0.8749096393585205,0.805904746055603,0.8771916627883911,0.83510822057724
Upward-Facing_Dog_Pose (3),Upward-Facing_Dog,6,0.7486720681190491,0.34821707010269165,0.7304317355155945,0.3602677881717682,0.7290359735488892,0.36227795481681824,0.7270241975784302,0.36426278948783875,0.731972873210907,0.3627058267593384,0.7310407757759094,0.3661540448665619,0.7299351692199707,0.36962780356407166,0.7264890074729919,0.38923272490501404,0.7335227131843567,0.39555034041404724,0.7677406668663025,0.36245644092559814,0.7685743570327759,0.36358699202537537,0.777328610420227,0.4803828001022339,0.8009551763534546,0.496509850025177,0.7245693206787109,0.6231520771980286,0.7450122833251953,0.6448320150375366,0.8138126134872437,0.6935532093048096,0.8619825839996338,0.7330919504165649,0.83707594871521,0.6880890727043152,0.9107906818389893,0.7457118630409241,0.8479619026184082,0.6935365200042725,0.9195318222045898,0.7353085875511169,0.8455190062522888,0.6975226402282715,0.9020000696182251,0.7292013168334961
Upward-Facing_Dog_Pose (30),Upward-Facing_Dog,6,0.4039056897163391,0.3362080752849579,0.41755110025405884,0.35521939396858215,0.41818293929100037,0.3590911328792572,0.4190347492694855,0.3631233870983124,0.41808226704597473,0.35449090600013733,0.4192851185798645,0.35729390382766724,0.42081600427627563,0.3604277968406677,0.4160896837711334,0.3938619792461395,0.41943904757499695,0.39074084162712097,0.3916994333267212,0.35149919986724854,0.3924984931945801,0.3500980734825134,0.357022762298584,0.4726971983909607,0.3857444226741791,0.46490055322647095,0.2837194800376892,0.6422140002250671,0.33011722564697266,0.6360810995101929,0.21028517186641693,0.8109785914421082,0.2585911750793457,0.7692018747329712,0.21034298837184906,0.8237082362174988,0.24345655739307404,0.7720783352851868,0.18132740259170532,0.8091662526130676,0.24286186695098877,0.7770078182220459,0.1954343467950821,0.8107326030731201,0.2489435225725174,0.7811135649681091
Upward-Facing_Dog_Pose (31),Upward-Facing_Dog,6,0.3185175061225891,0.28831249475479126,0.33380433917045593,0.28768929839134216,0.335472047328949,0.2905741035938263,0.33742833137512207,0.29352113604545593,0.3344149887561798,0.28635406494140625,0.33637455105781555,0.28821632266044617,0.338844358921051,0.2901434898376465,0.3478148877620697,0.32731980085372925,0.3492993116378784,0.3218247592449188,0.3138885796070099,0.3122943639755249,0.3139551877975464,0.3109498918056488,0.3320762515068054,0.4450531303882599,0.34469324350357056,0.4281284809112549,0.30206936597824097,0.6247572302818298,0.31293994188308716,0.6046125292778015,0.24246792495250702,0.7721373438835144,0.260547935962677,0.7534229159355164,0.22221863269805908,0.7942617535591125,0.2430029660463333,0.7724533677101135,0.2185307741165161,0.7888228297233582,0.2400009036064148,0.7770360708236694,0.23034493625164032,0.7833284735679626,0.24842898547649384,0.7754650115966797
Upward-Facing_Dog_Pose (32),Upward-Facing_Dog,6,0.6647617220878601,0.213911771774292,0.6500061750411987,0.22395360469818115,0.6496450901031494,0.22724038362503052,0.6490440964698792,0.23069649934768677,0.6492099761962891,0.2258782684803009,0.6484056711196899,0.23046153783798218,0.647271990776062,0.23543745279312134,0.6439104080200195,0.2783365845680237,0.6439749598503113,0.28044238686561584,0.6779440641403198,0.23623520135879517,0.678230881690979,0.23912125825881958,0.6709800362586975,0.40627753734588623,0.6912319660186768,0.40871599316596985,0.6874123215675354,0.6179088354110718,0.7217873334884644,0.6363901495933533,0.7589545249938965,0.747566819190979,0.8256881237030029,0.7702904939651489,0.7850902080535889,0.7498356699943542,0.8598389625549316,0.7831332087516785,0.7955727577209473,0.7523710131645203,0.8635677099227905,0.7703431844711304,0.7850911617279053,0.7519407868385315,0.8472660183906555,0.7685613632202148
Upward-Facing_Dog_Pose (33),Upward-Facing_Dog,6,0.8623524904251099,0.24541446566581726,0.8463033437728882,0.22517535090446472,0.8444735407829285,0.22569897770881653,0.8423147797584534,0.22633683681488037,0.8438726663589478,0.22757384181022644,0.8408259749412537,0.22944968938827515,0.8375956416130066,0.23140859603881836,0.8193897008895874,0.25026169419288635,0.8134505748748779,0.25606080889701843,0.8602960705757141,0.2758851945400238,0.8573135733604431,0.27632150053977966,0.7940418124198914,0.40074896812438965,0.7675578594207764,0.4286806285381317,0.7486181855201721,0.5904251337051392,0.7072599530220032,0.6579551100730896,0.8058322072029114,0.7409396767616272,0.7841292023658752,0.8440694212913513,0.8349570035934448,0.7504520416259766,0.8174576759338379,0.8707481622695923,0.839877724647522,0.7512601613998413,0.8300095796585083,0.8500120639801025,0.8282822370529175,0.7519240379333496,0.8208048939704895,0.8396131992340088
Upward-Facing_Dog_Pose (34),Upward-Facing_Dog,6,0.5554143190383911,0.40433406829833984,0.5509949922561646,0.40404754877090454,0.550037145614624,0.4058970808982849,0.5497925877571106,0.40600481629371643,0.551310122013092,0.404087096452713,0.5510934591293335,0.4043276309967041,0.5515735745429993,0.40444040298461914,0.5480808615684509,0.41080188751220703,0.5501056909561157,0.4115830659866333,0.5562818646430969,0.41277816891670227,0.556272029876709,0.41220828890800476,0.5539330244064331,0.457143634557724,0.5680137872695923,0.4485105276107788,0.5849454402923584,0.5145572423934937,0.5942402482032776,0.5110388398170471,0.6239137053489685,0.5576290488243103,0.6300488710403442,0.5665563344955444,0.6375952959060669,0.5595424175262451,0.6420409083366394,0.5767032504081726,0.6398903131484985,0.5615629553794861,0.6460269093513489,0.5739201903343201,0.6368368864059448,0.5663953423500061,0.642613410949707,0.5736492276191711
Upward-Facing_Dog_Pose (37),Upward-Facing_Dog,6,0.8371081948280334,0.14975672960281372,0.8205029964447021,0.13661319017410278,0.8191031217575073,0.13751542568206787,0.8173608779907227,0.13862109184265137,0.8193950653076172,0.13998007774353027,0.8172900080680847,0.1432192325592041,0.8146353363990784,0.14688444137573242,0.7973390817642212,0.17336341738700867,0.7940493822097778,0.18003463745117188,0.8415001034736633,0.178185373544693,0.8394545316696167,0.1817619502544403,0.7952414155006409,0.3494008779525757,0.7760807275772095,0.3690704107284546,0.8102041482925415,0.5697460174560547,0.7995354533195496,0.6210302114486694,0.8498142957687378,0.7474353909492493,0.8640480041503906,0.8250566124916077,0.8729608654975891,0.7504265308380127,0.8918582201004028,0.8442961573600769,0.8783749341964722,0.7510643601417542,0.9045036435127258,0.8371109366416931,0.8717920780181885,0.7547394633293152,0.8885437250137329,0.8290689587593079
Upward-Facing_Dog_Pose (38),Upward-Facing_Dog,6,0.5308656692504883,0.47493085265159607,0.53898686170578,0.4650965631008148,0.5404780507087708,0.4660719037055969,0.5420664548873901,0.4671265780925751,0.5386544466018677,0.4636682868003845,0.5398401618003845,0.4637962877750397,0.5415518283843994,0.4638293981552124,0.5537665486335754,0.4815644919872284,0.5537829399108887,0.47826603055000305,0.5325201749801636,0.4913818836212158,0.5322591066360474,0.49101847410202026,0.5662399530410767,0.5983644127845764,0.5681770443916321,0.5729696750640869,0.5833320021629333,0.7472757697105408,0.5803918838500977,0.7091094851493835,0.5455204844474792,0.8523408770561218,0.54892498254776,0.8139811754226685,0.5340523719787598,0.8682299852371216,0.5398032665252686,0.8238497972488403,0.5262399911880493,0.8613049387931824,0.54127037525177,0.8304517865180969,0.5306262373924255,0.8558553457260132,0.5460278987884521,0.8295559287071228
Upward-Facing_Dog_Pose (39),Upward-Facing_Dog,6,0.412293016910553,0.31568238139152527,0.42258501052856445,0.34124812483787537,0.423185795545578,0.34622690081596375,0.42390117049217224,0.3510874807834625,0.4211198091506958,0.3385276198387146,0.4208660423755646,0.34108924865722656,0.42093363404273987,0.34392720460891724,0.41485458612442017,0.38061967492103577,0.4153568148612976,0.37362372875213623,0.4008905291557312,0.3380005359649658,0.3992685079574585,0.33173155784606934,0.36023232340812683,0.46521759033203125,0.3757305443286896,0.4521128833293915,0.2801936864852905,0.6196559071540833,0.31649526953697205,0.6110352277755737,0.20632624626159668,0.7790005207061768,0.24610930681228638,0.7490668892860413,0.18238726258277893,0.7805948853492737,0.23011620342731476,0.7468788027763367,0.173099085688591,0.7752928733825684,0.22549302875995636,0.7529462575912476,0.18529675900936127,0.7772027850151062,0.23323923349380493,0.7583486437797546
Upward-Facing_Dog_Pose (4),Upward-Facing_Dog,6,0.26553189754486084,0.472929984331131,0.27761608362197876,0.4592808187007904,0.28045278787612915,0.4606477916240692,0.283358633518219,0.46151527762413025,0.2763718366622925,0.45780083537101746,0.2782829999923706,0.4582914710044861,0.2805500030517578,0.45832502841949463,0.3005881607532501,0.47718751430511475,0.2987174391746521,0.473095566034317,0.27100443840026855,0.49915218353271484,0.26950299739837646,0.49789851903915405,0.326395183801651,0.5938209295272827,0.33550459146499634,0.5812872052192688,0.3847324252128601,0.7492089867591858,0.3932560384273529,0.7341653108596802,0.34010231494903564,0.9184152483940125,0.3553280830383301,0.8807547688484192,0.31929948925971985,0.9258008003234863,0.33526861667633057,0.8872866034507751,0.31240570545196533,0.915241539478302,0.32738518714904785,0.8917987942695618,0.31989604234695435,0.9145593047142029,0.3358542025089264,0.891234278678894
Upward-Facing_Dog_Pose (40),Upward-Facing_Dog,6,0.33629122376441956,0.15250498056411743,0.3513873219490051,0.1689547300338745,0.3526933193206787,0.1745569407939911,0.35440799593925476,0.180600106716156,0.3513943552970886,0.16658902168273926,0.35271602869033813,0.17022687196731567,0.3545411229133606,0.1743907332420349,0.35799071192741394,0.22722622752189636,0.3584287166595459,0.21974074840545654,0.3244025409221649,0.17356184124946594,0.3248296082019806,0.16958999633789062,0.3032892048358917,0.34780704975128174,0.3238467872142792,0.33941155672073364,0.3052695691585541,0.5824105143547058,0.3117474615573883,0.5680677890777588,0.26318272948265076,0.7754750847816467,0.2802664339542389,0.7303162813186646,0.24848289787769318,0.7962878942489624,0.2663593888282776,0.7466503977775574,0.24053102731704712,0.7903833389282227,0.2609790861606598,0.7514253258705139,0.24741096794605255,0.7838411331176758,0.26913371682167053,0.7502757906913757
Upward-Facing_Dog_Pose (43),Upward-Facing_Dog,6,0.6602340340614319,0.3257131278514862,0.6483350992202759,0.33723878860473633,0.6482380628585815,0.3393135070800781,0.6480742692947388,0.3416558802127838,0.6479486227035522,0.3403988182544708,0.6475573778152466,0.3447002172470093,0.6469810009002686,0.3496716618537903,0.6495229601860046,0.37751880288124084,0.6478837132453918,0.3856774568557739,0.6704994440078735,0.3358859717845917,0.6699119806289673,0.33956533670425415,0.7003880739212036,0.46181610226631165,0.679021418094635,0.4814029932022095,0.7054540514945984,0.6401886940002441,0.6734250783920288,0.6671831011772156,0.724504292011261,0.7595674395561218,0.6805058121681213,0.8285467624664307,0.7311428785324097,0.7842555642127991,0.6914661526679993,0.8492845892906189,0.734129011631012,0.7885431051254272,0.7011516690254211,0.842262864112854,0.7298588752746582,0.7831556797027588,0.6968864798545837,0.8351986408233643
Upward-Facing_Dog_Pose (45),Upward-Facing_Dog,6,0.35641175508499146,0.10887607932090759,0.3767021894454956,0.10467234253883362,0.38243722915649414,0.11057406663894653,0.3894594609737396,0.11713859438896179,0.3641076982021332,0.09563034772872925,0.360791951417923,0.09472009539604187,0.3577181100845337,0.0939418375492096,0.40391814708709717,0.15633845329284668,0.36115744709968567,0.12355196475982666,0.35468438267707825,0.14007675647735596,0.3421551287174225,0.13436654210090637,0.4438959062099457,0.33025914430618286,0.3009454905986786,0.27588537335395813,0.46890342235565186,0.5563378930091858,0.30505436658859253,0.5274460911750793,0.486962229013443,0.7658241391181946,0.2800620198249817,0.739132285118103,0.4878520667552948,0.7995908260345459,0.2518968880176544,0.7667707800865173,0.4674825072288513,0.7964804172515869,0.2642838656902313,0.770542323589325,0.46650856733322144,0.7832316160202026,0.2814362645149231,0.7643701434135437
Upward-Facing_Dog_Pose (47),Upward-Facing_Dog,6,0.21038389205932617,0.2412247657775879,0.22543483972549438,0.22811278700828552,0.22770562767982483,0.23009714484214783,0.22980695962905884,0.2320219874382019,0.22502635419368744,0.22865381836891174,0.22721147537231445,0.2308209240436554,0.22940264642238617,0.23263907432556152,0.24989834427833557,0.2547845244407654,0.25327247381210327,0.2516646981239319,0.21698367595672607,0.26884546875953674,0.21559081971645355,0.2688519060611725,0.25985172390937805,0.39645257592201233,0.2967722415924072,0.3944626748561859,0.2444235235452652,0.6353511214256287,0.2927250564098358,0.6283973455429077,0.23908288776874542,0.8805910348892212,0.26385706663131714,0.850847065448761,0.23024724423885345,0.9017293453216553,0.2470807135105133,0.8617410659790039,0.23040629923343658,0.9055927991867065,0.25046390295028687,0.872955322265625,0.23382750153541565,0.9008310437202454,0.25981178879737854,0.8728418946266174
Upward-Facing_Dog_Pose (5),Upward-Facing_Dog,6,0.21031677722930908,0.242063969373703,0.2249269187450409,0.22718530893325806,0.22724150121212006,0.22902891039848328,0.22942884266376495,0.23089835047721863,0.22487010061740875,0.22717559337615967,0.22731013596057892,0.22883987426757812,0.22980040311813354,0.23033103346824646,0.2505379915237427,0.25118160247802734,0.254109263420105,0.24810117483139038,0.2181658297777176,0.2713557779788971,0.2167360931634903,0.2703842222690582,0.2628125846385956,0.3929230868816376,0.2978758215904236,0.3968559205532074,0.24309957027435303,0.6367065906524658,0.2997826337814331,0.6292004585266113,0.2390640676021576,0.8766091465950012,0.2658279538154602,0.8527747392654419,0.2305903136730194,0.9021522402763367,0.24788592755794525,0.8661894798278809,0.23211032152175903,0.9058787226676941,0.2628532350063324,0.8732375502586365,0.23605462908744812,0.8967947959899902,0.2620764374732971,0.871713399887085
Upward-Facing_Dog_Pose (50),Upward-Facing_Dog,6,0.19245165586471558,0.21285077929496765,0.20873339474201202,0.20404848456382751,0.21101458370685577,0.20623400807380676,0.21344807744026184,0.20819342136383057,0.2089405357837677,0.20265546441078186,0.21127039194107056,0.2040342390537262,0.213958278298378,0.2054111659526825,0.22881901264190674,0.23459818959236145,0.23082013428211212,0.23123151063919067,0.19182610511779785,0.2404319941997528,0.1914786845445633,0.23926541209220886,0.2189968228340149,0.3625304698944092,0.254181444644928,0.3600020110607147,0.2127973437309265,0.5958496332168579,0.2573709785938263,0.5787227153778076,0.18687507510185242,0.8097989559173584,0.22118821740150452,0.7628350257873535,0.16011425852775574,0.8146600723266602,0.20000556111335754,0.7617034316062927,0.1591666340827942,0.8071579933166504,0.1956508904695511,0.7656576633453369,0.16936838626861572,0.8104894161224365,0.20428256690502167,0.7720117568969727
Upward-Facing_Dog_Pose (52),Upward-Facing_Dog,6,0.19898082315921783,0.23275774717330933,0.21650801599025726,0.22384637594223022,0.21931645274162292,0.2273821234703064,0.22261366248130798,0.23086372017860413,0.21588486433029175,0.21935585141181946,0.21799370646476746,0.21974575519561768,0.2205682396888733,0.22031214833259583,0.24430307745933533,0.2642791271209717,0.24207338690757751,0.2538629174232483,0.19850972294807434,0.2664957046508789,0.19696274399757385,0.2618756592273712,0.27075129747390747,0.4349523186683655,0.25461190938949585,0.4313950538635254,0.2680026888847351,0.655232846736908,0.24239516258239746,0.6343675255775452,0.17508555948734283,0.816918671131134,0.16694125533103943,0.7736517190933228,0.14618873596191406,0.8317306041717529,0.13714024424552917,0.7833020091056824,0.13368867337703705,0.8211632966995239,0.1293690800666809,0.7861265540122986,0.14535899460315704,0.8189247250556946,0.14120939373970032,0.7869489192962646
Upward-Facing_Dog_Pose (54),Upward-Facing_Dog,6,0.7557803392410278,0.33200007677078247,0.7426238656044006,0.3215373456478119,0.7409572601318359,0.3226679265499115,0.738934338092804,0.32381585240364075,0.7416218519210815,0.3234643340110779,0.7394764423370361,0.3257540464401245,0.7369312047958374,0.32809093594551086,0.7204530239105225,0.34611308574676514,0.7195058465003967,0.3513348698616028,0.7547192573547363,0.35636693239212036,0.753003716468811,0.35780802369117737,0.6923077702522278,0.46224284172058105,0.693294107913971,0.4707280993461609,0.6632096767425537,0.6093944907188416,0.6519725918769836,0.632750391960144,0.701181948184967,0.7136831879615784,0.707831859588623,0.7562867999076843,0.7248744964599609,0.7244688272476196,0.734150767326355,0.7662844657897949,0.7325724959373474,0.7303117513656616,0.7393471002578735,0.7559577226638794,0.7243483066558838,0.7285237908363342,0.7308807373046875,0.752490222454071
Upward-Facing_Dog_Pose (55),Upward-Facing_Dog,6,0.13668611645698547,0.42276838421821594,0.146290123462677,0.40429699420928955,0.14905303716659546,0.4044157862663269,0.15179851651191711,0.404220849275589,0.14566665887832642,0.4031204879283905,0.14800530672073364,0.4024898111820221,0.1505909562110901,0.4014921486377716,0.17400109767913818,0.4107273817062378,0.1738927960395813,0.40516752004623413,0.14668869972229004,0.4430069327354431,0.1460394561290741,0.44209063053131104,0.24000436067581177,0.5016294121742249,0.251891165971756,0.47203510999679565,0.3574773669242859,0.5395764112472534,0.34605276584625244,0.5233224630355835,0.29382580518722534,0.6643937826156616,0.3037816286087036,0.6262106895446777,0.2634223699569702,0.6779940724372864,0.276365727186203,0.6239162683486938,0.2569754123687744,0.6671229600906372,0.267011433839798,0.6265482306480408,0.266773521900177,0.6621979475021362,0.27568644285202026,0.6277737021446228
Upward-Facing_Dog_Pose (56),Upward-Facing_Dog,6,0.7243896126747131,0.27359214425086975,0.7305500507354736,0.2434048354625702,0.7356536388397217,0.24359172582626343,0.7397394776344299,0.2434234321117401,0.7099796533584595,0.24371710419654846,0.6997332572937012,0.24461629986763,0.6890486478805542,0.246665358543396,0.7351590394973755,0.25112614035606384,0.6688423156738281,0.26099154353141785,0.7276734709739685,0.3023097515106201,0.7074933052062988,0.30469536781311035,0.717540442943573,0.3725290298461914,0.653116762638092,0.42346566915512085,0.7573285102844238,0.5695934891700745,0.6843492984771729,0.6352108716964722,0.816853940486908,0.7297017574310303,0.7521560192108154,0.8417105674743652,0.8474240303039551,0.7463197708129883,0.7807628512382507,0.8787744045257568,0.8492004871368408,0.7513819932937622,0.7962801456451416,0.8569821715354919,0.8345966339111328,0.7495530247688293,0.7873862385749817,0.8423976898193359
Upward-Facing_Dog_Pose (57),Upward-Facing_Dog,6,0.8836479187011719,0.34030306339263916,0.865214467048645,0.3302285969257355,0.8629322648048401,0.33189207315444946,0.8602983951568604,0.33344417810440063,0.863308310508728,0.3327060639858246,0.859826922416687,0.33616918325424194,0.8559923768043518,0.33971843123435974,0.8328602313995361,0.36937275528907776,0.8305888772010803,0.37444597482681274,0.8825321197509766,0.3716295659542084,0.8806332945823669,0.37389594316482544,0.7873985171318054,0.5372471809387207,0.7847733497619629,0.5426551103591919,0.6448711156845093,0.6014018058776855,0.6344000697135925,0.5923072099685669,0.6915339827537537,0.7891151309013367,0.7007442116737366,0.8344482779502869,0.7160263061523438,0.7974929213523865,0.7330002784729004,0.8577601313591003,0.7367274165153503,0.8078826665878296,0.7430435419082642,0.843114972114563,0.7293962240219116,0.8076538443565369,0.7367384433746338,0.8342535495758057
Upward-Facing_Dog_Pose (58),Upward-Facing_Dog,6,0.11529847979545593,0.2575388550758362,0.12405699491500854,0.21723484992980957,0.12615099549293518,0.2161552906036377,0.128818541765213,0.21336057782173157,0.12433114647865295,0.2158513367176056,0.12640276551246643,0.2145799994468689,0.12876877188682556,0.21261215209960938,0.1504896879196167,0.2355286180973053,0.1501704901456833,0.22940853238105774,0.1265190839767456,0.3044373691082001,0.12675008177757263,0.30572250485420227,0.20703119039535522,0.4618999660015106,0.22061923146247864,0.4188183844089508,0.11339327692985535,0.7242692708969116,0.15842404961585999,0.6722243428230286,0.11985218524932861,0.42134299874305725,0.13113883137702942,0.42123305797576904,0.1096334457397461,0.34963923692703247,0.12111330032348633,0.31813570857048035,0.12904909253120422,0.3241932988166809,0.13235923647880554,0.32155948877334595,0.1356617510318756,0.3637736439704895,0.1387971043586731,0.37063971161842346
Upward-Facing_Dog_Pose (60),Upward-Facing_Dog,6,0.6896222829818726,0.39948534965515137,0.6799143552780151,0.3841105103492737,0.6789611577987671,0.38391947746276855,0.6781436800956726,0.38337627053260803,0.6765584945678711,0.3861691355705261,0.6738447546958923,0.38705718517303467,0.6704578399658203,0.3882749676704407,0.6620548367500305,0.39762094616889954,0.6534034013748169,0.4021776020526886,0.68937087059021,0.4217354357242584,0.6858197450637817,0.42181357741355896,0.6532915830612183,0.5225036144256592,0.6045289039611816,0.5332112312316895,0.6334209442138672,0.6620456576347351,0.5468034148216248,0.6961287260055542,0.6767621040344238,0.7652944326400757,0.6089543104171753,0.8403744697570801,0.6977638602256775,0.7768303155899048,0.6302367448806763,0.8689060211181641,0.6992813348770142,0.7797954678535461,0.6410104036331177,0.855338454246521,0.6894466876983643,0.7774850130081177,0.6350280046463013,0.8450798988342285
Upward-Facing_Dog_Pose (61),Upward-Facing_Dog,6,0.7214455604553223,0.08932022750377655,0.7086389660835266,0.08542385697364807,0.7069562077522278,0.08631227910518646,0.7049621343612671,0.087334543466568,0.7077518105506897,0.08627341687679291,0.7056574821472168,0.08773024380207062,0.7032257318496704,0.08929188549518585,0.6885032653808594,0.10184633731842041,0.6876627206802368,0.10391047596931458,0.7209440469741821,0.104214608669281,0.7198184132575989,0.10497812926769257,0.6617662310600281,0.17565615475177765,0.6721774339675903,0.1806924194097519,0.6290521621704102,0.2668825685977936,0.6297770142555237,0.2777232229709625,0.6632101535797119,0.33243411779403687,0.679378867149353,0.3569006323814392,0.6878739595413208,0.33714723587036133,0.7022824287414551,0.3630797863006592,0.6931027173995972,0.33856189250946045,0.7067829370498657,0.3575422465801239,0.6870213150978088,0.3392251431941986,0.6994472742080688,0.3554005026817322
Upward-Facing_Dog_Pose (63),Upward-Facing_Dog,6,0.848601222038269,0.3114480674266815,0.8263930678367615,0.3164105713367462,0.8254379034042358,0.31899476051330566,0.8240930438041687,0.32197150588035583,0.8256739377975464,0.31795960664749146,0.8245371580123901,0.32164138555526733,0.8229424953460693,0.3259722590446472,0.8155909180641174,0.35728228092193604,0.8165313005447388,0.3622840642929077,0.8653139472007751,0.3307543396949768,0.8647991418838501,0.3325139284133911,0.8275647759437561,0.4767313599586487,0.8776696920394897,0.48109298944473267,0.8154096007347107,0.661370575428009,0.8829361796379089,0.69133061170578,0.8329260945320129,0.8250527381896973,0.88884037733078,0.8812053799629211,0.8491151928901672,0.8431002497673035,0.901856005191803,0.9063671827316284,0.8520849347114563,0.8498564958572388,0.9040572643280029,0.9057278633117676,0.8537536859512329,0.8492944836616516,0.8980687260627747,0.8978080749511719
Upward-Facing_Dog_Pose (65),Upward-Facing_Dog,6,0.7280382513999939,0.136041522026062,0.7132390737533569,0.11655324697494507,0.7124608159065247,0.11759400367736816,0.7113609910011292,0.11873936653137207,0.7100911736488342,0.12007683515548706,0.7070818543434143,0.12409526109695435,0.7034103870391846,0.1287468671798706,0.6915501356124878,0.15663588047027588,0.6821657419204712,0.16962099075317383,0.731289803981781,0.17705070972442627,0.7273476123809814,0.17986226081848145,0.6781953573226929,0.3292860984802246,0.6583691239356995,0.3854635953903198,0.6783995032310486,0.5471949577331543,0.65399169921875,0.6624751687049866,0.7487903833389282,0.7082338929176331,0.7552106380462646,0.8203062415122986,0.781482994556427,0.7090551853179932,0.7901330590248108,0.8374806642532349,0.7858265042304993,0.7101719975471497,0.7926520109176636,0.8177018165588379,0.7711907625198364,0.7130944728851318,0.7786729335784912,0.8104810118675232
Upward-Facing_Dog_Pose (66),Upward-Facing_Dog,6,0.56365966796875,0.249944806098938,0.5625923275947571,0.22037765383720398,0.5664330720901489,0.22041887044906616,0.570288360118866,0.2203729748725891,0.5459309816360474,0.2214299738407135,0.5353854298591614,0.22270402312278748,0.5235655307769775,0.2251233160495758,0.5586104989051819,0.23220795392990112,0.4890676736831665,0.23965299129486084,0.5663823485374451,0.283186137676239,0.546297013759613,0.2825111448764801,0.5653270483016968,0.37545230984687805,0.3880253732204437,0.38421201705932617,0.579707145690918,0.5496075749397278,0.2952427268028259,0.5867195129394531,0.6168901920318604,0.7123665809631348,0.3334283232688904,0.830650269985199,0.6474016904830933,0.7361756563186646,0.33365046977996826,0.8762459754943848,0.6420565843582153,0.7429556250572205,0.37456196546554565,0.8662658333778381,0.6252543330192566,0.7387335300445557,0.37553203105926514,0.8519890904426575
Upward-Facing_Dog_Pose (69),Upward-Facing_Dog,6,0.4685443639755249,0.4839300513267517,0.4766245484352112,0.48780715465545654,0.4774259626865387,0.4897477626800537,0.47836679220199585,0.4919857978820801,0.4763345420360565,0.4868904650211334,0.4768907427787781,0.48809993267059326,0.47765225172042847,0.48954421281814575,0.48072487115859985,0.5108867883682251,0.4801616966724396,0.5064480304718018,0.4633784592151642,0.49296998977661133,0.46347007155418396,0.4912656247615814,0.4619075655937195,0.56032395362854,0.46345803141593933,0.558819055557251,0.46868225932121277,0.6451065540313721,0.4667063057422638,0.6423619985580444,0.43752482533454895,0.7109493613243103,0.4417927861213684,0.6993190050125122,0.4249623417854309,0.719133198261261,0.42880409955978394,0.7077335119247437,0.419556587934494,0.7157853245735168,0.4244312644004822,0.7077025771141052,0.42491865158081055,0.713301420211792,0.4295961558818817,0.7058361768722534
Upward-Facing_Dog_Pose (7),Upward-Facing_Dog,6,0.373174250125885,0.6430181264877319,0.374940425157547,0.6216927170753479,0.3769456744194031,0.6197094321250916,0.3791532814502716,0.6176317930221558,0.3724217414855957,0.6234369874000549,0.37244462966918945,0.6229705214500427,0.3726048171520233,0.6223867535591125,0.3909763693809509,0.6152282357215881,0.3846460282802582,0.6217576861381531,0.38177490234375,0.6531954407691956,0.3785896897315979,0.6548305749893188,0.4026162624359131,0.674788236618042,0.4368860721588135,0.6840046644210815,0.398817777633667,0.7988253235816956,0.43869760632514954,0.7894087433815002,0.37678197026252747,0.9058952927589417,0.429908812046051,0.8716771006584167,0.3644857704639435,0.9106206893920898,0.4259131848812103,0.8838257193565369,0.3631160259246826,0.9047574400901794,0.42143842577934265,0.8845034241676331,0.3674512207508087,0.9042509198188782,0.42312324047088623,0.880131185054779
Upward-Facing_Dog_Pose (71),Upward-Facing_Dog,6,0.9650762677192688,0.1872415542602539,0.9515592455863953,0.15511274337768555,0.9509869813919067,0.15496695041656494,0.9500371217727661,0.1546611189842224,0.946792721748352,0.16050726175308228,0.94344162940979,0.16388362646102905,0.9395231604576111,0.16721802949905396,0.925829291343689,0.1824931502342224,0.9161264300346375,0.19475889205932617,0.9678659439086914,0.22826367616653442,0.9630686044692993,0.23183226585388184,0.8902156352996826,0.3645642101764679,0.8970427513122559,0.38010260462760925,0.8743080496788025,0.6597660779953003,0.8902568817138672,0.7070214748382568,0.8765103816986084,0.9171969294548035,0.8785222172737122,0.9660239219665527,0.9044193625450134,0.9294207096099854,0.9037172794342041,0.9862567782402039,0.9054613709449768,0.9456150531768799,0.9104268550872803,0.9825387597084045,0.8870535492897034,0.9401842951774597,0.8980823755264282,0.9794650673866272
Upward-Facing_Dog_Pose (74),Upward-Facing_Dog,6,0.7189294099807739,0.19058719277381897,0.6987932920455933,0.20228362083435059,0.6985256671905518,0.20394232869148254,0.6983023285865784,0.20593544840812683,0.6989840269088745,0.20700526237487793,0.6985605955123901,0.21163514256477356,0.6967443227767944,0.2172960638999939,0.7002615332603455,0.24461629986763,0.6967437267303467,0.25908392667770386,0.7390353083610535,0.20163655281066895,0.7386545538902283,0.207451730966568,0.7902539968490601,0.34460750222206116,0.7512212991714478,0.3797324299812317,0.8221921324729919,0.5379205942153931,0.7459372878074646,0.5984008312225342,0.8367750644683838,0.6995581984519958,0.7585015892982483,0.7953320145606995,0.8476026654243469,0.7295457124710083,0.7783756852149963,0.8223824501037598,0.8700577020645142,0.7510660290718079,0.7975445985794067,0.813010573387146,0.845284104347229,0.7244065999984741,0.7950659394264221,0.8010532855987549
Upward-Facing_Dog_Pose (75),Upward-Facing_Dog,6,0.1965322196483612,0.20268309116363525,0.2160453349351883,0.1948716640472412,0.21871650218963623,0.19828081130981445,0.2218213677406311,0.20196741819381714,0.21522700786590576,0.1927681565284729,0.21702441573143005,0.19427651166915894,0.21939843893051147,0.19603294134140015,0.23953425884246826,0.23597434163093567,0.2386617660522461,0.2300432324409485,0.19458124041557312,0.23752957582473755,0.19303810596466064,0.2347886562347412,0.24065226316452026,0.3991904556751251,0.25705885887145996,0.3957991600036621,0.24252523481845856,0.6429809927940369,0.2729063034057617,0.6218841075897217,0.24198147654533386,0.8473495244979858,0.26242464780807495,0.8029221892356873,0.22823789715766907,0.8686082363128662,0.2417772114276886,0.8215153813362122,0.21572013199329376,0.8664661645889282,0.23816810548305511,0.8277431130409241,0.22319743037223816,0.8612790703773499,0.249678373336792,0.8236905336380005
Upward-Facing_Dog_Pose (77),Upward-Facing_Dog,6,0.3089691996574402,0.22411289811134338,0.3270998001098633,0.22435137629508972,0.3294152617454529,0.2271977663040161,0.3320755958557129,0.2301771342754364,0.32682713866233826,0.22275850176811218,0.32882797718048096,0.22434699535369873,0.33135277032852173,0.22609162330627441,0.3449016809463501,0.26010018587112427,0.34403717517852783,0.25179508328437805,0.30600863695144653,0.24812659621238708,0.3049541711807251,0.2457636594772339,0.34551820158958435,0.3851560354232788,0.3505174517631531,0.36864742636680603,0.37835076451301575,0.5522251129150391,0.3773886561393738,0.5204998254776001,0.30843308568000793,0.6764910221099854,0.32946568727493286,0.6322386860847473,0.2881600260734558,0.6911126375198364,0.30457186698913574,0.6389755606651306,0.2799006998538971,0.6780795454978943,0.2956095337867737,0.6451637744903564,0.2873302698135376,0.674604594707489,0.30494803190231323,0.6462479829788208
Upward-Facing_Dog_Pose (78),Upward-Facing_Dog,6,0.3609228730201721,0.4784339964389801,0.3693176209926605,0.47810977697372437,0.3702124059200287,0.47952136397361755,0.3713102340698242,0.4809223413467407,0.3697245717048645,0.4781343936920166,0.3708568215370178,0.47957274317741394,0.3722723722457886,0.4810031056404114,0.3765127658843994,0.4978288412094116,0.3779412508010864,0.49735841155052185,0.3572956323623657,0.49102967977523804,0.3577221632003784,0.4905918836593628,0.3665885329246521,0.5473319888114929,0.37949204444885254,0.5572094917297363,0.38192376494407654,0.6313802599906921,0.3954525291919708,0.647003710269928,0.35100075602531433,0.7133618593215942,0.36968180537223816,0.7044379711151123,0.3376072347164154,0.72077876329422,0.357683926820755,0.7075295448303223,0.33366477489471436,0.7173088788986206,0.3531378507614136,0.7070423364639282,0.3376983106136322,0.7159945964813232,0.3577859699726105,0.7079319953918457
Upward-Facing_Dog_Pose (80),Upward-Facing_Dog,6,0.8177089095115662,0.22879064083099365,0.8028464317321777,0.19727736711502075,0.8011364340782166,0.19751566648483276,0.7988759279251099,0.19778501987457275,0.8002732396125793,0.19954824447631836,0.796818733215332,0.2017020583152771,0.792975664138794,0.20389550924301147,0.7756637930870056,0.22389107942581177,0.7695082426071167,0.23192226886749268,0.814875602722168,0.26923543214797974,0.8111086487770081,0.26925045251846313,0.7640135884284973,0.4272494912147522,0.7400044798851013,0.4339352548122406,0.732693612575531,0.7125184535980225,0.7157117128372192,0.723563015460968,0.8023951053619385,0.8947266340255737,0.808433473110199,0.947743833065033,0.833050549030304,0.908645749092102,0.8424720764160156,0.9602747559547424,0.8410983681678772,0.9089828133583069,0.8509209156036377,0.9469691514968872,0.8277668952941895,0.9047514796257019,0.8383873701095581,0.9417691826820374
Upward-Facing_Dog_Pose (82),Upward-Facing_Dog,6,0.18390215933322906,0.10993489623069763,0.19886279106140137,0.09365782141685486,0.20185750722885132,0.09537041187286377,0.20526888966560364,0.09733051061630249,0.1978263556957245,0.0921204686164856,0.19983148574829102,0.09241640567779541,0.20234519243240356,0.09279313683509827,0.22650223970413208,0.11955678462982178,0.22538550198078156,0.11231985688209534,0.1886579841375351,0.14052709937095642,0.18707230687141418,0.1392614245414734,0.24417710304260254,0.2765689790248871,0.2667352259159088,0.25850823521614075,0.23256774246692657,0.4858751893043518,0.2641023099422455,0.45981302857398987,0.19787955284118652,0.6841460466384888,0.226115882396698,0.6303343772888184,0.1768481433391571,0.7176371216773987,0.21157628297805786,0.646902322769165,0.16672192513942719,0.7104600667953491,0.20019328594207764,0.657898485660553,0.17402945458889008,0.7021241188049316,0.21502763032913208,0.6512823700904846
Upward-Facing_Dog_Pose (84),Upward-Facing_Dog,6,0.0843052864074707,0.3989132344722748,0.08197000622749329,0.37644630670547485,0.083177849650383,0.37544941902160645,0.08522717654705048,0.3734338879585266,0.08190259337425232,0.37537866830825806,0.08316221833229065,0.3737649619579315,0.08536197245121002,0.3708654046058655,0.10721799731254578,0.3596900999546051,0.10449858009815216,0.35690581798553467,0.10155892372131348,0.41092681884765625,0.10106126964092255,0.4098574221134186,0.2120475471019745,0.4351544678211212,0.18230639398097992,0.4352204203605652,0.30224353075027466,0.6062955856323242,0.24977941811084747,0.6053540110588074,0.2375481128692627,0.7880401611328125,0.22000205516815186,0.7471476197242737,0.21312971413135529,0.8166361451148987,0.1956998109817505,0.7600933909416199,0.20166131854057312,0.8078402280807495,0.1852550208568573,0.7658103704452515,0.20855127274990082,0.798824667930603,0.19426944851875305,0.762029230594635
Upward-Facing_Dog_Pose (85),Upward-Facing_Dog,6,0.30928200483322144,0.270254909992218,0.34019404649734497,0.24306237697601318,0.3521687388420105,0.24447989463806152,0.36253321170806885,0.24661481380462646,0.31174471974372864,0.24120795726776123,0.3044508993625641,0.2403581738471985,0.2977224290370941,0.2392350435256958,0.3906404674053192,0.26312506198883057,0.3138783574104309,0.24979019165039062,0.3271175026893616,0.3032480776309967,0.29602664709091187,0.29857879877090454,0.4820631444454193,0.4518299698829651,0.2556511163711548,0.418040007352829,0.5515446066856384,0.6646226644515991,0.26953282952308655,0.6212214231491089,0.4630865156650543,0.8141955137252808,0.19929546117782593,0.7650713920593262,0.43523716926574707,0.8430649042129517,0.16214922070503235,0.7824232578277588,0.41266196966171265,0.8283486366271973,0.1662893295288086,0.7860073447227478,0.4167945981025696,0.8182055950164795,0.18420055508613586,0.7853390574455261
Upward-Facing_Dog_Pose (86),Upward-Facing_Dog,6,0.2535504996776581,0.29503175616264343,0.2671613097190857,0.27893075346946716,0.2705943286418915,0.28007379174232483,0.27425840497016907,0.28072619438171387,0.26393911242485046,0.27689552307128906,0.26504087448120117,0.27673763036727905,0.26650476455688477,0.2763180434703827,0.29880088567733765,0.29693669080734253,0.28900331258773804,0.2886762320995331,0.26104843616485596,0.32209351658821106,0.25721776485443115,0.31809961795806885,0.3726065158843994,0.4277265965938568,0.31493431329727173,0.4157278835773468,0.48595425486564636,0.537871241569519,0.3573809862136841,0.5204397439956665,0.4154139459133148,0.6709595322608948,0.3154144883155823,0.6294307112693787,0.3878779113292694,0.6858229637145996,0.28474822640419006,0.6315919756889343,0.37961453199386597,0.6760783791542053,0.28427231311798096,0.6359919905662537,0.38495081663131714,0.6705505847930908,0.2949642241001129,0.6381712555885315
Upward-Facing_Dog_Pose (87),Upward-Facing_Dog,6,0.3277219831943512,0.3696204423904419,0.3403683304786682,0.3492963910102844,0.34313932061195374,0.3501681983470917,0.3462138772010803,0.35095521807670593,0.33809003233909607,0.3478758931159973,0.3392108678817749,0.3477144241333008,0.34051328897476196,0.34726524353027344,0.36936867237091064,0.36847230792045593,0.3639405369758606,0.36320921778678894,0.3343811631202698,0.3952547609806061,0.33090096712112427,0.39405372738838196,0.38094061613082886,0.49403688311576843,0.3849026560783386,0.4873862564563751,0.32900649309158325,0.6607214212417603,0.3632689118385315,0.6356567740440369,0.2846509516239166,0.809830904006958,0.33181869983673096,0.7702161073684692,0.25919651985168457,0.8213835954666138,0.3165467381477356,0.7719321846961975,0.2528248429298401,0.815839946269989,0.31088513135910034,0.7826073169708252,0.2615048885345459,0.813861608505249,0.3169107437133789,0.7841026186943054
Upward-Facing_Dog_Pose (88),Upward-Facing_Dog,6,0.6698299646377563,0.3118076026439667,0.6605218648910522,0.29756706953048706,0.6591246128082275,0.2978651821613312,0.6573724150657654,0.29821714758872986,0.6595438122749329,0.29815909266471863,0.6577792167663574,0.29895058274269104,0.6557587385177612,0.2998178005218506,0.6409167647361755,0.312397837638855,0.6414446830749512,0.3136882781982422,0.6668290495872498,0.3317422866821289,0.6651010513305664,0.33200034499168396,0.6103461384773254,0.42198893427848816,0.6137534379959106,0.43164217472076416,0.6120430827140808,0.5717650651931763,0.6216611862182617,0.5886712670326233,0.6343852281570435,0.684636652469635,0.6756626963615417,0.7247482538223267,0.6445563435554504,0.6953074932098389,0.6920890808105469,0.7559089660644531,0.6472835540771484,0.6969189643859863,0.6977488398551941,0.752949595451355,0.643101155757904,0.6945666074752808,0.6881375908851624,0.7414513230323792
Upward-Facing_Dog_Pose (91),Upward-Facing_Dog,6,0.828432559967041,0.30452895164489746,0.8195332288742065,0.2836015224456787,0.8177322149276733,0.2835842967033386,0.8154395818710327,0.2838752269744873,0.8182916641235352,0.2864564061164856,0.8158814311027527,0.28846779465675354,0.8131178617477417,0.2908119559288025,0.7947803139686584,0.3032916188240051,0.7955546975135803,0.31321489810943604,0.8231526613235474,0.3369217813014984,0.8211010694503784,0.3392907977104187,0.7573965191841125,0.42749762535095215,0.7735089659690857,0.47901806235313416,0.7191998362541199,0.5990049839019775,0.7282266616821289,0.6670974493026733,0.7569684386253357,0.7586565017700195,0.7830472588539124,0.8448750972747803,0.7868045568466187,0.7725181579589844,0.801535964012146,0.8594503402709961,0.7976582050323486,0.7872045040130615,0.8094473481178284,0.8476766347885132,0.7853452563285828,0.7809158563613892,0.8033533096313477,0.8429098129272461
Upward-Facing_Dog_Pose (93),Upward-Facing_Dog,6,0.513331413269043,0.4013923406600952,0.5178518295288086,0.3833853602409363,0.5213381052017212,0.3829382061958313,0.5248202085494995,0.38257861137390137,0.5033876299858093,0.3833198547363281,0.49649831652641296,0.38275760412216187,0.48983052372932434,0.38283753395080566,0.5221202373504639,0.38526079058647156,0.4766464829444885,0.3860413432121277,0.5144167542457581,0.4169098138809204,0.49847036600112915,0.41808992624282837,0.52370685338974,0.46085941791534424,0.4304913580417633,0.47062045335769653,0.5530655384063721,0.5712234377861023,0.4264240264892578,0.6245574355125427,0.5752931833267212,0.6291921734809875,0.5113887786865234,0.6422985792160034,0.5918107032775879,0.638841450214386,0.5363335609436035,0.6456308960914612,0.5867825150489807,0.6385255455970764,0.5446041226387024,0.6333930492401123,0.5764833688735962,0.6350954174995422,0.5342779159545898,0.632038950920105
Upward-Facing_Dog_Pose (94),Upward-Facing_Dog,6,0.7477482557296753,0.5851534605026245,0.7307770252227783,0.582798957824707,0.7287890911102295,0.5838983058929443,0.7261528372764587,0.585100531578064,0.7307534217834473,0.5841001272201538,0.7288672924041748,0.5860511660575867,0.7267524003982544,0.5882691144943237,0.7076878547668457,0.6083429455757141,0.7124649286270142,0.6103965640068054,0.7520800828933716,0.6003766655921936,0.7512455582618713,0.6015823483467102,0.6827630996704102,0.6872032880783081,0.7039775252342224,0.6938310265541077,0.6126396656036377,0.7890605330467224,0.6256574392318726,0.7962297797203064,0.6690080165863037,0.8595337867736816,0.7049448490142822,0.8868229389190674,0.6961798071861267,0.8644483089447021,0.7316787242889404,0.8986691236495972,0.7078625559806824,0.8681660890579224,0.739923357963562,0.88946533203125,0.6987971067428589,0.8673731684684753,0.730941653251648,0.8851863145828247
Upward-Facing_Dog_Pose (96),Upward-Facing_Dog,6,0.06403675675392151,0.3368469476699829,0.07174527645111084,0.3092290163040161,0.07536232471466064,0.3084036707878113,0.07917577028274536,0.3071296811103821,0.0694253146648407,0.3072119951248169,0.07150080800056458,0.30530112981796265,0.07406333088874817,0.3027786314487457,0.11140692234039307,0.3068954646587372,0.10618016123771667,0.29933279752731323,0.08118689060211182,0.3610466420650482,0.07765108346939087,0.3579616844654083,0.20932736992835999,0.4119890332221985,0.2014155089855194,0.3634245991706848,0.3348146677017212,0.5264872312545776,0.2697535753250122,0.47320306301116943,0.2630319893360138,0.6364244818687439,0.21128399670124054,0.5568659901618958,0.23073235154151917,0.6511731147766113,0.17831367254257202,0.5595990419387817,0.21954022347927094,0.6313968300819397,0.17199105024337769,0.564544141292572,0.23057204484939575,0.6260316371917725,0.1860647052526474,0.5657916069030762
Upward-Facing_Dog_Pose (98),Upward-Facing_Dog,6,0.8036265969276428,0.38422444462776184,0.7853478193283081,0.3952917158603668,0.7839822769165039,0.3985317349433899,0.7821577787399292,0.4023371934890747,0.7844623327255249,0.3977137804031372,0.7827283143997192,0.4024020731449127,0.7807062268257141,0.4075946807861328,0.7738224864006042,0.4480401277542114,0.775545060634613,0.4497794508934021,0.8172460794448853,0.4046611785888672,0.8176978826522827,0.40745022892951965,0.8129308819770813,0.5672023296356201,0.82563716173172,0.5813338756561279,0.7350023984909058,0.7589415311813354,0.7368214130401611,0.7798463702201843,0.8341648578643799,0.8702268004417419,0.8651286959648132,0.9108380675315857,0.8677302598953247,0.8788495063781738,0.8995598554611206,0.9190334677696228,0.8824891448020935,0.882960319519043,0.9123948812484741,0.9106953740119934,0.8719992637634277,0.8816564083099365,0.8971920609474182,0.9058427214622498
Upward_Bow_Pose (100),Upward_Bow,5,0.761361837387085,0.6404955387115479,0.7480616569519043,0.6506897211074829,0.7464438080787659,0.6490590572357178,0.7447361350059509,0.647518515586853,0.7460848093032837,0.6522359848022461,0.7430659532546997,0.6516204476356506,0.7400264143943787,0.6510706543922424,0.7235322594642639,0.627122700214386,0.7172105312347412,0.631477415561676,0.7593592405319214,0.620310366153717,0.7576213479042053,0.6213626861572266,0.7230103611946106,0.564520537853241,0.6804898977279663,0.5650571584701538,0.7744871973991394,0.7105112075805664,0.7450166940689087,0.7103408575057983,0.8026291131973267,0.8713601231575012,0.7263680100440979,0.8374002575874329,0.7890404462814331,0.89481520652771,0.7095181345939636,0.8560421466827393,0.7718489170074463,0.8919180631637573,0.7090994715690613,0.8599820137023926,0.7751560211181641,0.8852514028549194,0.7159628868103027,0.8552697896957397
Upward_Bow_Pose (101),Upward_Bow,5,0.7884466648101807,0.5224622488021851,0.7739198207855225,0.5499725341796875,0.7706203460693359,0.5501145124435425,0.767052412033081,0.5500807762145996,0.7740566730499268,0.5505994558334351,0.7714983820915222,0.5509247779846191,0.7677838802337646,0.5527849793434143,0.7408725023269653,0.5388133525848389,0.7445429563522339,0.5397424101829529,0.7794510722160339,0.49857741594314575,0.7798070907592773,0.49954211711883545,0.7098088264465332,0.4456704258918762,0.6901817917823792,0.4436175227165222,0.7747014760971069,0.6205098628997803,0.7479550838470459,0.6088724732398987,0.7760295271873474,0.8436356782913208,0.7328091263771057,0.8034880757331848,0.7635515928268433,0.8604128360748291,0.7292575836181641,0.8220374584197998,0.7559839487075806,0.8614182472229004,0.7217451333999634,0.8205854296684265,0.7562666535377502,0.8519330620765686,0.7239173650741577,0.8160997629165649
Upward_Bow_Pose (102),Upward_Bow,5,0.8210325837135315,0.6365045309066772,0.8112813234329224,0.6489084959030151,0.809512734413147,0.6484610438346863,0.8079007863998413,0.6482232809066772,0.8105266094207764,0.6487934589385986,0.8084328174591064,0.6480076313018799,0.8065272569656372,0.6474171280860901,0.7856730818748474,0.6377817988395691,0.7853198051452637,0.6397067904472351,0.8131186962127686,0.6242059469223022,0.8127615451812744,0.623868465423584,0.7563855051994324,0.6007649302482605,0.736106276512146,0.5941886901855469,0.814760684967041,0.7141048908233643,0.7928653955459595,0.7036846280097961,0.8339554071426392,0.8313019275665283,0.8132550716400146,0.8029534816741943,0.8234808444976807,0.8500296473503113,0.8002868890762329,0.8214207887649536,0.8148679733276367,0.850628137588501,0.8018496632575989,0.8226366639137268,0.8183096051216125,0.8428794741630554,0.8059835433959961,0.8167047500610352
Upward_Bow_Pose (105),Upward_Bow,5,0.18259060382843018,0.47310250997543335,0.19905155897140503,0.48674696683883667,0.2023746371269226,0.48373883962631226,0.20563477277755737,0.4813220500946045,0.19733718037605286,0.485967218875885,0.19905582070350647,0.4832122325897217,0.20096424221992493,0.48111337423324585,0.22428536415100098,0.4485199451446533,0.21755555272102356,0.4442514181137085,0.18295881152153015,0.43843889236450195,0.18043527007102966,0.4376479983329773,0.24649614095687866,0.3370298147201538,0.21417909860610962,0.3422556221485138,0.17590051889419556,0.5464656949043274,0.13335615396499634,0.5585086941719055,0.13778534531593323,0.7354578971862793,0.1070050299167633,0.7877934575080872,0.163945734500885,0.7746483683586121,0.11703255772590637,0.8238227963447571,0.16922682523727417,0.7787474393844604,0.13456904888153076,0.8203888535499573,0.1599287986755371,0.766369640827179,0.12849131226539612,0.8048142194747925
Upward_Bow_Pose (106),Upward_Bow,5,0.11800017952919006,0.5217299461364746,0.12178921699523926,0.5422348976135254,0.12384119629859924,0.5420627593994141,0.1261444091796875,0.5420976877212524,0.12232357263565063,0.5441379547119141,0.12457767128944397,0.5454158782958984,0.12710154056549072,0.5470456480979919,0.15081468224525452,0.5417160391807556,0.15095987915992737,0.5487309694290161,0.1309012770652771,0.5070814490318298,0.13164415955543518,0.5106776356697083,0.20728781819343567,0.4827401041984558,0.19044022262096405,0.50473552942276,0.1488271951675415,0.6179763078689575,0.11467808485031128,0.674214243888855,0.17345866560935974,0.7001777291297913,0.10291147232055664,0.7995127439498901,0.15514439344406128,0.7319471836090088,0.11348006129264832,0.8267112970352173,0.15916073322296143,0.729631781578064,0.13070520758628845,0.8131769895553589,0.1545223593711853,0.7245794534683228,0.12601634860038757,0.807364821434021
Upward_Bow_Pose (11),Upward_Bow,5,0.31957894563674927,0.4759470820426941,0.3261702358722687,0.48496437072753906,0.32806655764579773,0.48445191979408264,0.3305763006210327,0.48485267162323,0.32681575417518616,0.48543912172317505,0.32926565408706665,0.4857935905456543,0.3315027058124542,0.48577913641929626,0.35063672065734863,0.47768276929855347,0.3505345284938812,0.47800901532173157,0.3287893533706665,0.4629266858100891,0.32891660928726196,0.4648951590061188,0.3830632269382477,0.4408746659755707,0.37687045335769653,0.44416990876197815,0.3461748957633972,0.5315094590187073,0.324830561876297,0.5524224638938904,0.3171045482158661,0.6141650676727295,0.28835418820381165,0.6516669988632202,0.3271113336086273,0.630457878112793,0.29277607798576355,0.6660044193267822,0.32691094279289246,0.6316511631011963,0.3023800849914551,0.6675557494163513,0.324108749628067,0.6284990310668945,0.29981040954589844,0.6603096723556519
Upward_Bow_Pose (110),Upward_Bow,5,0.6637276411056519,0.7191905975341797,0.6477457284927368,0.7186539173126221,0.6462828516960144,0.7172412872314453,0.644692599773407,0.7158869504928589,0.6484792232513428,0.7191394567489624,0.6474628448486328,0.7180646061897278,0.6463104486465454,0.7170573472976685,0.6370775103569031,0.697748064994812,0.6374361515045166,0.700392484664917,0.6652309894561768,0.7068044543266296,0.66529381275177,0.7071982026100159,0.6447452306747437,0.64695143699646,0.6356747150421143,0.6421808004379272,0.6892849802970886,0.7549737691879272,0.6736664772033691,0.7378221750259399,0.6908205151557922,0.8660249710083008,0.6747350096702576,0.8330464363098145,0.6696087718009949,0.8801286220550537,0.6531078219413757,0.8446977734565735,0.6619976758956909,0.8766891956329346,0.6494802236557007,0.847623348236084,0.6682587265968323,0.8714425563812256,0.6549965739250183,0.8454157114028931
Upward_Bow_Pose (113),Upward_Bow,5,0.36936262249946594,0.7479600310325623,0.3781200349330902,0.7571638822555542,0.3794800937175751,0.7561331391334534,0.3810175061225891,0.7551937699317932,0.3773488402366638,0.7568954229354858,0.3779832720756531,0.7556756734848022,0.37878870964050293,0.7546290755271912,0.39140552282333374,0.7362975478172302,0.3885982632637024,0.7353771924972534,0.36987555027008057,0.7263320684432983,0.36885446310043335,0.7268716096878052,0.3987162113189697,0.6519306898117065,0.3875596523284912,0.6605103611946106,0.37627559900283813,0.7758792638778687,0.35999950766563416,0.7899482250213623,0.3653944730758667,0.9034684896469116,0.3567224144935608,0.9259594678878784,0.3804861307144165,0.9277384281158447,0.36972224712371826,0.9455198049545288,0.38242268562316895,0.9309197664260864,0.3746316134929657,0.9456703662872314,0.37888103723526,0.9234127998352051,0.3711349368095398,0.938939094543457
Upward_Bow_Pose (114),Upward_Bow,5,0.35514211654663086,0.6321892738342285,0.36174827814102173,0.6446160674095154,0.3631356656551361,0.6437493562698364,0.3647443652153015,0.642625093460083,0.360435426235199,0.6477979421615601,0.3614872097969055,0.6487340927124023,0.36419039964675903,0.6465575695037842,0.37827640771865845,0.629361629486084,0.3752739429473877,0.632919192314148,0.3602653741836548,0.5941782593727112,0.35939979553222656,0.5942796468734741,0.39775145053863525,0.5118777751922607,0.3734242618083954,0.5352990627288818,0.39978983998298645,0.6909027099609375,0.32587891817092896,0.7341424226760864,0.3913794159889221,0.8307876586914062,0.30087020993232727,0.9141746759414673,0.39833199977874756,0.86503005027771,0.29125478863716125,0.951421856880188,0.39310401678085327,0.8640433549880981,0.30754297971725464,0.9559764862060547,0.389523983001709,0.8582311868667603,0.30831342935562134,0.9378043413162231
Upward_Bow_Pose (115),Upward_Bow,5,0.8021421432495117,0.7320045232772827,0.7771220207214355,0.7394312024116516,0.7737139463424683,0.7389072775840759,0.7704941034317017,0.738343358039856,0.7776979207992554,0.7396517395973206,0.7749278545379639,0.7393596172332764,0.772159218788147,0.7390857934951782,0.747748613357544,0.7277422547340393,0.7478327751159668,0.7291398048400879,0.7944828271865845,0.7202681303024292,0.7951104640960693,0.721896767616272,0.7518270611763,0.675793468952179,0.712499737739563,0.6789405345916748,0.851194441318512,0.7584534287452698,0.7701174020767212,0.7409569025039673,0.8668863773345947,0.8554227352142334,0.8140597343444824,0.8374752998352051,0.8585371375083923,0.8673875331878662,0.8147820234298706,0.8520684242248535,0.8467906713485718,0.8683335781097412,0.8147655725479126,0.85260009765625,0.8439182043075562,0.8622864484786987,0.8135197162628174,0.848997175693512
Upward_Bow_Pose (116),Upward_Bow,5,0.6396304368972778,0.6986768245697021,0.6157625317573547,0.7046495079994202,0.6099003553390503,0.7034539580345154,0.6008200645446777,0.7032103538513184,0.6255868077278137,0.7058411836624146,0.6273231506347656,0.705579400062561,0.6287094354629517,0.7053366899490356,0.5821398496627808,0.6898985505104065,0.6220006942749023,0.690085768699646,0.6329600214958191,0.6852191686630249,0.6477773189544678,0.6878101229667664,0.5395939350128174,0.6335063576698303,0.679572343826294,0.6244659423828125,0.5438371896743774,0.7553429007530212,0.7312666177749634,0.7268949151039124,0.539365291595459,0.8574440479278564,0.7614923715591431,0.823855996131897,0.525787353515625,0.8720691204071045,0.7333147525787354,0.8362960815429688,0.521354079246521,0.8694102764129639,0.7238274812698364,0.8370289206504822,0.5253892540931702,0.8654546737670898,0.7266911268234253,0.832771897315979
Upward_Bow_Pose (120),Upward_Bow,5,0.6177854537963867,0.8042482137680054,0.6124392151832581,0.8087051510810852,0.6116122603416443,0.8077058792114258,0.6100496053695679,0.8072879314422607,0.6116344928741455,0.8098376989364624,0.6105584502220154,0.8094277381896973,0.6093710660934448,0.8089381456375122,0.6023926734924316,0.7952569723129272,0.6018495559692383,0.7965707778930664,0.6171717047691345,0.7915998697280884,0.616538405418396,0.792778491973877,0.5983185768127441,0.7596701979637146,0.5914990901947021,0.7521480321884155,0.628698468208313,0.8303290605545044,0.6164091229438782,0.8263471126556396,0.6337567567825317,0.9174466133117676,0.6188523769378662,0.8963199257850647,0.6272884607315063,0.9295607209205627,0.6108145117759705,0.9060513973236084,0.6222848892211914,0.9259788990020752,0.6099977493286133,0.9067442417144775,0.6236832141876221,0.9223715662956238,0.612316906452179,0.9043882489204407
Upward_Bow_Pose (121),Upward_Bow,5,0.695127546787262,0.5982987284660339,0.6876609325408936,0.6274072527885437,0.685674786567688,0.6293119788169861,0.6836774349212646,0.6310557126998901,0.6899960041046143,0.6244006156921387,0.6897473335266113,0.6237649321556091,0.698316216468811,0.6121373772621155,0.6669175624847412,0.6305505037307739,0.6756271123886108,0.6210030317306519,0.6702628135681152,0.595207691192627,0.678478479385376,0.5900332927703857,0.6068432927131653,0.6080529689788818,0.6172196865081787,0.5677979588508606,0.6457019448280334,0.7138384580612183,0.6698504686355591,0.6112738847732544,0.6155468225479126,0.7840331792831421,0.6526229977607727,0.6595097780227661,0.5935247540473938,0.7972766160964966,0.641850471496582,0.6639800071716309,0.5889455676078796,0.7911498546600342,0.6348614692687988,0.6742128133773804,0.5952639579772949,0.7864375114440918,0.638786792755127,0.6732889413833618
Upward_Bow_Pose (127),Upward_Bow,5,0.7767677903175354,0.42982226610183716,0.7728869915008545,0.4527550935745239,0.7707532048225403,0.4533284306526184,0.7686094045639038,0.4538288712501526,0.771999716758728,0.4540284276008606,0.7696058750152588,0.4549056589603424,0.7672104835510254,0.45593059062957764,0.7394752502441406,0.4589977562427521,0.7402198910713196,0.4611881673336029,0.7642730474472046,0.4154775142669678,0.7636403441429138,0.4147922992706299,0.6825140714645386,0.41791433095932007,0.6688352227210999,0.4126979112625122,0.7602603435516357,0.5566843748092651,0.7300459146499634,0.5381041169166565,0.7649416923522949,0.7278945446014404,0.7330095767974854,0.681175708770752,0.7494336366653442,0.7505767345428467,0.7110744714736938,0.7001731395721436,0.7373659610748291,0.7476540207862854,0.7136244773864746,0.701882004737854,0.743506908416748,0.7398191690444946,0.7203509211540222,0.6963111758232117
Upward_Bow_Pose (128),Upward_Bow,5,0.31015443801879883,0.6153669357299805,0.3242539167404175,0.6294088363647461,0.3265575170516968,0.6286603808403015,0.3289305567741394,0.6275136470794678,0.32490086555480957,0.6285058856010437,0.327414870262146,0.6278069019317627,0.3300209939479828,0.6267889738082886,0.35204145312309265,0.6113569736480713,0.3502747416496277,0.610762357711792,0.3149283826351166,0.5969415903091431,0.31484389305114746,0.5965102314949036,0.3777601718902588,0.5513626933097839,0.3589200973510742,0.5474611520767212,0.38458824157714844,0.7040573358535767,0.35914328694343567,0.7139371633529663,0.3958747386932373,0.839678168296814,0.36610138416290283,0.8686314225196838,0.415387362241745,0.8594315052032471,0.38415998220443726,0.8882476687431335,0.4180457592010498,0.8596766591072083,0.39738988876342773,0.8820518255233765,0.4110478460788727,0.8531350493431091,0.3916471004486084,0.8737440705299377
Upward_Bow_Pose (129),Upward_Bow,5,0.3769700229167938,0.6071186065673828,0.38329455256462097,0.6290416121482849,0.38495925068855286,0.6297501921653748,0.3868194818496704,0.6303598284721375,0.38312751054763794,0.6279787421226501,0.38454490900039673,0.6282654404640198,0.386194109916687,0.6288253664970398,0.40126872062683105,0.6218656897544861,0.39882031083106995,0.6246718168258667,0.38405635952949524,0.5926164984703064,0.38300585746765137,0.5918614864349365,0.44009703397750854,0.5538728833198547,0.4180988073348999,0.5570278763771057,0.4338446259498596,0.6763502955436707,0.36502164602279663,0.6829702258110046,0.4240373373031616,0.7652325630187988,0.3343602418899536,0.8288576602935791,0.4321652054786682,0.7806640863418579,0.3409419357776642,0.8435862064361572,0.4206019341945648,0.7968915104866028,0.34512776136398315,0.8431625366210938,0.4195886254310608,0.7935787439346313,0.3475468158721924,0.8365352153778076
Upward_Bow_Pose (13),Upward_Bow,5,0.6307603716850281,0.3161562979221344,0.6196519136428833,0.3183518052101135,0.6184980869293213,0.3168923854827881,0.6172219514846802,0.3152872622013092,0.620006799697876,0.3186294138431549,0.619139552116394,0.3176272213459015,0.618122935295105,0.31657281517982483,0.6116011142730713,0.2902511656284332,0.6115650534629822,0.295624703168869,0.6351271867752075,0.29645201563835144,0.634971022605896,0.29688093066215515,0.6197236180305481,0.21786202490329742,0.6079022884368896,0.2173769772052765,0.6757850646972656,0.33398112654685974,0.6559939980506897,0.3272702097892761,0.6890947818756104,0.4757840633392334,0.6759745478630066,0.4550432860851288,0.6751378774642944,0.4950801432132721,0.6552616357803345,0.4759581983089447,0.6688543558120728,0.50026935338974,0.6540950536727905,0.48226118087768555,0.6721557378768921,0.4943068325519562,0.6604267358779907,0.47529837489128113
Upward_Bow_Pose (130),Upward_Bow,5,0.20612108707427979,0.7058523297309875,0.22550082206726074,0.7148442268371582,0.23029670119285583,0.7138170003890991,0.23534443974494934,0.7127531170845032,0.2210056483745575,0.7150299549102783,0.2218143343925476,0.714349627494812,0.2230788767337799,0.7135422229766846,0.260598748922348,0.6981633305549622,0.24521282315254211,0.6986029148101807,0.21305620670318604,0.6886160969734192,0.2083824872970581,0.6884021759033203,0.3082631826400757,0.6501490473747253,0.23841041326522827,0.6494405269622803,0.24644917249679565,0.7376782894134521,0.15566202998161316,0.7417164444923401,0.18672683835029602,0.8220120072364807,0.12816768884658813,0.839272141456604,0.20794519782066345,0.8369158506393433,0.13359704613685608,0.85870760679245,0.19702228903770447,0.8392748832702637,0.14738810062408447,0.8578763008117676,0.18959054350852966,0.8346238136291504,0.14690527319908142,0.850296139717102
Upward_Bow_Pose (132),Upward_Bow,5,0.3242655098438263,0.47347503900527954,0.32507625222206116,0.49326130747795105,0.32797369360923767,0.49453282356262207,0.33110344409942627,0.4984351396560669,0.32118624448776245,0.49538344144821167,0.3217056691646576,0.5006492733955383,0.3218024671077728,0.5035358667373657,0.35188108682632446,0.5049058794975281,0.3392964005470276,0.5109712481498718,0.34094467759132385,0.4659264087677002,0.337298721075058,0.46729332208633423,0.42690709233283997,0.48557543754577637,0.3661113381385803,0.49468231201171875,0.391521155834198,0.5917600989341736,0.265400230884552,0.6150363683700562,0.3628714084625244,0.7085679769515991,0.21657612919807434,0.7747958898544312,0.3550816476345062,0.7533698081970215,0.22454828023910522,0.820324182510376,0.3537375032901764,0.7561599016189575,0.23583745956420898,0.813971996307373,0.34771043062210083,0.7425239086151123,0.2381133735179901,0.8030250072479248
Upward_Bow_Pose (134),Upward_Bow,5,0.7160170078277588,0.6558547019958496,0.717510461807251,0.6671427488327026,0.7195938229560852,0.6675826907157898,0.7213937640190125,0.6679372191429138,0.7035249471664429,0.6633874177932739,0.6966933012008667,0.6618001461029053,0.6900323629379272,0.6600658893585205,0.710220992565155,0.661204993724823,0.6723939776420593,0.6527896523475647,0.7154480218887329,0.6461412906646729,0.7027713060379028,0.6433454155921936,0.7102050185203552,0.6297685503959656,0.6255888342857361,0.6143808960914612,0.7594407796859741,0.7080997228622437,0.6321767568588257,0.6804101467132568,0.7472084164619446,0.7838490009307861,0.6228705048561096,0.7460699677467346,0.7320770025253296,0.8034859895706177,0.6132944226264954,0.7598869204521179,0.7203538417816162,0.8020627498626709,0.6149550080299377,0.7605254054069519,0.7218688726425171,0.7944806218147278,0.6241723299026489,0.7557416558265686
Upward_Bow_Pose (135),Upward_Bow,5,0.24184173345565796,0.47144994139671326,0.25561779737472534,0.48514533042907715,0.2580007314682007,0.4863395392894745,0.2605196535587311,0.4876159429550171,0.24616391956806183,0.4771231412887573,0.24243947863578796,0.4723779559135437,0.23866808414459229,0.4672567844390869,0.2576603293418884,0.46301138401031494,0.22580862045288086,0.43709757924079895,0.23082149028778076,0.45231157541275024,0.22301319241523743,0.4433949589729309,0.23508626222610474,0.41504374146461487,0.12633588910102844,0.33000218868255615,0.20777568221092224,0.6101080775260925,0.07576927542686462,0.5134642124176025,0.19044345617294312,0.7620380520820618,0.10626563429832458,0.7165381908416748,0.19122374057769775,0.7915472984313965,0.11662137508392334,0.7387482523918152,0.16456341743469238,0.7395113706588745,0.13467293977737427,0.7443656921386719,0.16808637976646423,0.7372361421585083,0.13201138377189636,0.728173017501831
Upward_Bow_Pose (137),Upward_Bow,5,0.4109523594379425,0.6590330600738525,0.39323562383651733,0.659264862537384,0.39247655868530273,0.6570611000061035,0.3919740915298462,0.6548807621002197,0.39289718866348267,0.6594706773757935,0.39228227734565735,0.6580827832221985,0.39171165227890015,0.6566391587257385,0.3882748782634735,0.6332184672355652,0.3864225745201111,0.6350891590118408,0.4235116243362427,0.6425755023956299,0.4099685549736023,0.6493884921073914,0.3994722366333008,0.588491678237915,0.3908112645149231,0.5780357122421265,0.4593234062194824,0.6943923830986023,0.45031917095184326,0.6678786277770996,0.44303494691848755,0.8003758192062378,0.4419567584991455,0.7666236162185669,0.4169349670410156,0.8185572028160095,0.4062421917915344,0.7925395369529724,0.4067530930042267,0.8142954111099243,0.39970242977142334,0.7908484935760498,0.4127902388572693,0.8068431615829468,0.40896373987197876,0.7827800512313843
Upward_Bow_Pose (14),Upward_Bow,5,0.05138787627220154,0.721671462059021,0.0654342770576477,0.7282474040985107,0.06708280742168427,0.7277050018310547,0.06871366500854492,0.7273778915405273,0.06394419074058533,0.7285830974578857,0.06698887050151825,0.7266961932182312,0.06859712302684784,0.7259261608123779,0.0830482542514801,0.7108528017997742,0.08321766555309296,0.7089927196502686,0.05302995443344116,0.7056535482406616,0.05216607451438904,0.7052431106567383,0.11804617941379547,0.648318350315094,0.0956600159406662,0.6531422138214111,0.06499733030796051,0.7295752763748169,0.04989778995513916,0.7550517320632935,0.0531153678894043,0.810991108417511,0.03920826315879822,0.8468645811080933,0.061031192541122437,0.8306678533554077,0.044657111167907715,0.8721988201141357,0.05963900685310364,0.8303176164627075,0.04704004526138306,0.871497392654419,0.055104464292526245,0.8290899991989136,0.046898484230041504,0.8608587384223938
Upward_Bow_Pose (142),Upward_Bow,5,0.40845414996147156,0.7052782773971558,0.4247211813926697,0.7028550505638123,0.42614486813545227,0.7006947994232178,0.42771971225738525,0.6984254121780396,0.4241187572479248,0.7019174695014954,0.4249909818172455,0.6992830634117126,0.42607831954956055,0.6966040730476379,0.4338655471801758,0.6695725321769714,0.43115782737731934,0.6687539219856262,0.4030221402645111,0.6826497316360474,0.40196073055267334,0.6828553080558777,0.42668914794921875,0.5921322703361511,0.41575759649276733,0.6007357835769653,0.38183242082595825,0.734021782875061,0.37034618854522705,0.747821569442749,0.3615216612815857,0.8852025270462036,0.34671828150749207,0.9144912362098694,0.3819810152053833,0.9085530042648315,0.3551791310310364,0.9330765008926392,0.3839474022388458,0.9096108078956604,0.3631998300552368,0.9323107004165649,0.3770342767238617,0.905055046081543,0.3608863353729248,0.9264624118804932
Upward_Bow_Pose (143),Upward_Bow,5,0.588549017906189,0.644530177116394,0.5789876580238342,0.6502593755722046,0.5777701735496521,0.649234414100647,0.5764104127883911,0.648269772529602,0.5786987543106079,0.6500190496444702,0.5773182511329651,0.6487284898757935,0.5759949088096619,0.6476556658744812,0.5669755935668945,0.6316782236099243,0.56658935546875,0.6308118104934692,0.5880845785140991,0.6310867667198181,0.5878082513809204,0.6305066347122192,0.562775194644928,0.5724626183509827,0.5562014579772949,0.5679789781570435,0.6003895401954651,0.699663519859314,0.5934963226318359,0.677348792552948,0.6030218601226807,0.8389289379119873,0.5975830554962158,0.7920873761177063,0.5872649550437927,0.8536357879638672,0.5839331150054932,0.8115440607070923,0.5817235708236694,0.8496617078781128,0.5795600414276123,0.8097927570343018,0.5873684287071228,0.8453370332717896,0.5839189887046814,0.8052166700363159
Upward_Bow_Pose (144),Upward_Bow,5,0.5190826058387756,0.5518298149108887,0.5136207342147827,0.5597974061965942,0.5130537748336792,0.5588012933731079,0.5126651525497437,0.5576527714729309,0.5126287341117859,0.5604758262634277,0.5108773708343506,0.5602288842201233,0.5095357894897461,0.5595657229423523,0.5026666522026062,0.5478910803794861,0.49944373965263367,0.5488308072090149,0.5164787769317627,0.5402628183364868,0.5153058767318726,0.5410739183425903,0.49797138571739197,0.5111929774284363,0.4833292067050934,0.5045346617698669,0.5321952104568481,0.5874428749084473,0.5215052366256714,0.5822123289108276,0.5290566682815552,0.6667968034744263,0.5204854607582092,0.657496988773346,0.5214135050773621,0.6810261011123657,0.5096419453620911,0.6686330437660217,0.5151516199111938,0.6763094067573547,0.5074517130851746,0.6707315444946289,0.518377959728241,0.6716036796569824,0.5108358860015869,0.6660634279251099
Upward_Bow_Pose (145),Upward_Bow,5,0.2491532266139984,0.4546264111995697,0.25057822465896606,0.47168809175491333,0.2527996897697449,0.47313815355300903,0.2551668584346771,0.47453391551971436,0.2478947639465332,0.46881401538848877,0.24819260835647583,0.46843421459198,0.24859273433685303,0.4682680368423462,0.2703057527542114,0.4730715751647949,0.2613389492034912,0.4662858843803406,0.25950369238853455,0.4400942921638489,0.25633811950683594,0.4377421438694,0.3232244849205017,0.42140138149261475,0.2864057719707489,0.4133889973163605,0.24939018487930298,0.5204979777336121,0.19058379530906677,0.5267382860183716,0.1842423677444458,0.6431508660316467,0.1436387300491333,0.6759943962097168,0.1881968379020691,0.6736024618148804,0.1318792998790741,0.7149631977081299,0.19114157557487488,0.675967812538147,0.1416163146495819,0.7189236879348755,0.18587014079093933,0.6711012125015259,0.14694082736968994,0.7093439102172852
Upward_Bow_Pose (146),Upward_Bow,5,0.7194914221763611,0.47996947169303894,0.7050212621688843,0.4853590130805969,0.7030872702598572,0.48470085859298706,0.7011658549308777,0.48411625623703003,0.7046318650245667,0.486141562461853,0.7028603553771973,0.4860813617706299,0.70108962059021,0.4860750138759613,0.6843544244766235,0.471491277217865,0.6871094703674316,0.47210583090782166,0.7146818041801453,0.4678201377391815,0.7157275676727295,0.4688524305820465,0.6643669605255127,0.44414418935775757,0.6660351157188416,0.4371831715106964,0.7029092311859131,0.5547307133674622,0.6983847618103027,0.529791533946991,0.6950161457061768,0.646154522895813,0.6871380805969238,0.6038448214530945,0.6872450113296509,0.6794719696044922,0.6762241721153259,0.6282139420509338,0.6808153390884399,0.6794145107269287,0.6763617396354675,0.6282650232315063,0.6821647882461548,0.6683263778686523,0.6786051988601685,0.6181478500366211
Upward_Bow_Pose (147),Upward_Bow,5,0.23258209228515625,0.4627809524536133,0.23855453729629517,0.4803500771522522,0.2401970624923706,0.48097091913223267,0.2418210804462433,0.4816145896911621,0.23869594931602478,0.4801902174949646,0.2404485046863556,0.480887770652771,0.2421402931213379,0.48165053129196167,0.26617151498794556,0.4799293577671051,0.2657347321510315,0.481350839138031,0.2395407259464264,0.45293062925338745,0.23974773287773132,0.4534883499145508,0.3203192353248596,0.4204520285129547,0.30008822679519653,0.42438775300979614,0.30359938740730286,0.5831329822540283,0.2720065116882324,0.6038293242454529,0.3459707796573639,0.7365383505821228,0.3171742260456085,0.7734347581863403,0.37209057807922363,0.7430945038795471,0.34599000215530396,0.789689302444458,0.3733466863632202,0.7489942908287048,0.35204875469207764,0.7850822806358337,0.36434096097946167,0.7414339780807495,0.3416047692298889,0.7746407985687256
Upward_Bow_Pose (148),Upward_Bow,5,0.6033593416213989,0.4734645187854767,0.5987777709960938,0.48121002316474915,0.5980119705200195,0.4801047444343567,0.5969652533531189,0.47892993688583374,0.5973835587501526,0.4821365773677826,0.5958275198936462,0.48171138763427734,0.5940690040588379,0.4811909794807434,0.5864999294281006,0.46964043378829956,0.5825533866882324,0.4722796082496643,0.5996173024177551,0.46318668127059937,0.5988137722015381,0.46387481689453125,0.5831612348556519,0.44428038597106934,0.5669289231300354,0.4466835558414459,0.6029955148696899,0.5236099362373352,0.5805149674415588,0.5221908092498779,0.5935767889022827,0.6164799928665161,0.576117992401123,0.6018185615539551,0.58164381980896,0.6284301280975342,0.5642804503440857,0.6143678426742554,0.577534556388855,0.6281647682189941,0.5642005205154419,0.615731954574585,0.580525279045105,0.6239476799964905,0.5684723854064941,0.6125279664993286
Upward_Bow_Pose (149),Upward_Bow,5,0.12037831544876099,0.6133780479431152,0.13724279403686523,0.6299881935119629,0.13923263549804688,0.630038857460022,0.13999894261360168,0.6285938024520874,0.14159399271011353,0.6283894181251526,0.14689761400222778,0.6271630525588989,0.1521601676940918,0.6264165639877319,0.1687358319759369,0.6160045266151428,0.1898423731327057,0.6182281970977783,0.12891888618469238,0.5954912900924683,0.13233977556228638,0.596808671951294,0.20101991295814514,0.5439705848693848,0.2579077184200287,0.5564962029457092,0.11539781093597412,0.6368812322616577,0.16991665959358215,0.7117264270782471,0.1228455901145935,0.7435187101364136,0.20186462998390198,0.8811737298965454,0.16350606083869934,0.7887293100357056,0.24796253442764282,0.8982267379760742,0.16429924964904785,0.7909331321716309,0.2599239945411682,0.8924113512039185,0.16248932480812073,0.7899153232574463,0.24272766709327698,0.8830543756484985
Upward_Bow_Pose (15),Upward_Bow,5,0.7709818482398987,0.5633923411369324,0.7503314018249512,0.5808470249176025,0.7469582557678223,0.5802993774414062,0.7435784339904785,0.5799177885055542,0.7514573335647583,0.5774097442626953,0.7490438222885132,0.5740850567817688,0.7466022372245789,0.5712311267852783,0.714407205581665,0.5374448895454407,0.7201622724533081,0.5379176139831543,0.7673529386520386,0.5316670536994934,0.7696211338043213,0.5244063138961792,0.6727262139320374,0.4150749444961548,0.7086576819419861,0.3699985146522522,0.7864161729812622,0.660686731338501,0.8265848159790039,0.5735306739807129,0.7838189005851746,0.8903199434280396,0.7756040692329407,0.796159565448761,0.754295825958252,0.9255702495574951,0.7397502660751343,0.8493552207946777,0.7375380992889404,0.9201095104217529,0.73298180103302,0.8567259311676025,0.7461103796958923,0.9091429710388184,0.7494260668754578,0.8463668823242188
Upward_Bow_Pose (150),Upward_Bow,5,0.3110939860343933,0.599202036857605,0.3266022205352783,0.60499107837677,0.3264082670211792,0.6035217642784119,0.32613804936408997,0.6022988557815552,0.3324248790740967,0.6028561592102051,0.33623456954956055,0.60134357213974,0.3395038843154907,0.5997341871261597,0.3329208791255951,0.5774167776107788,0.35051780939102173,0.5758700370788574,0.30343568325042725,0.57590651512146,0.3099396228790283,0.5747167468070984,0.2887144088745117,0.4902682900428772,0.3525368869304657,0.502060055732727,0.23209241032600403,0.6196740865707397,0.3136143684387207,0.6720973253250122,0.21085023880004883,0.7850741147994995,0.2868616580963135,0.8224737048149109,0.21425911784172058,0.7990151047706604,0.2855696380138397,0.8381134867668152,0.2287474274635315,0.8058450222015381,0.2850669026374817,0.8353540301322937,0.23000410199165344,0.8032786846160889,0.28484398126602173,0.8316100835800171
Upward_Bow_Pose (151),Upward_Bow,5,0.358412504196167,0.7579118013381958,0.36673641204833984,0.7748092412948608,0.3684343993663788,0.7748234868049622,0.3698270916938782,0.7750421166419983,0.36628997325897217,0.7729725241661072,0.36773282289505005,0.7717405557632446,0.3688897490501404,0.7708877325057983,0.3842153549194336,0.7603968977928162,0.38280630111694336,0.7575188875198364,0.36167263984680176,0.7371234893798828,0.3618428111076355,0.7366875410079956,0.41281288862228394,0.6922804713249207,0.40731775760650635,0.6854472160339355,0.3581477403640747,0.8129544258117676,0.3552703261375427,0.806416392326355,0.34169816970825195,0.9313600063323975,0.3409436047077179,0.9464337825775146,0.35679328441619873,0.9446043968200684,0.3536555767059326,0.9651658535003662,0.3634178638458252,0.9505494832992554,0.36265915632247925,0.9641146063804626,0.3577112555503845,0.9422168135643005,0.3590235114097595,0.9576234817504883
Upward_Bow_Pose (152),Upward_Bow,5,0.6111631393432617,0.4582972228527069,0.6044192314147949,0.46832525730133057,0.6028271913528442,0.4671449065208435,0.6019963026046753,0.4669942855834961,0.603540301322937,0.4688262641429901,0.6013182401657104,0.4677550792694092,0.6000608205795288,0.46769678592681885,0.5952136516571045,0.4523487687110901,0.5918577909469604,0.45770591497421265,0.6105508208274841,0.44887667894363403,0.6095311641693115,0.44908788800239563,0.5959515571594238,0.40143683552742004,0.5757914781570435,0.40285903215408325,0.6288343667984009,0.49719923734664917,0.5932705402374268,0.4923159182071686,0.6337827444076538,0.6077640056610107,0.6005328297615051,0.5823713541030884,0.6229400038719177,0.6272777318954468,0.6007551550865173,0.6077700257301331,0.6202460527420044,0.6267037391662598,0.5972763895988464,0.6038870215415955,0.6215137243270874,0.6223165988922119,0.6016634106636047,0.59666907787323
Upward_Bow_Pose (154),Upward_Bow,5,0.5312732458114624,0.670868456363678,0.5426027774810791,0.6802966594696045,0.543977677822113,0.6792300939559937,0.5496308207511902,0.6781186461448669,0.5422910451889038,0.6806448698043823,0.543329119682312,0.6798169016838074,0.5444269776344299,0.6791901588439941,0.5557093620300293,0.6653213500976562,0.5549874305725098,0.6642259359359741,0.5324103832244873,0.6539759635925293,0.5327064990997314,0.6552302837371826,0.5629832148551941,0.6053525805473328,0.5641610622406006,0.6159950494766235,0.5312731862068176,0.6978886127471924,0.5290058255195618,0.7143707275390625,0.5376336574554443,0.7781913876533508,0.5333103537559509,0.7987844944000244,0.5537415742874146,0.793563187122345,0.5494101643562317,0.8146384358406067,0.5542201995849609,0.7960495948791504,0.5520420074462891,0.8117583990097046,0.5486804246902466,0.7889399528503418,0.5465846061706543,0.8045727014541626
Upward_Bow_Pose (156),Upward_Bow,5,0.8071355819702148,0.7350955009460449,0.7890886068344116,0.7481899857521057,0.785714864730835,0.7465617656707764,0.7817714810371399,0.7449931502342224,0.7897062301635742,0.7478405237197876,0.7872693538665771,0.7460869550704956,0.7842164039611816,0.744645357131958,0.7627131938934326,0.7101048827171326,0.7662808895111084,0.7112302780151367,0.8101022243499756,0.7054264545440674,0.8113139271736145,0.7029385566711426,0.7478209137916565,0.5755065679550171,0.741236686706543,0.5533990859985352,0.7582869529724121,0.8542669415473938,0.6972574591636658,0.744736909866333,0.6056497097015381,0.8520470857620239,0.6195060610771179,0.8145279884338379,0.5543750524520874,0.8675491809844971,0.5756937265396118,0.82698655128479,0.5527704358100891,0.8476710319519043,0.5691105127334595,0.8262237310409546,0.5697232484817505,0.8366409540176392,0.5816077589988708,0.8239964246749878
Upward_Bow_Pose (163),Upward_Bow,5,0.14275485277175903,0.5101526975631714,0.15062576532363892,0.5159782767295837,0.1546000838279724,0.5182880163192749,0.15645459294319153,0.5187153816223145,0.14732354879379272,0.5153884887695312,0.14739704132080078,0.515155553817749,0.14754068851470947,0.5151987075805664,0.16963067650794983,0.5085360407829285,0.16268950700759888,0.5066231489181519,0.150289386510849,0.4984310269355774,0.14654326438903809,0.49848034977912903,0.216323584318161,0.46199002861976624,0.19111600518226624,0.4643515348434448,0.18033495545387268,0.5562475323677063,0.11985704302787781,0.5561941862106323,0.15392786264419556,0.6379378437995911,0.10317450761795044,0.6359941959381104,0.16315802931785583,0.6490708589553833,0.11848080158233643,0.6558582782745361,0.16149917244911194,0.652141809463501,0.12885192036628723,0.6562860012054443,0.15977686643600464,0.6488454341888428,0.12566956877708435,0.6522464752197266
Upward_Bow_Pose (164),Upward_Bow,5,0.7706823348999023,0.5815281867980957,0.7522236704826355,0.5937110781669617,0.7497970461845398,0.5913981199264526,0.7470405101776123,0.5885782241821289,0.7507822513580322,0.5944885015487671,0.7482672929763794,0.5917675495147705,0.7452272176742554,0.5889409780502319,0.7181739211082458,0.5527069568634033,0.7192801237106323,0.5559836030006409,0.7739533185958862,0.5515669584274292,0.7733712196350098,0.5507806539535522,0.7114382982254028,0.46064963936805725,0.6945595741271973,0.45060044527053833,0.7260304689407349,0.6665709018707275,0.7173548936843872,0.6419342756271362,0.7006218433380127,0.9132040739059448,0.6938560009002686,0.8483281135559082,0.6603278517723083,0.9306154251098633,0.6522496342658997,0.8669744729995728,0.6527835130691528,0.9289556741714478,0.6465573310852051,0.8721002340316772,0.6557143926620483,0.9175771474838257,0.657996654510498,0.8660111427307129
Upward_Bow_Pose (165),Upward_Bow,5,0.09856346249580383,0.5140156745910645,0.1074536144733429,0.5452209711074829,0.10985821485519409,0.5444053411483765,0.11243927478790283,0.5439001321792603,0.10832139849662781,0.5468497276306152,0.11111491918563843,0.5469846725463867,0.11400982737541199,0.5472909212112427,0.1397361010313034,0.5276263952255249,0.13744421303272247,0.5274476408958435,0.10747289657592773,0.4849737882614136,0.10810711979866028,0.48695170879364014,0.17262926697731018,0.4238250255584717,0.1514802873134613,0.43652912974357605,0.12152186036109924,0.6244741678237915,0.09368839859962463,0.653287410736084,0.1069892942905426,0.806493878364563,0.07697945833206177,0.8753244876861572,0.12499719858169556,0.8417016863822937,0.09237760305404663,0.9034117460250854,0.1284044086933136,0.8428232073783875,0.101260244846344,0.9024353623390198,0.1227140724658966,0.8351542353630066,0.09744396805763245,0.8916256427764893
Upward_Bow_Pose (166),Upward_Bow,5,0.7399001121520996,0.5416728258132935,0.724137008190155,0.5429771542549133,0.7219363451004028,0.5400426983833313,0.7193697690963745,0.5369091033935547,0.7233260869979858,0.5438445806503296,0.7208501100540161,0.5417712926864624,0.7181507349014282,0.5397200584411621,0.7067041397094727,0.5027554631233215,0.7026404142379761,0.510879397392273,0.7427127957344055,0.515568733215332,0.7413302659988403,0.5148543119430542,0.7170900702476501,0.4072076678276062,0.702505350112915,0.42155736684799194,0.777199923992157,0.5834665894508362,0.7450264692306519,0.5797295570373535,0.7835654616355896,0.7791832685470581,0.7525220513343811,0.7331382632255554,0.767346978187561,0.8146815299987793,0.7258716821670532,0.7613331079483032,0.7562636137008667,0.8110636472702026,0.7259835004806519,0.7628602981567383,0.7614599466323853,0.8014464378356934,0.7325787544250488,0.7563573122024536
Upward_Bow_Pose (167),Upward_Bow,5,0.6875074505805969,0.4959632158279419,0.6559858918190002,0.5034478902816772,0.6526774168014526,0.5005050301551819,0.6494541168212891,0.4973600506782532,0.6625192165374756,0.5058223009109497,0.6628135442733765,0.5045984387397766,0.6631381511688232,0.5030674934387207,0.6368096470832825,0.46007978916168213,0.6559348702430725,0.4692654013633728,0.6865415573120117,0.46451789140701294,0.6981912851333618,0.4684962034225464,0.612820565700531,0.3464631736278534,0.6953610181808472,0.34589043259620667,0.6132727861404419,0.5541581511497498,0.7658312320709229,0.5185340642929077,0.6075237393379211,0.7559252381324768,0.7803776860237122,0.7005420327186584,0.5944216251373291,0.7833396196365356,0.7550734877586365,0.7318463325500488,0.5911478996276855,0.7877311110496521,0.7423887848854065,0.7312983274459839,0.5926711559295654,0.775338888168335,0.7452441453933716,0.7275996208190918
Upward_Bow_Pose (169),Upward_Bow,5,0.3297474980354309,0.3003656268119812,0.3397701382637024,0.31002384424209595,0.3405647277832031,0.3096536099910736,0.34126609563827515,0.3096926212310791,0.34033817052841187,0.30918970704078674,0.34167277812957764,0.3080179989337921,0.3423895835876465,0.3058636486530304,0.35381460189819336,0.2910962998867035,0.3546690344810486,0.2895244359970093,0.3298007845878601,0.2861284613609314,0.3303787112236023,0.2851245403289795,0.37653130292892456,0.24527372419834137,0.37522876262664795,0.23649318516254425,0.35167020559310913,0.3318333625793457,0.35063040256500244,0.34636396169662476,0.37284499406814575,0.41914480924606323,0.36598002910614014,0.43587660789489746,0.3880165219306946,0.4346182346343994,0.38144251704216003,0.45322927832603455,0.3887297511100769,0.4374570846557617,0.3854530453681946,0.4537751376628876,0.3850027322769165,0.43409061431884766,0.3801421523094177,0.4461134374141693
Upward_Bow_Pose (178),Upward_Bow,5,0.7068004012107849,0.7459259033203125,0.6901700496673584,0.7468721270561218,0.6891574859619141,0.7451021075248718,0.6879710555076599,0.7433005571365356,0.688556432723999,0.748221755027771,0.6867966055870056,0.7473723888397217,0.684323787689209,0.7460950016975403,0.6766740679740906,0.719326376914978,0.67601478099823,0.7223503589630127,0.7120019793510437,0.7285414338111877,0.7083354592323303,0.7298300862312317,0.6860818862915039,0.6457334756851196,0.6714334487915039,0.6397639513015747,0.7674282789230347,0.7691941261291504,0.7452993988990784,0.7504253387451172,0.7734479904174805,0.9100559949874878,0.7537188529968262,0.8550333976745605,0.7534639835357666,0.929504930973053,0.7269781827926636,0.8919193148612976,0.7445578575134277,0.9235947728157043,0.7336196303367615,0.882215678691864,0.7514668703079224,0.9153158664703369,0.74055016040802,0.873002827167511
Upward_Bow_Pose (179),Upward_Bow,5,0.2506895959377289,0.43585699796676636,0.25926029682159424,0.4566279649734497,0.2612340748310089,0.455254465341568,0.26325172185897827,0.45455029606819153,0.26025962829589844,0.4579107165336609,0.26287055015563965,0.45753422379493713,0.2655457556247711,0.45827871561050415,0.2819024324417114,0.442449688911438,0.281882643699646,0.4459008276462555,0.2553175091743469,0.4148866534233093,0.25585442781448364,0.4174296259880066,0.3047061562538147,0.3751973509788513,0.304237961769104,0.37567710876464844,0.2706640660762787,0.5358515977859497,0.2631555199623108,0.5500571727752686,0.28345930576324463,0.7040413618087769,0.26302194595336914,0.7454468011856079,0.2993563413619995,0.7182178497314453,0.28025418519973755,0.7634686231613159,0.3056949973106384,0.7138965129852295,0.2868879437446594,0.7529603242874146,0.30128222703933716,0.7122313380241394,0.279707670211792,0.7447127103805542
Upward_Bow_Pose (18),Upward_Bow,5,0.7837603688240051,0.42613327503204346,0.7734244465827942,0.43823981285095215,0.7710005044937134,0.436685711145401,0.7683687210083008,0.4352029860019684,0.7743628025054932,0.4392523765563965,0.7726181745529175,0.4386622905731201,0.7706451416015625,0.4380984902381897,0.7490854263305664,0.4185066223144531,0.7494328022003174,0.42281144857406616,0.7773903012275696,0.4041547179222107,0.7785631418228149,0.40695396065711975,0.7384538650512695,0.3416016697883606,0.7211414575576782,0.36410850286483765,0.7965408563613892,0.4786010980606079,0.7748117446899414,0.49244844913482666,0.8257519006729126,0.6533176898956299,0.7943373918533325,0.6422340869903564,0.8323544263839722,0.6826186776161194,0.7885755896568298,0.6647588014602661,0.8192957639694214,0.6831974387168884,0.7883504629135132,0.667963981628418,0.8175951242446899,0.6758562922477722,0.7906213998794556,0.6607654690742493
Upward_Bow_Pose (180),Upward_Bow,5,0.7306440472602844,0.6009523868560791,0.7089971303939819,0.5988889932632446,0.7076464295387268,0.5964533090591431,0.704369306564331,0.5929162502288818,0.7068485021591187,0.5990070104598999,0.7042481899261475,0.5971353650093079,0.7002737522125244,0.5944451093673706,0.6946651935577393,0.5561570525169373,0.6876773238182068,0.5591921210289001,0.7392643690109253,0.5741686224937439,0.7352018356323242,0.5759073495864868,0.7182740569114685,0.4424576163291931,0.7013100385665894,0.43919533491134644,0.7959972620010376,0.6742513179779053,0.7681088447570801,0.6450272798538208,0.7951878309249878,0.8932746052742004,0.7777422666549683,0.8511523008346558,0.7684037685394287,0.9300570487976074,0.737679123878479,0.8970656394958496,0.7566937208175659,0.9348971247673035,0.7389461994171143,0.8998119235038757,0.7668821811676025,0.9225249886512756,0.7509689927101135,0.8854343295097351
Upward_Bow_Pose (185),Upward_Bow,5,0.24297967553138733,0.5276667475700378,0.25812840461730957,0.5460126399993896,0.26016512513160706,0.5451756119728088,0.2621811330318451,0.5446240305900574,0.25919756293296814,0.5461028814315796,0.26194319128990173,0.5450740456581116,0.26465505361557007,0.544373095035553,0.2867727279663086,0.523082971572876,0.2883099317550659,0.5198218822479248,0.24532794952392578,0.503742516040802,0.24714139103889465,0.5048326849937439,0.31408149003982544,0.4228419065475464,0.3015871047973633,0.41171199083328247,0.27525997161865234,0.6245378255844116,0.2657708525657654,0.6427279710769653,0.28654199838638306,0.8308340311050415,0.275814026594162,0.865498423576355,0.32325270771980286,0.8596978187561035,0.3064872622489929,0.8925471901893616,0.3261195421218872,0.863232433795929,0.32080525159835815,0.8898003697395325,0.3138796091079712,0.855629563331604,0.3070070147514343,0.8819009065628052
Upward_Bow_Pose (186),Upward_Bow,5,0.7387552857398987,0.529215931892395,0.7269704341888428,0.5433638691902161,0.7259699106216431,0.5410668849945068,0.7246471643447876,0.5386631488800049,0.7241029739379883,0.5452238321304321,0.721163809299469,0.5441896915435791,0.7183037996292114,0.5429913997650146,0.7061178088188171,0.5118665099143982,0.6996816396713257,0.5167205333709717,0.7390799522399902,0.5009969472885132,0.7362629175186157,0.5012981295585632,0.7071395516395569,0.431018203496933,0.6610661745071411,0.42788997292518616,0.7794171571731567,0.6035076379776001,0.718122661113739,0.5876764059066772,0.7867846488952637,0.8379006385803223,0.7220014333724976,0.7176285982131958,0.7616516351699829,0.8729627132415771,0.7108100056648254,0.7402317523956299,0.7526106834411621,0.8687293529510498,0.7111818790435791,0.74421226978302,0.7580323219299316,0.8542965650558472,0.7150163650512695,0.7448475360870361
Upward_Bow_Pose (187),Upward_Bow,5,0.8111923336982727,0.4684523940086365,0.8021490573883057,0.4893938899040222,0.799902617931366,0.48890072107315063,0.7975016832351685,0.4879930019378662,0.8021936416625977,0.4896705150604248,0.8003405332565308,0.48960232734680176,0.7984142899513245,0.48941004276275635,0.7744452953338623,0.4769552946090698,0.7762085199356079,0.48040521144866943,0.8021801114082336,0.45044898986816406,0.8030484318733215,0.4509373903274536,0.739898681640625,0.4009705185890198,0.7382728457450867,0.4003492295742035,0.7839860916137695,0.5704838633537292,0.771392285823822,0.5456928610801697,0.7762598991394043,0.7406426668167114,0.7678542137145996,0.6924065947532654,0.7620608806610107,0.7749543190002441,0.7434127330780029,0.7292797565460205,0.7547821998596191,0.771354079246521,0.7389215230941772,0.7260740399360657,0.761640191078186,0.7582538723945618,0.7557811141014099,0.7159212231636047
Upward_Bow_Pose (188),Upward_Bow,5,0.20979008078575134,0.5484814643859863,0.22296388447284698,0.551612913608551,0.22483666241168976,0.5490153431892395,0.22728393971920013,0.5465735793113708,0.22166474163532257,0.5522564649581909,0.22252163290977478,0.5505245327949524,0.22405624389648438,0.5488196611404419,0.23736587166786194,0.5175625681877136,0.23468182981014252,0.5213059186935425,0.20877547562122345,0.524728536605835,0.2059476226568222,0.5254716873168945,0.238456130027771,0.42842260003089905,0.21881799399852753,0.44287416338920593,0.22394594550132751,0.5774824023246765,0.19670447707176208,0.6042168736457825,0.22769170999526978,0.7083237171173096,0.19762514531612396,0.7884529829025269,0.24983926117420197,0.7244194746017456,0.2266688197851181,0.8095723390579224,0.25134801864624023,0.7337199449539185,0.23093239963054657,0.8063546419143677,0.24224607646465302,0.7266788482666016,0.22358354926109314,0.7973117232322693
Upward_Bow_Pose (189),Upward_Bow,5,0.5118821263313293,0.535395622253418,0.5077051520347595,0.5452081561088562,0.5065589547157288,0.5451128482818604,0.5052415728569031,0.5448101162910461,0.5082098841667175,0.5455833673477173,0.5074276924133301,0.5455935001373291,0.5065601468086243,0.5455984473228455,0.4952888488769531,0.5375331044197083,0.49613451957702637,0.5377097725868225,0.5062297582626343,0.5239642858505249,0.5071007609367371,0.5243401527404785,0.4758060872554779,0.49815481901168823,0.4747464060783386,0.5024356842041016,0.5378314852714539,0.5396969318389893,0.527407169342041,0.538347601890564,0.584096372127533,0.6000787019729614,0.5778329372406006,0.5932577848434448,0.5873642563819885,0.6197475790977478,0.5797560214996338,0.6100947856903076,0.5855957865715027,0.6245887279510498,0.5800387263298035,0.614254891872406,0.583721399307251,0.6179348826408386,0.5787880420684814,0.6091710329055786
Upward_Bow_Pose (190),Upward_Bow,5,0.2974790930747986,0.35374003648757935,0.309747576713562,0.37092724442481995,0.31173640489578247,0.36979442834854126,0.3139743506908417,0.36881905794143677,0.3102233409881592,0.3707924783229828,0.31249141693115234,0.3696361780166626,0.3149802088737488,0.3685614764690399,0.3333473205566406,0.34905242919921875,0.3321502208709717,0.3477303385734558,0.30251193046569824,0.3267069458961487,0.30228084325790405,0.3271629810333252,0.3528592586517334,0.2659755051136017,0.3397853672504425,0.26394617557525635,0.3008948266506195,0.3984786868095398,0.26678910851478577,0.4035756587982178,0.2958262264728546,0.5226482152938843,0.2580775320529938,0.5458123683929443,0.31180906295776367,0.5443043112754822,0.2710687518119812,0.5645410418510437,0.3162654936313629,0.5416969060897827,0.2833402156829834,0.5629721283912659,0.3090212941169739,0.5354288816452026,0.27987542748451233,0.5553217530250549
Upward_Bow_Pose (195),Upward_Bow,5,0.7287310361862183,0.5110600590705872,0.720308780670166,0.5302034616470337,0.7183452248573303,0.5296298861503601,0.7159684896469116,0.5288035273551941,0.7198125123977661,0.529879093170166,0.7172867655754089,0.5308940410614014,0.7149465680122375,0.5307903289794922,0.6959811449050903,0.5189660787582397,0.6943305134773254,0.5217745304107666,0.7220932841300964,0.4879288673400879,0.7224047183990479,0.488757848739624,0.6641960144042969,0.4538883864879608,0.6567173004150391,0.42012304067611694,0.6984398365020752,0.6844468712806702,0.6658177971839905,0.645750880241394,0.6936721801757812,0.9042617082595825,0.6632408499717712,0.8138960003852844,0.6748200058937073,0.937763512134552,0.6444497108459473,0.8292767405509949,0.6686865091323853,0.9340742230415344,0.643808126449585,0.8291866183280945,0.6734622716903687,0.9224189519882202,0.6505594253540039,0.8245083689689636
Upward_Bow_Pose (196),Upward_Bow,5,0.7327561378479004,0.4464948773384094,0.7276794910430908,0.47304779291152954,0.725385308265686,0.4744225740432739,0.7228683233261108,0.4759329557418823,0.7278567552566528,0.4709574282169342,0.7260737419128418,0.47082608938217163,0.7237964868545532,0.47199350595474243,0.6974798440933228,0.4786110520362854,0.7009261846542358,0.472579687833786,0.718314528465271,0.4281782805919647,0.718949556350708,0.42701923847198486,0.6459052562713623,0.4321173429489136,0.6418986320495605,0.42288708686828613,0.7025268077850342,0.6141047477722168,0.6841908693313599,0.597405731678009,0.7406836152076721,0.8061977028846741,0.7203472852706909,0.7700414657592773,0.7542710304260254,0.8223344683647156,0.7218812704086304,0.7834026217460632,0.7519057393074036,0.8238878846168518,0.7300868034362793,0.7856919169425964,0.7472963929176331,0.8185406923294067,0.7293370962142944,0.7849888801574707
Upward_Bow_Pose (197),Upward_Bow,5,0.6385391354560852,0.6676398515701294,0.6254141926765442,0.6689170598983765,0.6244199275970459,0.6674895286560059,0.6229485273361206,0.6662061214447021,0.624604344367981,0.6694899797439575,0.62303227186203,0.6687203049659729,0.6212329864501953,0.6679851412773132,0.6160485744476318,0.6493439674377441,0.6151497960090637,0.6518102884292603,0.643470048904419,0.6555348634719849,0.642357349395752,0.655869722366333,0.624755322933197,0.6034847497940063,0.621502161026001,0.6057897210121155,0.6675020456314087,0.6978815793991089,0.657808244228363,0.6847661137580872,0.6650062799453735,0.7906979322433472,0.6548424363136292,0.7725951671600342,0.6495455503463745,0.8059768676757812,0.6375830173492432,0.783918023109436,0.6452622413635254,0.8033751249313354,0.6369950771331787,0.7841649651527405,0.6490964889526367,0.7980794906616211,0.6410554647445679,0.7813082337379456
Upward_Bow_Pose (199),Upward_Bow,5,0.6719222664833069,0.6912536025047302,0.6596905589103699,0.6996450424194336,0.657461941242218,0.6976121664047241,0.6562894582748413,0.6946121454238892,0.6580369472503662,0.6997177004814148,0.6565074324607849,0.6984509229660034,0.6547719240188599,0.6972445845603943,0.6466977000236511,0.6660008430480957,0.643837034702301,0.668421745300293,0.6756590604782104,0.6662150621414185,0.673522412776947,0.6687086820602417,0.656358540058136,0.5706431269645691,0.6467260718345642,0.5664137601852417,0.7109975218772888,0.7270951867103577,0.6877622008323669,0.7140584588050842,0.7078462839126587,0.8970195055007935,0.6903481483459473,0.8635163307189941,0.6982318162918091,0.9190433025360107,0.6763674020767212,0.8936361074447632,0.6920713186264038,0.9214591979980469,0.6675671339035034,0.8987051248550415,0.6940799951553345,0.910697340965271,0.6785353422164917,0.8835418224334717
Upward_Bow_Pose (200),Upward_Bow,5,0.6674080491065979,0.292182058095932,0.6557154655456543,0.3011323809623718,0.6533327102661133,0.29958951473236084,0.651659369468689,0.29917675256729126,0.6554532647132874,0.30142951011657715,0.6530486345291138,0.2998966574668884,0.6513166427612305,0.29950428009033203,0.6407312750816345,0.28563523292541504,0.6400797367095947,0.2887977957725525,0.6657422780990601,0.2810056805610657,0.6662909984588623,0.2803982198238373,0.6223369836807251,0.24585500359535217,0.6254220008850098,0.24685141444206238,0.6479732990264893,0.3350995182991028,0.6427046060562134,0.33356353640556335,0.6252453923225403,0.44474488496780396,0.6195819973945618,0.42542701959609985,0.620024561882019,0.4548282027244568,0.6002023220062256,0.44484180212020874,0.6107702255249023,0.45642709732055664,0.6006717681884766,0.4454180598258972,0.6160798072814941,0.4523026943206787,0.6067588329315186,0.4404612183570862
Upward_Bow_Pose (201),Upward_Bow,5,0.8532854318618774,0.6837599277496338,0.8276480436325073,0.6918883323669434,0.8246625661849976,0.6903558373451233,0.8213884830474854,0.6888142228126526,0.8271206021308899,0.6923915147781372,0.8237793445587158,0.6912537217140198,0.8201348781585693,0.6901285648345947,0.8002821207046509,0.6620689630508423,0.799629807472229,0.6649789810180664,0.8563588261604309,0.664422333240509,0.8559190630912781,0.6652997732162476,0.7935951948165894,0.5867232084274292,0.7805286049842834,0.5830928087234497,0.8737601637840271,0.747745931148529,0.8399938344955444,0.7389201521873474,0.9141663312911987,0.8963391780853271,0.8923882842063904,0.8769527673721313,0.8949913382530212,0.9171895980834961,0.8688455820083618,0.8996675610542297,0.8787326812744141,0.9193155169487,0.8664058446884155,0.9017994403839111,0.8888312578201294,0.910842776298523,0.8874551057815552,0.8952827453613281
Upward_Bow_Pose (202),Upward_Bow,5,0.7489252090454102,0.6644129157066345,0.7336246967315674,0.6674181818962097,0.7319590449333191,0.666130006313324,0.7299453020095825,0.664894700050354,0.7301640510559082,0.668055534362793,0.7263628244400024,0.6674386858940125,0.7222553491592407,0.6669415235519409,0.7183683514595032,0.648820161819458,0.7081063985824585,0.6525393724441528,0.7488811016082764,0.6499718427658081,0.7443294525146484,0.6509723663330078,0.7444537878036499,0.5915745496749878,0.6946338415145874,0.5997440218925476,0.8028438091278076,0.6989294290542603,0.7533445358276367,0.6838055849075317,0.8059905767440796,0.7940834164619446,0.7689681053161621,0.7707294225692749,0.7795904874801636,0.8102341890335083,0.7415869235992432,0.789207935333252,0.7669885158538818,0.8100156188011169,0.7380717992782593,0.7926656007766724,0.7735691070556641,0.8025732040405273,0.7470018267631531,0.7864371538162231
Upward_Bow_Pose (203),Upward_Bow,5,0.2660055160522461,0.47627875208854675,0.2756529748439789,0.4958440661430359,0.27744734287261963,0.49523234367370605,0.2793727517127991,0.4944077134132385,0.27780681848526,0.4962569773197174,0.28104478120803833,0.49620431661605835,0.2842828035354614,0.49615687131881714,0.30794069170951843,0.4798890948295593,0.3083978295326233,0.48088857531547546,0.2725293040275574,0.45226016640663147,0.27593204379081726,0.45443230867385864,0.35496261715888977,0.3911858797073364,0.3483496606349945,0.39533984661102295,0.3265613317489624,0.5580506324768066,0.31536173820495605,0.5798166990280151,0.3143343925476074,0.7459403872489929,0.3000307083129883,0.7867669463157654,0.3405512869358063,0.7661197781562805,0.3257542550563812,0.8131111264228821,0.342632919549942,0.7703725695610046,0.33305490016937256,0.8117568492889404,0.3360025882720947,0.7647404670715332,0.32728374004364014,0.8043100833892822
Upward_Bow_Pose (206),Upward_Bow,5,0.7630118131637573,0.5760790109634399,0.7460616827011108,0.5839847922325134,0.7436943650245667,0.5809663534164429,0.7420231103897095,0.5780149102210999,0.7451738715171814,0.5846930742263794,0.7419443130493164,0.5818556547164917,0.739469051361084,0.5792573690414429,0.7252492308616638,0.5430799722671509,0.7233493328094482,0.5456337928771973,0.7652231454849243,0.5475687980651855,0.7654321193695068,0.5473908185958862,0.7015178799629211,0.4582177698612213,0.7008063793182373,0.4336988627910614,0.7464678287506104,0.6696387529373169,0.7347216606140137,0.6380325555801392,0.7145987749099731,0.8526383638381958,0.6960489749908447,0.797920823097229,0.6817734837532043,0.876213788986206,0.6646850109100342,0.8319207429885864,0.6719163656234741,0.874891996383667,0.6615723371505737,0.8340582847595215,0.6797793507575989,0.8655432462692261,0.6753203868865967,0.8311363458633423
Upward_Bow_Pose (207),Upward_Bow,5,0.7280482053756714,0.6022446155548096,0.7158827781677246,0.6104806661605835,0.7144408822059631,0.6079245805740356,0.7127206921577454,0.6052196025848389,0.7150347828865051,0.6114493012428284,0.7131622433662415,0.6098030805587769,0.7110931277275085,0.6080873012542725,0.6969265937805176,0.5773811340332031,0.693324625492096,0.5828716158866882,0.7259439826011658,0.574363112449646,0.7242816686630249,0.5761877298355103,0.6955002546310425,0.49505361914634705,0.6713759899139404,0.49188369512557983,0.7473214268684387,0.668414831161499,0.7177705764770508,0.6670726537704468,0.7597360014915466,0.8782831430435181,0.7322310209274292,0.8341453671455383,0.7454813718795776,0.9002383351325989,0.715950071811676,0.8526337742805481,0.7352437973022461,0.8977025151252747,0.714177131652832,0.8577688336372375,0.7390607595443726,0.8896949887275696,0.7191072702407837,0.8529249429702759
Upward_Bow_Pose (211),Upward_Bow,5,0.5864137411117554,0.47217273712158203,0.5719729661941528,0.48430073261260986,0.5702472925186157,0.48246654868125916,0.568299412727356,0.4806094169616699,0.5720853805541992,0.4848440885543823,0.5706110000610352,0.4834105968475342,0.5689200758934021,0.48210829496383667,0.5616316795349121,0.4503905177116394,0.5618761777877808,0.4553639888763428,0.588440477848053,0.4401421546936035,0.5880383849143982,0.4415115714073181,0.5744709372520447,0.3597179055213928,0.5637500882148743,0.36720335483551025,0.6058809757232666,0.5204145908355713,0.5821539163589478,0.5080068707466125,0.6078122854232788,0.6989202499389648,0.5855082869529724,0.6574149131774902,0.5954090356826782,0.7377544641494751,0.572871208190918,0.6853144764900208,0.5865226984024048,0.73497474193573,0.5710886120796204,0.687195897102356,0.5890257358551025,0.7202754020690918,0.5744544267654419,0.6804928183555603
Upward_Bow_Pose (214),Upward_Bow,5,0.23187708854675293,0.45397162437438965,0.251125305891037,0.4707973599433899,0.2534789443016052,0.46910640597343445,0.25603604316711426,0.46769461035728455,0.25086653232574463,0.4696948230266571,0.2530316114425659,0.4669710397720337,0.2554406523704529,0.46472451090812683,0.27814969420433044,0.43760594725608826,0.27642345428466797,0.4340471029281616,0.23034125566482544,0.4238068461418152,0.23124763369560242,0.42303913831710815,0.29676663875579834,0.34021204710006714,0.28123533725738525,0.33506038784980774,0.24377867579460144,0.5259597301483154,0.22191715240478516,0.5410976409912109,0.2561163306236267,0.73258376121521,0.23124435544013977,0.7591410279273987,0.28865113854408264,0.7588043808937073,0.2556261122226715,0.7873875498771667,0.2940109074115753,0.7591008543968201,0.268545538187027,0.7818573713302612,0.2831375300884247,0.7520777583122253,0.25958070158958435,0.7711433172225952
Upward_Bow_Pose (215),Upward_Bow,5,0.4224632680416107,0.5984282493591309,0.4288036525249481,0.5974675416946411,0.4295242428779602,0.5963550806045532,0.4302343428134918,0.5952721238136292,0.4280633330345154,0.5974894165992737,0.42811647057533264,0.5964443683624268,0.4281400442123413,0.5953798294067383,0.4326450824737549,0.5802539587020874,0.4286770224571228,0.5791943073272705,0.4187483787536621,0.5869115591049194,0.41757896542549133,0.5874930024147034,0.42315736413002014,0.5338507890701294,0.4131610691547394,0.5411360263824463,0.4157455563545227,0.6164853572845459,0.40393146872520447,0.6327822208404541,0.4141932725906372,0.6923716068267822,0.40438657999038696,0.7042596340179443,0.4209739863872528,0.7025487422943115,0.40848755836486816,0.7135194540023804,0.42107731103897095,0.7039938569068909,0.4112597405910492,0.7131297588348389,0.41772568225860596,0.6998537182807922,0.4092293977737427,0.7094647884368896
Upward_Bow_Pose (216),Upward_Bow,5,0.2757951021194458,0.6684713959693909,0.29994097352027893,0.6767469644546509,0.30333787202835083,0.675873339176178,0.30776330828666687,0.6745029091835022,0.2969295382499695,0.6773141622543335,0.29822838306427,0.6769027709960938,0.29977947473526,0.6765216588973999,0.3221849799156189,0.659395694732666,0.3136938214302063,0.6603841185569763,0.27608928084373474,0.6526174545288086,0.27069416642189026,0.6541225910186768,0.3354712128639221,0.6030904054641724,0.2959652841091156,0.6138020157814026,0.2743833661079407,0.6992895603179932,0.21746760606765747,0.7202495336532593,0.28245899081230164,0.7964441776275635,0.2144981324672699,0.8393723964691162,0.30844491720199585,0.8194872736930847,0.2402237355709076,0.858049750328064,0.3124600052833557,0.8191755414009094,0.2607424557209015,0.8505935668945312,0.30141085386276245,0.8116317987442017,0.25526162981987,0.8432244062423706
Upward_Bow_Pose (217),Upward_Bow,5,0.8319258689880371,0.7595164775848389,0.812138557434082,0.7699413299560547,0.8088906407356262,0.7692691683769226,0.8053828477859497,0.7686579823493958,0.8120476007461548,0.7706782221794128,0.8073433637619019,0.7696817517280579,0.8030024766921997,0.7692666053771973,0.7780349254608154,0.754647970199585,0.7754601240158081,0.7559700012207031,0.8301694393157959,0.7403068542480469,0.8297617435455322,0.7408415675163269,0.7662039995193481,0.6859760284423828,0.746609091758728,0.6776443123817444,0.8153996467590332,0.8085578680038452,0.8005883097648621,0.7982989549636841,0.8395757675170898,0.9224418997764587,0.8251068592071533,0.90809166431427,0.8156756162643433,0.9481902122497559,0.795632004737854,0.9363293647766113,0.8052515983581543,0.9467998743057251,0.7980353236198425,0.9371311664581299,0.8128697872161865,0.940075159072876,0.8074967861175537,0.9271570444107056
Upward_Bow_Pose (22),Upward_Bow,5,0.3279173970222473,0.7790998220443726,0.33899492025375366,0.7877755165100098,0.34051090478897095,0.7872223854064941,0.34238627552986145,0.7865760922431946,0.3390918970108032,0.7875481843948364,0.3406318426132202,0.7869539856910706,0.3425512909889221,0.7862200736999512,0.35733214020729065,0.7722110152244568,0.3567084074020386,0.7714471817016602,0.32971251010894775,0.761627733707428,0.32984381914138794,0.7617967128753662,0.36739110946655273,0.7065958380699158,0.36480507254600525,0.7174513936042786,0.30532896518707275,0.8103275895118713,0.3015844225883484,0.8247371315956116,0.2820470333099365,0.9132493734359741,0.2737158536911011,0.9289114475250244,0.29420745372772217,0.9304953813552856,0.2825115919113159,0.9461644887924194,0.2972889840602875,0.9317092895507812,0.2866024374961853,0.9456852078437805,0.2936204969882965,0.9263874292373657,0.2843177020549774,0.9382107257843018
Upward_Bow_Pose (25),Upward_Bow,5,0.22844576835632324,0.5337014198303223,0.2335355579853058,0.5511313080787659,0.235554039478302,0.5516916513442993,0.23787850141525269,0.5525962114334106,0.23452749848365784,0.5525692105293274,0.23697251081466675,0.5540742874145508,0.23956093192100525,0.555792510509491,0.2651080787181854,0.5571513175964355,0.263759970664978,0.5580072999000549,0.24118980765342712,0.5183103680610657,0.24187389016151428,0.5210668444633484,0.3142927289009094,0.48569297790527344,0.3029650151729584,0.49103108048439026,0.2705513834953308,0.6170594692230225,0.24762287735939026,0.6395700573921204,0.2624208927154541,0.7439225316047668,0.23895537853240967,0.8052999377250671,0.2840348780155182,0.760340690612793,0.25608664751052856,0.816028892993927,0.2824249863624573,0.7680283188819885,0.2641836404800415,0.8184868693351746,0.27675771713256836,0.7609421610832214,0.2566782534122467,0.8094382286071777
Upward_Bow_Pose (26),Upward_Bow,5,0.7790027856826782,0.5146053433418274,0.7767722010612488,0.5445331335067749,0.7749369144439697,0.545462965965271,0.7729527354240417,0.5467222929000854,0.7767561674118042,0.5455582737922668,0.7750076055526733,0.5469570159912109,0.7732324600219727,0.5487014055252075,0.7489018440246582,0.5524005889892578,0.7523208856582642,0.5526025295257568,0.7667155265808105,0.49739399552345276,0.7672525644302368,0.4978557229042053,0.6903557181358337,0.49906647205352783,0.6846530437469482,0.48729002475738525,0.7412824034690857,0.6775957942008972,0.7128073573112488,0.6675857901573181,0.7590168714523315,0.8765718936920166,0.7213282585144043,0.8365811109542847,0.763909101486206,0.8982548713684082,0.7157546281814575,0.8519836664199829,0.7561967968940735,0.8981534242630005,0.7201143503189087,0.8495579957962036,0.752853274345398,0.8907238245010376,0.7217129468917847,0.8456584215164185
Upward_Bow_Pose (27),Upward_Bow,5,0.4145674705505371,0.7253381609916687,0.4301021695137024,0.7293616533279419,0.430377334356308,0.7283625602722168,0.4295752942562103,0.7278419137001038,0.43513989448547363,0.7283562421798706,0.4398629069328308,0.7260140180587769,0.4429287910461426,0.724633514881134,0.4360508918762207,0.7122246026992798,0.4552372097969055,0.7089234590530396,0.40328118205070496,0.7129120826721191,0.41087549924850464,0.7101720571517944,0.3717338442802429,0.6531933546066284,0.44791293144226074,0.6497286558151245,0.28602251410484314,0.7427803874015808,0.4183698296546936,0.7333872318267822,0.2654571831226349,0.833677351474762,0.39438396692276,0.8366343975067139,0.2964858412742615,0.8460094928741455,0.3963525891304016,0.8518729209899902,0.311348557472229,0.846333384513855,0.39580875635147095,0.8521708250045776,0.29694119095802307,0.8427655696868896,0.3953338861465454,0.8488551378250122
Upward_Bow_Pose (29),Upward_Bow,5,0.38883423805236816,0.6028198599815369,0.3950265944004059,0.6083006858825684,0.3959975242614746,0.6080551147460938,0.39712727069854736,0.6078762412071228,0.3947170078754425,0.6086193323135376,0.3961842656135559,0.6082481145858765,0.39738866686820984,0.6081635355949402,0.4076453447341919,0.6021248698234558,0.40813547372817993,0.6026058793067932,0.3919265866279602,0.5949854850769043,0.39243417978286743,0.5951704978942871,0.429332971572876,0.5757668018341064,0.42208394408226013,0.5784749388694763,0.3903093934059143,0.6228122711181641,0.3797153830528259,0.62544846534729,0.37420251965522766,0.677440345287323,0.3666306734085083,0.6896508932113647,0.38243478536605835,0.6882438659667969,0.36997395753860474,0.7013914585113525,0.38350802659988403,0.6891102194786072,0.3762219548225403,0.6989676356315613,0.38131406903266907,0.6861824989318848,0.37509793043136597,0.6959616541862488
Upward_Bow_Pose (30),Upward_Bow,5,0.6395441293716431,0.720731258392334,0.6311843395233154,0.7344990372657776,0.6298319101333618,0.7333807349205017,0.627631425857544,0.7333693504333496,0.6315784454345703,0.7366635799407959,0.6305751800537109,0.736371636390686,0.6295038461685181,0.736103892326355,0.618293046951294,0.7231825590133667,0.61686772108078,0.7255865335464478,0.6368839144706726,0.7071625590324402,0.6377196311950684,0.7080110311508179,0.6120640635490417,0.6780209541320801,0.5986608862876892,0.6780245900154114,0.6694994568824768,0.7588545083999634,0.6522380113601685,0.754560112953186,0.69052654504776,0.8751088380813599,0.6719596982002258,0.8488715887069702,0.6920871138572693,0.8878763914108276,0.6681095957756042,0.8640628457069397,0.681524932384491,0.8869508504867554,0.6651055812835693,0.8656184077262878,0.6800649166107178,0.8833881616592407,0.6667587161064148,0.8618448972702026
Upward_Bow_Pose (31),Upward_Bow,5,0.7330646514892578,0.5674288272857666,0.730641782283783,0.5887893438339233,0.7282905578613281,0.5896632671356201,0.7258346080780029,0.5903578400611877,0.7312467098236084,0.5886914730072021,0.7290407419204712,0.5907756090164185,0.7271010875701904,0.5915747880935669,0.7004618644714355,0.5919283032417297,0.7032936811447144,0.5897870659828186,0.7198280692100525,0.555797815322876,0.7208508253097534,0.5541235208511353,0.654524564743042,0.5505540370941162,0.6434323191642761,0.5395521521568298,0.7505924701690674,0.6780287027359009,0.7132575511932373,0.6674513220787048,0.7940134406089783,0.8427689075469971,0.7439903020858765,0.7878029942512512,0.7879247069358826,0.8604418635368347,0.7322402596473694,0.7970478534698486,0.7791972160339355,0.8628634214401245,0.7307919263839722,0.802117109298706,0.7777858972549438,0.8557436466217041,0.7351877689361572,0.8004946708679199
Upward_Bow_Pose (33),Upward_Bow,5,0.5491359233856201,0.607978343963623,0.5307074785232544,0.610268771648407,0.5272680521011353,0.6090731024742126,0.5233626961708069,0.6076439023017883,0.5327284932136536,0.6106323599815369,0.5309361219406128,0.6097730994224548,0.5288752913475037,0.6089354753494263,0.5109279155731201,0.5918058156967163,0.5153958201408386,0.594882607460022,0.5465997457504272,0.5898225903511047,0.5487232208251953,0.59159255027771,0.512372612953186,0.5306179523468018,0.5228577852249146,0.543495774269104,0.5552076101303101,0.6203088760375977,0.5634414553642273,0.6192415952682495,0.5767547488212585,0.7248224020004272,0.5844408869743347,0.7093967795372009,0.5800429582595825,0.7410029768943787,0.5843207836151123,0.7240540981292725,0.577907145023346,0.743266224861145,0.5824375748634338,0.7274696826934814,0.576370894908905,0.7391626834869385,0.5825107097625732,0.7234717607498169
Upward_Bow_Pose (37),Upward_Bow,5,0.21438156068325043,0.5487135052680969,0.2181100994348526,0.5553949475288391,0.22080600261688232,0.5542163252830505,0.2235967367887497,0.5529432892799377,0.21100780367851257,0.5564280152320862,0.2091352790594101,0.5560070872306824,0.2076091170310974,0.5555354356765747,0.23108503222465515,0.5417752265930176,0.21070446074008942,0.5391128063201904,0.22155877947807312,0.5338759422302246,0.21368148922920227,0.5327855348587036,0.2746129333972931,0.501154363155365,0.20523592829704285,0.4905582070350647,0.2698676586151123,0.5778290629386902,0.1598166525363922,0.5904709100723267,0.26174890995025635,0.687263011932373,0.147306889295578,0.7053642272949219,0.26522180438041687,0.7157437801361084,0.15243516862392426,0.7293016910552979,0.26208940148353577,0.7168731093406677,0.16342636942863464,0.7244857549667358,0.25744903087615967,0.707738995552063,0.16151925921440125,0.7155922651290894
Upward_Bow_Pose (4),Upward_Bow,5,0.2037300169467926,0.5518622398376465,0.2177199125289917,0.5618112087249756,0.22081708908081055,0.5614988207817078,0.2243655025959015,0.5611366033554077,0.2184382975101471,0.5613683462142944,0.2218579649925232,0.5607617497444153,0.2256925106048584,0.560145378112793,0.25237753987312317,0.5494321584701538,0.24973022937774658,0.5469741821289062,0.21137946844100952,0.5369629263877869,0.21308916807174683,0.5369555950164795,0.28412240743637085,0.49817129969596863,0.27096694707870483,0.4978908598423004,0.21727487444877625,0.5936129093170166,0.19293901324272156,0.5957169532775879,0.20367446541786194,0.692086935043335,0.16355425119400024,0.7099944353103638,0.23087823390960693,0.705588698387146,0.1845492422580719,0.7269987463951111,0.23334476351737976,0.7063691020011902,0.1982438862323761,0.7255181074142456,0.22808295488357544,0.7028319835662842,0.19117864966392517,0.7196792364120483
Upward_Bow_Pose (40),Upward_Bow,5,0.3024868369102478,0.5181483626365662,0.32463759183883667,0.5272369384765625,0.32660889625549316,0.5257555246353149,0.3299298882484436,0.5207412242889404,0.3245534896850586,0.527461051940918,0.32676175236701965,0.5265339016914368,0.33055275678634644,0.5218459367752075,0.34592002630233765,0.4938010275363922,0.34465429186820984,0.4934176802635193,0.29860562086105347,0.4984492361545563,0.299071341753006,0.49940919876098633,0.34655576944351196,0.40087616443634033,0.3290981650352478,0.4012945890426636,0.31788861751556396,0.5857490301132202,0.30804526805877686,0.6141398549079895,0.33851373195648193,0.8017281293869019,0.334594190120697,0.8458995223045349,0.363262802362442,0.8272414803504944,0.34911537170410156,0.8718582987785339,0.3724204897880554,0.8291794061660767,0.3682480752468109,0.8624135255813599,0.3622848093509674,0.8171395659446716,0.36293745040893555,0.8518466353416443
Upward_Bow_Pose (42),Upward_Bow,5,0.11331969499588013,0.47940748929977417,0.11126166582107544,0.506439208984375,0.11366584897041321,0.508533239364624,0.11631959676742554,0.5105241537094116,0.11185872554779053,0.5071039199829102,0.11437690258026123,0.5095919370651245,0.11710530519485474,0.5120691657066345,0.1487768292427063,0.5252965688705444,0.14694225788116455,0.525842547416687,0.1344442367553711,0.47011876106262207,0.13469627499580383,0.47243592143058777,0.24986854195594788,0.49165451526641846,0.22630342841148376,0.4822019040584564,0.2003384530544281,0.6462978720664978,0.12977388501167297,0.6503250002861023,0.13529667258262634,0.7931768894195557,0.08275672793388367,0.8299722671508789,0.14528349041938782,0.828228771686554,0.08592718839645386,0.8571524620056152,0.1436482071876526,0.8293685913085938,0.09678822755813599,0.8589092493057251,0.13627779483795166,0.8158082365989685,0.09739068150520325,0.847683310508728
Upward_Bow_Pose (43),Upward_Bow,5,0.8167310953140259,0.6101826429367065,0.8159558773040771,0.6233747601509094,0.8130325078964233,0.6262074708938599,0.811358630657196,0.6272472143173218,0.8139384984970093,0.6229954361915588,0.8119050860404968,0.6230482459068298,0.8101385831832886,0.6228525042533875,0.7906200885772705,0.6288449764251709,0.7880561947822571,0.6248560547828674,0.8039488792419434,0.6038033962249756,0.802920401096344,0.6008290648460388,0.7497566342353821,0.606997549533844,0.7358625531196594,0.5807734727859497,0.8193623423576355,0.7239159941673279,0.7861009836196899,0.6844298243522644,0.8236671686172485,0.8256282806396484,0.786206841468811,0.7740333080291748,0.8096306920051575,0.8402590751647949,0.7690351009368896,0.7900370359420776,0.7962210178375244,0.836029589176178,0.7600234746932983,0.79667067527771,0.8007066249847412,0.8308734893798828,0.7633779048919678,0.7949742078781128
Upward_Bow_Pose (44),Upward_Bow,5,0.28370991349220276,0.4320729970932007,0.2941013276576996,0.44659948348999023,0.296049028635025,0.44651347398757935,0.2979132831096649,0.44669070839881897,0.29411765933036804,0.4463602304458618,0.29602882266044617,0.4459274411201477,0.29794731736183167,0.44583016633987427,0.3154217004776001,0.43571165204048157,0.31568342447280884,0.43412983417510986,0.29049742221832275,0.4146071672439575,0.29038864374160767,0.41640353202819824,0.3449648916721344,0.37237557768821716,0.34143322706222534,0.3730143904685974,0.3008614182472229,0.5093345642089844,0.285526841878891,0.5432800650596619,0.27816933393478394,0.6501467227935791,0.2586063742637634,0.707952618598938,0.28872939944267273,0.6900061964988708,0.2628107964992523,0.7390632033348083,0.28887999057769775,0.6888158321380615,0.2652607858181,0.7382255792617798,0.28524062037467957,0.6761435270309448,0.2647424042224884,0.7262523174285889
Upward_Bow_Pose (45),Upward_Bow,5,0.5482488870620728,0.5737118124961853,0.5393521785736084,0.5942999720573425,0.5369311571121216,0.5937823057174683,0.5344035029411316,0.5935596227645874,0.5405072569847107,0.5959174633026123,0.5390167832374573,0.5963016152381897,0.5373859405517578,0.5970053672790527,0.5169814825057983,0.5821791887283325,0.519619882106781,0.5847525596618652,0.541749119758606,0.552187442779541,0.5422898530960083,0.5525635480880737,0.4987662434577942,0.5074974298477173,0.48678284883499146,0.5064460635185242,0.5517237782478333,0.6530112028121948,0.5250704884529114,0.6429573893547058,0.5620027184486389,0.83277428150177,0.533328115940094,0.7921469807624817,0.5494248270988464,0.8558674454689026,0.5196754932403564,0.8123270273208618,0.5423970818519592,0.8523840308189392,0.5197146534919739,0.8160843849182129,0.5442938804626465,0.8446590304374695,0.5225284695625305,0.8095146417617798
Upward_Bow_Pose (47),Upward_Bow,5,0.5232481956481934,0.6954213976860046,0.5399789810180664,0.6902070045471191,0.539299488067627,0.6878660917282104,0.5384891033172607,0.6857544779777527,0.5468657612800598,0.6901331543922424,0.5504946112632751,0.6876362562179565,0.5561551451683044,0.6834055185317993,0.5410442352294922,0.6516934633255005,0.5672780275344849,0.6576782464981079,0.5135391354560852,0.6718837022781372,0.5165539979934692,0.6653745174407959,0.479184627532959,0.5374011993408203,0.590911328792572,0.5473009347915649,0.436954528093338,0.7169477939605713,0.5567572116851807,0.7536453008651733,0.44649797677993774,0.8988468050956726,0.5537504553794861,0.9250528216362,0.46310168504714966,0.9170719385147095,0.5706524848937988,0.94014972448349,0.4718847870826721,0.920132577419281,0.5662505626678467,0.9353489279747009,0.4629155695438385,0.9134926795959473,0.5578646063804626,0.9292530417442322
Upward_Bow_Pose (48),Upward_Bow,5,0.22819146513938904,0.46425992250442505,0.24793195724487305,0.4820560812950134,0.25131815671920776,0.48017773032188416,0.2548989951610565,0.4783886671066284,0.24775075912475586,0.4808945655822754,0.25037404894828796,0.47837358713150024,0.2541656196117401,0.4754489064216614,0.2793595790863037,0.4501277506351471,0.27687323093414307,0.4460946321487427,0.2303486466407776,0.43358922004699707,0.23039868474006653,0.4344572126865387,0.2971031665802002,0.35049036145210266,0.2851860523223877,0.3431811034679413,0.2481740117073059,0.5381188988685608,0.22563797235488892,0.5587491393089294,0.2545170485973358,0.7555675506591797,0.23037174344062805,0.7979898452758789,0.2956216633319855,0.7881470918655396,0.25496166944503784,0.8283780813217163,0.300586462020874,0.7910638451576233,0.2696053683757782,0.8193585276603699,0.29050785303115845,0.7834212183952332,0.26211079955101013,0.8116723299026489
Upward_Bow_Pose (50),Upward_Bow,5,0.09999489784240723,0.5772885084152222,0.11848358809947968,0.5804693698883057,0.12141048908233643,0.5770182609558105,0.12445370852947235,0.5739234685897827,0.11815312504768372,0.5804973244667053,0.12030211091041565,0.5775827765464783,0.12335172295570374,0.5740412473678589,0.14638492465019226,0.5376566648483276,0.14247922599315643,0.5380899906158447,0.09586519002914429,0.5492608547210693,0.09549584984779358,0.551319420337677,0.14316125214099884,0.412882924079895,0.12606213986873627,0.432813435792923,0.08272954821586609,0.6402407884597778,0.05409935116767883,0.6686159372329712,0.12723864614963531,0.8386651277542114,0.1088692843914032,0.9159022569656372,0.16399948298931122,0.8657090663909912,0.15217255055904388,0.9339802265167236,0.16965888440608978,0.8643057346343994,0.16120117902755737,0.9223155975341797,0.16048027575016022,0.8572952747344971,0.15048471093177795,0.91126549243927
Upward_Bow_Pose (51),Upward_Bow,5,0.796467661857605,0.7440680861473083,0.7685418725013733,0.7475689649581909,0.765652060508728,0.7464134097099304,0.7629744410514832,0.7451390027999878,0.767949104309082,0.7482849359512329,0.7650797963142395,0.7475797533988953,0.7620213031768799,0.746922492980957,0.7450941801071167,0.7305612564086914,0.7415863871574402,0.7332994937896729,0.7943242788314819,0.7299894094467163,0.795474112033844,0.731423556804657,0.7589190006256104,0.676608681678772,0.721620500087738,0.6784288287162781,0.84992516040802,0.756546676158905,0.7689065933227539,0.7396997213363647,0.8706058859825134,0.8552941083908081,0.8018516898155212,0.8412337899208069,0.8633705973625183,0.8707964420318604,0.8004245758056641,0.8582252264022827,0.8545223474502563,0.8715629577636719,0.811222493648529,0.8563759326934814,0.8547300696372986,0.8670419454574585,0.808556854724884,0.8534871935844421
Upward_Bow_Pose (52),Upward_Bow,5,0.856468915939331,0.6844704151153564,0.8535424470901489,0.7018399238586426,0.8505159616470337,0.7023988962173462,0.8475211262702942,0.7029557228088379,0.8536786437034607,0.7017476558685303,0.8504987955093384,0.7025243043899536,0.8474817276000977,0.7031275033950806,0.810417890548706,0.7034651637077332,0.8088963031768799,0.7056504487991333,0.8330636620521545,0.673268735408783,0.8324589133262634,0.6719169616699219,0.7225059270858765,0.6702219247817993,0.7009585499763489,0.6710976958274841,0.8104854822158813,0.7962244749069214,0.7786332368850708,0.7958366870880127,0.8681521415710449,0.9363951086997986,0.8186824321746826,0.9080347418785095,0.8719351291656494,0.949133574962616,0.811477780342102,0.9378329515457153,0.8557016849517822,0.9493478536605835,0.8111191987991333,0.9394201040267944,0.8577190637588501,0.945836067199707,0.8132925629615784,0.9292590618133545
Upward_Bow_Pose (53),Upward_Bow,5,0.7782268524169922,0.4649043083190918,0.7655349969863892,0.47783172130584717,0.7632102370262146,0.4763016998767853,0.7606624960899353,0.47505855560302734,0.7655069828033447,0.4769342839717865,0.7631440162658691,0.47463923692703247,0.760578989982605,0.4726206362247467,0.7407158613204956,0.4495392441749573,0.7409873604774475,0.44583749771118164,0.7745868563652039,0.43650496006011963,0.7747845649719238,0.43502816557884216,0.7308458685874939,0.3951480984687805,0.7092894315719604,0.3568550944328308,0.7822966575622559,0.5883550643920898,0.7621917724609375,0.5423840284347534,0.7754972577095032,0.8155809640884399,0.7571163773536682,0.7530174255371094,0.7530198097229004,0.8521203994750977,0.7237382531166077,0.7788708209991455,0.7362968921661377,0.8501683473587036,0.7183109521865845,0.7877686023712158,0.7436459064483643,0.8344961404800415,0.7281433343887329,0.7792501449584961
Upward_Bow_Pose (55),Upward_Bow,5,0.7842639684677124,0.3731060028076172,0.7905062437057495,0.39890313148498535,0.7890633344650269,0.4016634523868561,0.7875574827194214,0.40451672673225403,0.7902214527130127,0.39712196588516235,0.7885618209838867,0.39867299795150757,0.786920428276062,0.4004378914833069,0.7631042003631592,0.4217832684516907,0.7649442553520203,0.41442573070526123,0.7666714191436768,0.3672133684158325,0.7666558623313904,0.36486750841140747,0.7014745473861694,0.41599151492118835,0.6787722110748291,0.3662189245223999,0.7621653079986572,0.570710301399231,0.738416314125061,0.5375921726226807,0.787560760974884,0.7443059682846069,0.7623424530029297,0.7070872187614441,0.7837835550308228,0.7878815531730652,0.7438883185386658,0.7494361400604248,0.7745237350463867,0.7857465744018555,0.7438178658485413,0.7506941556930542,0.7738267183303833,0.768271803855896,0.7485671639442444,0.7399353981018066
Upward_Bow_Pose (56),Upward_Bow,5,0.3923459053039551,0.5004743933677673,0.4022050201892853,0.5055792331695557,0.40388479828834534,0.5045948028564453,0.40514934062957764,0.5040767192840576,0.40233713388442993,0.5036538243293762,0.40315163135528564,0.5018819570541382,0.4035363793373108,0.4994075298309326,0.41350704431533813,0.4884570240974426,0.41270655393600464,0.4839150607585907,0.38886719942092896,0.48715364933013916,0.38850679993629456,0.4853884279727936,0.4125446677207947,0.4352625608444214,0.41024094820022583,0.4347519278526306,0.37600231170654297,0.5189253091812134,0.3731043338775635,0.5278807282447815,0.37125369906425476,0.6033164858818054,0.36703306436538696,0.6224566698074341,0.3876512050628662,0.6141254305839539,0.3802468180656433,0.6314691305160522,0.3905292749404907,0.6144158840179443,0.3844856917858124,0.6315225958824158,0.38271069526672363,0.6122257709503174,0.37983667850494385,0.6255832314491272
Upward_Bow_Pose (57),Upward_Bow,5,0.7580505609512329,0.5214829444885254,0.7502472996711731,0.5452954173088074,0.7489290237426758,0.544204831123352,0.7477067708969116,0.5432356595993042,0.7487115263938904,0.548060417175293,0.7464777231216431,0.5490907430648804,0.7439733743667603,0.5481692552566528,0.7265047430992126,0.5305096507072449,0.7219165563583374,0.5412541627883911,0.7522799968719482,0.49780112504959106,0.7511382102966309,0.49857643246650696,0.7087692022323608,0.4498375952243805,0.6730289459228516,0.467634379863739,0.7245819568634033,0.623690664768219,0.675740659236908,0.6413320302963257,0.6915208697319031,0.8499455451965332,0.630538821220398,0.8020033836364746,0.6687196493148804,0.8764456510543823,0.6169518232345581,0.8252377510070801,0.6594682931900024,0.8666054010391235,0.6305093169212341,0.8184366226196289,0.6683667898178101,0.8568806648254395,0.6356130242347717,0.8133920431137085
Upward_Bow_Pose (6),Upward_Bow,5,0.7399935126304626,0.7063582539558411,0.7217227220535278,0.7121822237968445,0.7188820242881775,0.7110310196876526,0.7159664630889893,0.7095892429351807,0.7214717864990234,0.7127761840820312,0.718536376953125,0.7122024297714233,0.7156490683555603,0.7114160656929016,0.6925933957099915,0.6953229904174805,0.6926568746566772,0.6981127858161926,0.7329432964324951,0.6919980049133301,0.7338566184043884,0.6934393644332886,0.6695222854614258,0.6382989883422852,0.660322904586792,0.632556140422821,0.7447630167007446,0.7385497689247131,0.7368761301040649,0.7306713461875916,0.7777159214019775,0.8411523699760437,0.771915078163147,0.8202753663063049,0.7640711069107056,0.8603223562240601,0.7564824819564819,0.8389115333557129,0.7536207437515259,0.8594117760658264,0.751021146774292,0.8417559862136841,0.7591619491577148,0.8526474833488464,0.7535383701324463,0.833220899105072
Upward_Bow_Pose (63),Upward_Bow,5,0.2943449318408966,0.340894877910614,0.305740624666214,0.3562440276145935,0.3076780438423157,0.3553450107574463,0.3099161982536316,0.35464930534362793,0.3061411380767822,0.35593631863594055,0.3083145022392273,0.35491979122161865,0.3107113540172577,0.35404545068740845,0.33029061555862427,0.3356826603412628,0.3291725218296051,0.33377212285995483,0.2980148196220398,0.317035973072052,0.2976229786872864,0.3168850541114807,0.350547194480896,0.2528742253780365,0.33964118361473083,0.25021183490753174,0.2930667996406555,0.37704789638519287,0.26458537578582764,0.37958645820617676,0.2861906588077545,0.5005435347557068,0.25689688324928284,0.5195136070251465,0.30414870381355286,0.5233911275863647,0.2703178822994232,0.5405755043029785,0.3072376847267151,0.5233092308044434,0.28096404671669006,0.541028618812561,0.3018133044242859,0.5130237340927124,0.2776222825050354,0.532827615737915
Upward_Bow_Pose (64),Upward_Bow,5,0.19105380773544312,0.5174375772476196,0.20711618661880493,0.5368407964706421,0.2104368507862091,0.5352983474731445,0.21390041708946228,0.5334319472312927,0.20631349086761475,0.5407683253288269,0.20856568217277527,0.539240300655365,0.21122205257415771,0.5379418134689331,0.23606956005096436,0.4980156421661377,0.23779618740081787,0.4977610111236572,0.20065665245056152,0.4805627465248108,0.1998644471168518,0.47767138481140137,0.2803466320037842,0.3719787895679474,0.27227386832237244,0.38947370648384094,0.26209142804145813,0.5120260715484619,0.2145460844039917,0.5759992003440857,0.30238738656044006,0.6696290969848633,0.2510470449924469,0.7661070823669434,0.3196796774864197,0.685201108455658,0.2780378460884094,0.7948771715164185,0.32213884592056274,0.686156690120697,0.2874893844127655,0.7836627960205078,0.31499791145324707,0.6859084963798523,0.28348422050476074,0.7686344981193542
Upward_Bow_Pose (66),Upward_Bow,5,0.25822529196739197,0.6381345391273499,0.2712968587875366,0.6458636522293091,0.27339884638786316,0.6452186107635498,0.2763141691684723,0.6445168256759644,0.27211594581604004,0.6453495025634766,0.2744887173175812,0.6442766785621643,0.2777324318885803,0.6430959701538086,0.3004620373249054,0.629492998123169,0.30087774991989136,0.6268587112426758,0.2631494998931885,0.6192970871925354,0.2637442946434021,0.6183454990386963,0.36117494106292725,0.5729291439056396,0.34274470806121826,0.5645079612731934,0.452293336391449,0.6589206457138062,0.44526487588882446,0.6600630283355713,0.49878063797950745,0.763103723526001,0.49809253215789795,0.7772136926651001,0.5260850787162781,0.7887622117996216,0.5245158672332764,0.8074431419372559,0.521122395992279,0.788215696811676,0.5207901000976562,0.8079413175582886,0.5144827365875244,0.7813845276832581,0.5148614048957825,0.8005287647247314
Upward_Bow_Pose (71),Upward_Bow,5,0.5271419286727905,0.5424214601516724,0.5394689440727234,0.5580093264579773,0.5396770238876343,0.5571775436401367,0.5419555902481079,0.558565080165863,0.5391331911087036,0.5577670931816101,0.5392154455184937,0.5570189952850342,0.5392413139343262,0.556069016456604,0.5476382374763489,0.544815182685852,0.5472638607025146,0.5448227524757385,0.5301280617713928,0.5380182862281799,0.5303466320037842,0.53769451379776,0.553623616695404,0.5031533241271973,0.5490356683731079,0.514301061630249,0.5125536322593689,0.5831317901611328,0.5055767297744751,0.5870133638381958,0.5115808844566345,0.6545336246490479,0.5087104439735413,0.6670385599136353,0.5289205312728882,0.6672409772872925,0.5238173007965088,0.6771960258483887,0.5328279733657837,0.6677842736244202,0.5283910036087036,0.6762011051177979,0.5269795656204224,0.6634337902069092,0.5235755443572998,0.6719242334365845
Upward_Bow_Pose (73),Upward_Bow,5,0.6721543073654175,0.4273964464664459,0.668570339679718,0.4527468681335449,0.6661691069602966,0.4545033276081085,0.6635823845863342,0.45661982893943787,0.6692344546318054,0.4537413716316223,0.6675504446029663,0.45590150356292725,0.6657463312149048,0.45843446254730225,0.6442735195159912,0.46224740147590637,0.6474046111106873,0.46021777391433716,0.6597833633422852,0.414629727602005,0.6608148813247681,0.41381409764289856,0.6190729141235352,0.42355242371559143,0.6086673140525818,0.4093565046787262,0.6991039514541626,0.4995945692062378,0.6671823859214783,0.4766193926334381,0.7398076057434082,0.62762451171875,0.7042794227600098,0.5959277153015137,0.740058958530426,0.6624718904495239,0.7007025480270386,0.629162073135376,0.7343588471412659,0.6717634797096252,0.699479877948761,0.6323102712631226,0.7321288585662842,0.658643901348114,0.7004473209381104,0.6235330104827881
Upward_Bow_Pose (76),Upward_Bow,5,0.31565284729003906,0.5430610179901123,0.32842016220092773,0.5490214824676514,0.3305739760398865,0.5477502942085266,0.3327959179878235,0.5460453033447266,0.32694247364997864,0.5495331883430481,0.32813239097595215,0.5487873554229736,0.32925742864608765,0.5479119420051575,0.3443851172924042,0.5282237529754639,0.34068819880485535,0.5281131267547607,0.31497371196746826,0.5235049724578857,0.31413733959198,0.5244743227958679,0.3558182120323181,0.45436549186706543,0.3371363580226898,0.46281880140304565,0.29396194219589233,0.5720443725585938,0.27819666266441345,0.5754762291908264,0.27507448196411133,0.701854944229126,0.2599546015262604,0.7190526723861694,0.2813510298728943,0.7249045372009277,0.2637879252433777,0.7408527135848999,0.28485774993896484,0.7285966873168945,0.2707303762435913,0.740188717842102,0.2835090160369873,0.7222592830657959,0.2700767517089844,0.7335840463638306
Upward_Bow_Pose (81),Upward_Bow,5,0.6610402464866638,0.6605199575424194,0.645456850528717,0.6640832424163818,0.6439706087112427,0.6623063087463379,0.6423568725585938,0.6605085134506226,0.6470388770103455,0.6642953753471375,0.6461848616600037,0.6631795167922974,0.645203709602356,0.6619648337364197,0.6354585289955139,0.635937511920929,0.6357296705245972,0.6412187814712524,0.6629627346992493,0.6418642997741699,0.6643397808074951,0.6427544951438904,0.6400603652000427,0.5734269618988037,0.6247888803482056,0.5676392912864685,0.7040002346038818,0.6835073232650757,0.6820008754730225,0.6655973196029663,0.7196810245513916,0.8185839653015137,0.6984193921089172,0.7801723480224609,0.7044656276702881,0.841690719127655,0.6752060651779175,0.7993173599243164,0.6917809247970581,0.8393985629081726,0.6694990396499634,0.8035712838172913,0.6969581842422485,0.829005241394043,0.6751661896705627,0.7981352806091309
Upward_Bow_Pose (84),Upward_Bow,5,0.615990161895752,0.8025619387626648,0.609760046005249,0.8069407939910889,0.6090137362480164,0.806126058101654,0.6082093119621277,0.8052034974098206,0.6098774671554565,0.8077130317687988,0.6091281175613403,0.8076236248016357,0.6082608699798584,0.8074239492416382,0.6020605564117432,0.7939367890357971,0.601561427116394,0.7952277660369873,0.6158677339553833,0.7914547920227051,0.6154603362083435,0.7932485938072205,0.598121166229248,0.7570674419403076,0.5921640396118164,0.7511059641838074,0.62849360704422,0.8292629718780518,0.6187685132026672,0.8244886994361877,0.6353576183319092,0.9183054566383362,0.620046854019165,0.8935105800628662,0.6291561722755432,0.9284316897392273,0.6125169396400452,0.9057992696762085,0.6246671676635742,0.9270575046539307,0.6109241247177124,0.905864417552948,0.6261523365974426,0.9232451319694519,0.6136891841888428,0.9033281803131104
Upward_Bow_Pose (85),Upward_Bow,5,0.6995576620101929,0.5056706666946411,0.6780374050140381,0.5104668140411377,0.6753313541412354,0.5086932182312012,0.6722872257232666,0.5070623159408569,0.6784530878067017,0.5117378830909729,0.6764413714408875,0.5107495784759521,0.6740819811820984,0.5097495913505554,0.6587497591972351,0.4833774268627167,0.6582841277122498,0.4880082607269287,0.7022801041603088,0.4821995198726654,0.7017790079116821,0.4839105010032654,0.65831458568573,0.42096900939941406,0.6529408693313599,0.414806604385376,0.6811431050300598,0.5882188081741333,0.6655831336975098,0.5630223751068115,0.663353681564331,0.7484186887741089,0.6471998691558838,0.7201064229011536,0.6394133567810059,0.7718009948730469,0.6164789795875549,0.7356002330780029,0.6296957731246948,0.7690538167953491,0.6149992942810059,0.7401521801948547,0.6407259702682495,0.7629604339599609,0.625044047832489,0.7360844612121582
Upward_Bow_Pose (86),Upward_Bow,5,0.28069135546684265,0.6566471457481384,0.3034970164299011,0.6643838286399841,0.3072211742401123,0.6630790829658508,0.3107171952724457,0.6618345975875854,0.301723450422287,0.6646497249603271,0.3035105764865875,0.6640466451644897,0.30542632937431335,0.6634103059768677,0.32599973678588867,0.6453876495361328,0.31904906034469604,0.645833432674408,0.2801620066165924,0.6410848498344421,0.27683037519454956,0.6419872641563416,0.3384578824043274,0.5913001894950867,0.2969464361667633,0.6018230319023132,0.27675002813339233,0.6873915195465088,0.21897399425506592,0.704802393913269,0.29296165704727173,0.7808969020843506,0.21422597765922546,0.8173462748527527,0.3225591778755188,0.8012414574623108,0.241786926984787,0.8387545347213745,0.32858583331108093,0.8001351356506348,0.25873690843582153,0.8331820964813232,0.3140055537223816,0.792975664138794,0.2544926404953003,0.823259711265564
Upward_Bow_Pose (87),Upward_Bow,5,0.5785874128341675,0.560415506362915,0.5602830648422241,0.5708836317062378,0.5564156174659729,0.5688488483428955,0.5520497560501099,0.5663315653800964,0.5664038062095642,0.571647047996521,0.5669887661933899,0.5702961087226868,0.5677240490913391,0.5692946314811707,0.5337686538696289,0.5403786897659302,0.5536948442459106,0.5454814434051514,0.5756042003631592,0.5299939513206482,0.5834357142448425,0.5318676233291626,0.48229578137397766,0.43467527627944946,0.5808182954788208,0.43563273549079895,0.5040335059165955,0.6487995386123657,0.6160501837730408,0.6131389737129211,0.5145983695983887,0.8564459085464478,0.5988616347312927,0.8017147779464722,0.5166139006614685,0.8731040954589844,0.5844741463661194,0.829792857170105,0.5094870328903198,0.8804992437362671,0.5776604413986206,0.8309999704360962,0.5170795321464539,0.8701015710830688,0.5832603573799133,0.824565052986145
Upward_Bow_Pose (88),Upward_Bow,5,0.6914256811141968,0.5899296998977661,0.676388680934906,0.6028274893760681,0.674598217010498,0.6010085344314575,0.6725809574127197,0.5988376140594482,0.6760382652282715,0.6023331880569458,0.6743044257164001,0.6005578637123108,0.6723954677581787,0.5987050533294678,0.6551443338394165,0.572932243347168,0.6553953886032104,0.5778253078460693,0.6929472088813782,0.5679407119750977,0.6925379633903503,0.5693210363388062,0.6564757823944092,0.49182960391044617,0.6418859958648682,0.4897327423095703,0.7360307574272156,0.6107524633407593,0.7175977230072021,0.6022218465805054,0.7938270568847656,0.7642555236816406,0.7521921992301941,0.7315788269042969,0.7964480519294739,0.7843608856201172,0.7525467276573181,0.7620132565498352,0.7865248918533325,0.7847550511360168,0.7519891262054443,0.7623043656349182,0.7868156433105469,0.7805016040802002,0.7497771978378296,0.7527602910995483
Upward_Bow_Pose (9),Upward_Bow,5,0.26844480633735657,0.5816726088523865,0.28950658440589905,0.5820510387420654,0.29110562801361084,0.5810600519180298,0.2931203544139862,0.5801679491996765,0.29413852095603943,0.5808528661727905,0.2988247871398926,0.579203724861145,0.3038436472415924,0.5778326392173767,0.30335989594459534,0.5584572553634644,0.32722750306129456,0.559533953666687,0.26230859756469727,0.5635748505592346,0.2703445255756378,0.5621781945228577,0.24783870577812195,0.47979968786239624,0.3549046516418457,0.4959704875946045,0.13469451665878296,0.576055109500885,0.2533916234970093,0.611903190612793,0.11637139320373535,0.690791130065918,0.191818505525589,0.7226008772850037,0.12653812766075134,0.7094618082046509,0.1839597225189209,0.7415902614593506,0.14709272980690002,0.7163074016571045,0.1940074861049652,0.7426613569259644,0.14577406644821167,0.710044264793396,0.2030571699142456,0.7353416681289673
Upward_Bow_Pose (90),Upward_Bow,5,0.5906931757926941,0.49042239785194397,0.5903369188308716,0.4899907112121582,0.589198648929596,0.4891303479671478,0.5881162285804749,0.4882561266422272,0.5932661294937134,0.49117133021354675,0.5946942567825317,0.49108076095581055,0.5962018966674805,0.4910319745540619,0.5865972638130188,0.4800625741481781,0.5974929928779602,0.4837633967399597,0.5859146118164062,0.4856650233268738,0.5919334292411804,0.4871126115322113,0.5690131783485413,0.46492359042167664,0.6068634390830994,0.4756816029548645,0.5426068305969238,0.5037343502044678,0.6100534796714783,0.5165822505950928,0.5337206125259399,0.5572413802146912,0.6207865476608276,0.5716418623924255,0.5325446724891663,0.5667001605033875,0.6261889338493347,0.584933340549469,0.5325268507003784,0.5650923252105713,0.6273736357688904,0.5831435918807983,0.5339821577072144,0.562610924243927,0.6219762563705444,0.5791984796524048
Upward_Bow_Pose (92),Upward_Bow,5,0.6862767934799194,0.6690471768379211,0.6738017797470093,0.6746772527694702,0.6722612380981445,0.6731157302856445,0.6705424189567566,0.671455979347229,0.6739468574523926,0.6749105453491211,0.6726608872413635,0.6736700534820557,0.6711487174034119,0.6723030209541321,0.6606172323226929,0.6519874930381775,0.6602234244346619,0.6527155637741089,0.6868399381637573,0.6521696448326111,0.6866352558135986,0.6533316373825073,0.6606185436248779,0.5858047008514404,0.6518203020095825,0.5809779167175293,0.7203444242477417,0.6889292001724243,0.7086044549942017,0.6894071698188782,0.7660822868347168,0.8101622462272644,0.7505168914794922,0.7882494330406189,0.780816912651062,0.8228068947792053,0.75649094581604,0.8027782440185547,0.7727187275886536,0.8224895000457764,0.7564390897750854,0.8030192852020264,0.7688038945198059,0.8204694986343384,0.7549642324447632,0.8012129068374634
Upward_Bow_Pose (95),Upward_Bow,5,0.26401662826538086,0.3142831325531006,0.2706546187400818,0.32700997591018677,0.2715834677219391,0.32695236802101135,0.2723371088504791,0.3273783028125763,0.27051258087158203,0.3261217772960663,0.27258434891700745,0.32495835423469543,0.27406662702560425,0.32445311546325684,0.28821244835853577,0.3170499801635742,0.2894114851951599,0.3154981732368469,0.2664848864078522,0.2982928454875946,0.2659265100955963,0.29833853244781494,0.3278723359107971,0.27006322145462036,0.3268195390701294,0.26125940680503845,0.2640979588031769,0.36867135763168335,0.2526569366455078,0.36360955238342285,0.2742484509944916,0.4904816746711731,0.2620566785335541,0.49213629961013794,0.2919534742832184,0.5090733170509338,0.2772440016269684,0.5117929577827454,0.30666786432266235,0.5098384022712708,0.2900935411453247,0.5124912858009338,0.2993690073490143,0.5042408108711243,0.2853703498840332,0.507574200630188
Upward_Bow_Pose (97),Upward_Bow,5,0.6625555753707886,0.660816490650177,0.646122395992279,0.6645113825798035,0.644273042678833,0.6630222797393799,0.6428269147872925,0.6610522866249084,0.6476792097091675,0.6645817160606384,0.6467649936676025,0.6633718013763428,0.6457039713859558,0.6620991230010986,0.6355650424957275,0.6369023323059082,0.6363738179206848,0.6416266560554504,0.6643041968345642,0.6428495645523071,0.6657763123512268,0.643467903137207,0.6412230730056763,0.5738561153411865,0.6264287829399109,0.5672445297241211,0.7074258327484131,0.6799060702323914,0.6818932890892029,0.6660473346710205,0.7205080986022949,0.8176077008247375,0.7017782926559448,0.7817409038543701,0.702832818031311,0.8385868668556213,0.6781283020973206,0.8012948036193848,0.6907802820205688,0.8379058837890625,0.67389315366745,0.809287428855896,0.6964608430862427,0.8278490304946899,0.6800057888031006,0.8028408288955688
